article_uri,article_local,document_uri,id_local,article_number,dcterms_subject,source_date_start,content_uri,content,content_length
https://w3id.org/semleg/legimaintlex/resource/document/arrete-du-11-septembre-2007-modifiant-le-code-de-procedure-penale-quatrieme-part-ae543c2bb126/article/article-JORFTEXT000000430412-209,article-JORFTEXT000000430412-209,https://w3id.org/semleg/legimaintlex/resource/document/arrete-du-11-septembre-2007-modifiant-le-code-de-procedure-penale-quatrieme-part-ae543c2bb126,JORFTEXT000000430412,,['Accessibilité handicapés'],2007-09-11,https://w3id.org/semleg/legimaintlex/resource/document/arrete-du-11-septembre-2007-modifiant-le-code-de-procedure-penale-quatrieme-part-ae543c2bb126/article/article-JORFTEXT000000430412-209/content,"Dans le chapitre Ier du titre XI du livre V du code de procédure pénale, le tableau figurant à l'article A. 44 du code de procédure pénale est modifié comme suit : Vous pouvez consulter le tableau dans le JO n° 229 du 03/10/2007 texte numéro 16",244
https://w3id.org/semleg/legimaintlex/resource/document/arrete-du-11-septembre-2007-modifiant-le-code-de-procedure-penale-quatrieme-part-ae543c2bb126/article/article-JORFTEXT000000430412-210,article-JORFTEXT000000430412-210,https://w3id.org/semleg/legimaintlex/resource/document/arrete-du-11-septembre-2007-modifiant-le-code-de-procedure-penale-quatrieme-part-ae543c2bb126,JORFTEXT000000430412,,['Accessibilité handicapés'],2007-09-11,https://w3id.org/semleg/legimaintlex/resource/document/arrete-du-11-septembre-2007-modifiant-le-code-de-procedure-penale-quatrieme-part-ae543c2bb126/article/article-JORFTEXT000000430412-210/content,"Dans la section 1 du chapitre II du titre II du livre V du code de procédure pénale, l'article A. 39-1 est ainsi modifié : I. - Après le vingt-quatrième alinéa, il est ajouté un alinéa ainsi rédigé : « Quartier centre de détention du centre pénitentiaire de Lille-Loos-Sequedin (commune de Loos-lès-Lille, Nord). » II. - Le vingt-sixième alinéa est supprimé.",358
https://w3id.org/semleg/legimaintlex/resource/document/arrete-du-11-septembre-2007-portant-organisation-interne-de-la-direction-de-la-m-1eefc9f4392a/article/article-JORFTEXT000000650087-202,article-JORFTEXT000000650087-202,https://w3id.org/semleg/legimaintlex/resource/document/arrete-du-11-septembre-2007-portant-organisation-interne-de-la-direction-de-la-m-1eefc9f4392a,JORFTEXT000000650087,,['Accessibilité handicapés'],2007-09-11,https://w3id.org/semleg/legimaintlex/resource/document/arrete-du-11-septembre-2007-portant-organisation-interne-de-la-direction-de-la-m-1eefc9f4392a/article/article-JORFTEXT000000650087-202/content,"La sous-direction des affaires politiques et de la vie associative comprend : - le bureau des élections et des études politiques ; - le bureau des groupements et associations ; - le bureau central des cultes ; - le bureau des cultes du Bas-Rhin, du Haut-Rhin et de la Moselle ; - la cellule du dépôt légal des périodiques.",322
https://w3id.org/semleg/legimaintlex/resource/document/arrete-du-11-septembre-2007-portant-organisation-interne-de-la-direction-de-la-m-1eefc9f4392a/article/article-JORFTEXT000000650087-203,article-JORFTEXT000000650087-203,https://w3id.org/semleg/legimaintlex/resource/document/arrete-du-11-septembre-2007-portant-organisation-interne-de-la-direction-de-la-m-1eefc9f4392a,JORFTEXT000000650087,,['Accessibilité handicapés'],2007-09-11,https://w3id.org/semleg/legimaintlex/resource/document/arrete-du-11-septembre-2007-portant-organisation-interne-de-la-direction-de-la-m-1eefc9f4392a/article/article-JORFTEXT000000650087-203/content,L'arrêté du 20 février 2002 portant organisation interne de la direction générale de l'administration est abrogé.,113
https://w3id.org/semleg/legimaintlex/resource/document/arrete-du-11-septembre-2007-portant-organisation-interne-de-la-direction-de-la-m-1eefc9f4392a/article/article-JORFTEXT000000650087-204,article-JORFTEXT000000650087-204,https://w3id.org/semleg/legimaintlex/resource/document/arrete-du-11-septembre-2007-portant-organisation-interne-de-la-direction-de-la-m-1eefc9f4392a,JORFTEXT000000650087,,['Accessibilité handicapés'],2007-09-11,https://w3id.org/semleg/legimaintlex/resource/document/arrete-du-11-septembre-2007-portant-organisation-interne-de-la-direction-de-la-m-1eefc9f4392a/article/article-JORFTEXT000000650087-204/content,La sous-direction du corps préfectoral et des administrateurs civils comprend : - la mission chargée de la politique de mobilité et de débouchés ; - le bureau de la gestion du corps préfectoral et des administrateurs civils ; - le bureau du management du corps préfectoral et des administrateurs civils.,303
https://w3id.org/semleg/legimaintlex/resource/document/arrete-du-11-septembre-2007-portant-organisation-interne-de-la-direction-de-la-m-1eefc9f4392a/article/article-JORFTEXT000000650087-205,article-JORFTEXT000000650087-205,https://w3id.org/semleg/legimaintlex/resource/document/arrete-du-11-septembre-2007-portant-organisation-interne-de-la-direction-de-la-m-1eefc9f4392a,JORFTEXT000000650087,,['Accessibilité handicapés'],2007-09-11,https://w3id.org/semleg/legimaintlex/resource/document/arrete-du-11-septembre-2007-portant-organisation-interne-de-la-direction-de-la-m-1eefc9f4392a/article/article-JORFTEXT000000650087-205/content,La sous-direction de l'administration territoriale comprend : - le bureau de l'organisation et des missions de l'administration territoriale ; - le bureau de la performance et des moyens de l'administration territoriale ; - le bureau des instruments de pilotage de l'action territoriale.,287
https://w3id.org/semleg/legimaintlex/resource/document/arrete-du-11-septembre-2007-portant-organisation-interne-de-la-direction-des-res-fffef4d857d6/article/article-JORFTEXT000000464729-206,article-JORFTEXT000000464729-206,https://w3id.org/semleg/legimaintlex/resource/document/arrete-du-11-septembre-2007-portant-organisation-interne-de-la-direction-des-res-fffef4d857d6,JORFTEXT000000464729,,['Accessibilité handicapés'],2007-09-11,https://w3id.org/semleg/legimaintlex/resource/document/arrete-du-11-septembre-2007-portant-organisation-interne-de-la-direction-des-res-fffef4d857d6/article/article-JORFTEXT000000464729-206/content,"La sous-direction des personnels comprend : - le bureau des personnels administratifs ; - le bureau des personnels techniques et spécialisés ; - le bureau des finances, de la paie et de la prévision ; - le bureau des affaires générales, des études et des statuts ; - la mission des projets professionnels.",305
https://w3id.org/semleg/legimaintlex/resource/document/arrete-du-11-septembre-2007-portant-organisation-interne-de-la-direction-des-res-fffef4d857d6/article/article-JORFTEXT000000464729-207,article-JORFTEXT000000464729-207,https://w3id.org/semleg/legimaintlex/resource/document/arrete-du-11-septembre-2007-portant-organisation-interne-de-la-direction-des-res-fffef4d857d6,JORFTEXT000000464729,,['Accessibilité handicapés'],2007-09-11,https://w3id.org/semleg/legimaintlex/resource/document/arrete-du-11-septembre-2007-portant-organisation-interne-de-la-direction-des-res-fffef4d857d6/article/article-JORFTEXT000000464729-207/content,"La sous-direction de l'action sociale comprend : - le bureau des actions sanitaires et sociales ; - le bureau des moyens, de l'évaluation et de la prospective ; - le bureau des pensions et allocations d'invalidité.",214
https://w3id.org/semleg/legimaintlex/resource/document/arrete-du-11-septembre-2007-portant-organisation-interne-de-la-direction-des-res-fffef4d857d6/article/article-JORFTEXT000000464729-208,article-JORFTEXT000000464729-208,https://w3id.org/semleg/legimaintlex/resource/document/arrete-du-11-septembre-2007-portant-organisation-interne-de-la-direction-des-res-fffef4d857d6,JORFTEXT000000464729,,['Accessibilité handicapés'],2007-09-11,https://w3id.org/semleg/legimaintlex/resource/document/arrete-du-11-septembre-2007-portant-organisation-interne-de-la-direction-des-res-fffef4d857d6/article/article-JORFTEXT000000464729-208/content,"La sous-direction du recrutement et de la formation comprend : - le bureau des formations ; - le bureau des ressources, de l'information et de l'accueil ; - le bureau du recrutement et de la promotion professionnelle.",217
https://w3id.org/semleg/legimaintlex/resource/document/arrete-du-11-septembre-2007-pris-en-application-du-decret-n-2007-1334-du-11-sept-e195cd134e8f/article/article-JORFTEXT000000823439-188,article-JORFTEXT000000823439-188,https://w3id.org/semleg/legimaintlex/resource/document/arrete-du-11-septembre-2007-pris-en-application-du-decret-n-2007-1334-du-11-sept-e195cd134e8f,JORFTEXT000000823439,,['Accessibilité handicapés'],2007-09-11,https://w3id.org/semleg/legimaintlex/resource/document/arrete-du-11-septembre-2007-pris-en-application-du-decret-n-2007-1334-du-11-sept-e195cd134e8f/article/article-JORFTEXT000000823439-188/content,"A la suite d'un contrôle, si le montant constaté est supérieur ou égal au montant déclaré, alors le montant de l'aide est le montant déclaré. Si, en revanche, le montant constaté est inférieur au montant déclaré, alors le montant de l'aide est égal au montant constaté réduit le cas échéant par une pénalité liée à l'amplitude de l'écart entre montant déclaré et montant constaté. Cette pénalité : - est nulle si l'écart est inférieur ou égal à 3 % ; - est égale au double de l'écart si celui-ci est supérieur à 3 % et inférieur ou égal à 20 % ; - a pour conséquence de ramener le montant de l'indemnité à 0 lorsque l'écart est supérieur à 20 %. Si l'écart est supérieur à 50 %, les indemnités éventuellement demandées par le bénéficiaire au titre des années suivantes seront de plus réduites jusqu'à un total cumulé égal à la valeur de l'écart. Aux fins de détermination de l'écart, lorsque la différence entre le chargement calculé à partir des éléments constatés et celui calculé à partir des éléments déclarés conduirait à calculer un montant déclaré et un montant constaté à partir, pour tout ou partie des superficies, de montants unitaires différents car relevant de plages de chargement différentes, alors le montant déclaré est calculé à partir de montants unitaires : - correspondant au chargement calculé à partir des éléments déclarés, pour les zones où celui-ci entraîne un montant unitaire identique ou moins favorable que celui issu des éléments constatés ; - majorés de 5 % par rapport aux montants unitaires correspondant au chargement calculé à partir des éléments constatés, pour les zones où celui-ci entraîne un montant unitaire moins favorable que celui issu des éléments déclarés. Un exploitant peut signaler par écrit à la direction départementale de l'agriculture et de la forêt une donnée incorrecte portée sur sa demande d'aide à condition qu'il n'ait pas été prévenu d'un contrôle sur place ou été informé par l'autorité compétente des irrégularités constatées dans sa demande.",2005
https://w3id.org/semleg/legimaintlex/resource/document/arrete-du-11-septembre-2007-pris-en-application-du-decret-n-2007-1334-du-11-sept-e195cd134e8f/article/article-JORFTEXT000000823439-189,article-JORFTEXT000000823439-189,https://w3id.org/semleg/legimaintlex/resource/document/arrete-du-11-septembre-2007-pris-en-application-du-decret-n-2007-1334-du-11-sept-e195cd134e8f,JORFTEXT000000823439,,['Accessibilité handicapés'],2007-09-11,https://w3id.org/semleg/legimaintlex/resource/document/arrete-du-11-septembre-2007-pris-en-application-du-decret-n-2007-1334-du-11-sept-e195cd134e8f/article/article-JORFTEXT000000823439-189/content,"Le montant accordé à un bénéficiaire ne peut dépasser 108 % de la valorisation de l'indemnité de la campagne précédente calculée avant pénalités et avant application d'un éventuel coefficient de stabilisation, sauf dans les cas suivants : - les agriculteurs qui ont bénéficié des aides à l'installation depuis le début de l'antépénultième année civile précédant la demande ; - les exploitations dont la somme des surfaces fourragères et cultivées primées à l'ICHN est inférieure ou égale à 25 hectares au titre de la campagne précédente ou en cours ; - les GAEC pour lesquels le nombre de parts ICHN a augmenté entre la campagne précédente et la campagne en cours ; - les exploitations situées dans une commune reclassée en handicap supérieur entre la campagne précédente et la campagne en cours ; - les exploitations qui, l'année précédente, ont vu leur ICHN plafonnée à 25 hectares en raison de leurs revenus extérieurs et pour lesquelles le plafonnement n'intervenait pas les années antérieures et n'intervient plus l'année en cours ; - les exploitations de plus de 25 hectares dont la valorisation de l'ICHN écrêtée est inférieure au montant de l'ICHN de ces exploitations valorisée pour 25 hectares. Les exploitants visés aux alinéa 1 à 5 bénéficient d'une levée d'écrêtement complète de leur indemnité. Les exploitants visés au sixième alinéa perçoivent une indemnité limitée à 25 hectares non écrêtée.",1408
https://w3id.org/semleg/legimaintlex/resource/document/arrete-du-11-septembre-2007-pris-en-application-du-decret-n-2007-1334-du-11-sept-e195cd134e8f/article/article-JORFTEXT000000823439-190,article-JORFTEXT000000823439-190,https://w3id.org/semleg/legimaintlex/resource/document/arrete-du-11-septembre-2007-pris-en-application-du-decret-n-2007-1334-du-11-sept-e195cd134e8f,JORFTEXT000000823439,,['Accessibilité handicapés'],2007-09-11,https://w3id.org/semleg/legimaintlex/resource/document/arrete-du-11-septembre-2007-pris-en-application-du-decret-n-2007-1334-du-11-sept-e195cd134e8f/article/article-JORFTEXT000000823439-190/content,La date de la fin de gestion du paiement des indemnités au titre de la campagne de l'année civile en cours est fixée au 31 décembre de l'année civile suivante.,159
https://w3id.org/semleg/legimaintlex/resource/document/arrete-du-11-septembre-2007-pris-en-application-du-decret-n-2007-1334-du-11-sept-e195cd134e8f/article/article-JORFTEXT000000823439-191,article-JORFTEXT000000823439-191,https://w3id.org/semleg/legimaintlex/resource/document/arrete-du-11-septembre-2007-pris-en-application-du-decret-n-2007-1334-du-11-sept-e195cd134e8f,JORFTEXT000000823439,,['Accessibilité handicapés'],2007-09-11,https://w3id.org/semleg/legimaintlex/resource/document/arrete-du-11-septembre-2007-pris-en-application-du-decret-n-2007-1334-du-11-sept-e195cd134e8f/article/article-JORFTEXT000000823439-191/content,"A N N E X E Dans des zones circonscrites des départements suivants déterminées par arrêté préfectoral et justifiées par des conditions d'aridité ou de gestion particulièrement extensive des troupeaux, les préfets peuvent abaisser le seuil de la plage de chargement jusqu'à 0,05 UGB par hectare de surface fourragère. Les départements ou parties de départements concernés sont : les Alpes-de-Haute-Provence, les Alpes-Maritimes, l'Ardèche, l'Aude, la Drôme, le Gard, l'Hérault, le Lot, la Lozère, les Pyrénées-Orientales, le Vaucluse le Var, l'Aveyron et la zone pastorale de la Savoie, de la Haute-Savoie et des Vosges. Dans des zones circonscrites des départements suivants déterminées par arrêté préfectoral et justifiées par une capacité fourragère s'opposant à une utilisation extensive des terres, les préfets peuvent augmenter le plafond de la plage de chargement jusqu'à 2,3 UGB par hectare. Les départements concernés sont : l'Aveyron, le Cantal, la Haute-Garonne, l'Isère, le Lot, la Haute-Savoie et le Tarn. Dans des zones circonscrites des départements suivants déterminées par arrêté préfectoral et justifiées par une capacité fourragère s'opposant à une utilisation extensive des terres, les préfets peuvent augmenter le plafond de la plage de chargement jusqu'à 2,5 UGB par hectare. Les départements concernés sont : l'Indre, les Pyrénées-Atlantiques et les Hautes-Pyrénées. Dans les départements d'outre-mer, le préfet peut accorder l'ICHN au bénéfice d'exploitations dont le chargement dépasse le plafond fixé en métropole à condition que, dans la petite région dont elles relèvent, le chargement moyen n'excède pas 2,5 UGB par hectare.",1652
https://w3id.org/semleg/legimaintlex/resource/document/arrete-du-11-septembre-2007-pris-en-application-du-decret-n-2007-1334-du-11-sept-e195cd134e8f/article/article-JORFTEXT000000823439-192,article-JORFTEXT000000823439-192,https://w3id.org/semleg/legimaintlex/resource/document/arrete-du-11-septembre-2007-pris-en-application-du-decret-n-2007-1334-du-11-sept-e195cd134e8f,JORFTEXT000000823439,,['Accessibilité handicapés'],2007-09-11,https://w3id.org/semleg/legimaintlex/resource/document/arrete-du-11-septembre-2007-pris-en-application-du-decret-n-2007-1334-du-11-sept-e195cd134e8f/article/article-JORFTEXT000000823439-192/content,"Les éleveurs d'équidés sont éligibles sous réserve de détenir au moins 3 UGB répondant aux critères de l'article 4 et aux critères complémentaires suivants : - soit des équins relevant d'une des deux catégories ci-après : - reproducteurs actifs, ce qui signifie, pour les femelles, qu'elles ont fait l'objet d'une déclaration de saillie ou qu'elles ont donné naissance à un produit au cours des 12 derniers mois et, pour les mâles, qu'ils ont obtenu des cartes de saillie pour la monte publique au cours des 12 derniers mois ; - poulains et pouliches âgés d'au moins 6 mois et au plus de 3 ans et non déclarés à l'entraînement au sens des codes des courses ; - soit des UGB non équines. Dans les départements d'outre-mer, les éleveurs d'équidés doivent détenir au moins 2 UGB répondant aux mêmes critères.",805
https://w3id.org/semleg/legimaintlex/resource/document/arrete-du-11-septembre-2007-pris-en-application-du-decret-n-2007-1334-du-11-sept-e195cd134e8f/article/article-JORFTEXT000000823439-193,article-JORFTEXT000000823439-193,https://w3id.org/semleg/legimaintlex/resource/document/arrete-du-11-septembre-2007-pris-en-application-du-decret-n-2007-1334-du-11-sept-e195cd134e8f,JORFTEXT000000823439,,['Accessibilité handicapés'],2007-09-11,https://w3id.org/semleg/legimaintlex/resource/document/arrete-du-11-septembre-2007-pris-en-application-du-decret-n-2007-1334-du-11-sept-e195cd134e8f/article/article-JORFTEXT000000823439-193/content,"1. Dans chaque département, un arrêté préfectoral précise les zones ou sous-zones départementales classées en zone défavorisée. 2. Un arrêté préfectoral annuel fixe, pour chaque zone défavorisée ou sous-zone départementale, la plage de chargement optimale. Cette plage correspond à une exploitation optimale du potentiel fourrager. En dehors de cette plage optimale, des plages supplémentaires sont fixées, auxquelles sont attachées un taux de réduction s'appliquant au montant unitaire par hectare de l'indemnité. La différence de taux entre deux plages distinctes doit être d'au moins 10 %. L'ensemble des plages ainsi définies doit être compris à l'intérieur des normes établies dans le tableau ci-dessous. Vous pouvez consulter le tableau dans le JO n° 211 du 12/09/2007 texte numéro 32 3. Pour les prairies situées dans la zone du marais poitevin, les seuil et plafond de chargement sont respectivement 0,35 et 1,59 UGB/hectare. 4. Dans les communes de la Haute-Corse classées en zone affectée de handicaps spécifiques, les seuil et plafond de chargement sont respectivement 0,15 et 1,9 UGB/hectare. 5. Dans les cas où l'aridité des sols ou la moindre productivité des herbages imposent une gestion particulièrement extensive des troupeaux ou, au contraire, le climat humide propice à la production fourragère s'oppose à une utilisation extensive des terres, les préfets des départements cités en annexe I peuvent fixer, pour une superficie circonscrite de leur département, un seuil ou un plafond situés en dehors des normes limites de chargement précisées dans le paragraphe 2.",1584
https://w3id.org/semleg/legimaintlex/resource/document/arrete-du-11-septembre-2007-pris-en-application-du-decret-n-2007-1334-du-11-sept-e195cd134e8f/article/article-JORFTEXT000000823439-194,article-JORFTEXT000000823439-194,https://w3id.org/semleg/legimaintlex/resource/document/arrete-du-11-septembre-2007-pris-en-application-du-decret-n-2007-1334-du-11-sept-e195cd134e8f,JORFTEXT000000823439,,['Accessibilité handicapés'],2007-09-11,https://w3id.org/semleg/legimaintlex/resource/document/arrete-du-11-septembre-2007-pris-en-application-du-decret-n-2007-1334-du-11-sept-e195cd134e8f/article/article-JORFTEXT000000823439-194/content,"Les catégories d'animaux retenues pour calculer le chargement et les équivalences en UGB correspondantes sont les suivantes : - vaches, bovins de plus de deux ans : 1 UGB ; bovins de six mois à deux ans : 0,6 UGB ; les bovins pris en compte sont ceux présents dans la base de données nationale d'identification l'année civile précédant la demande ou, pour les nouveaux demandeurs, les bovins détenus à la date limite du dépôt des demandes ICHN ; - brebis mères et antenaises âgées au moins d'un an : 0,15 UGB ; les ovins retenus sont ceux déterminés dans le cadre de la Prime à la brebis (PB), pour l'année de la demande ou de la confirmation, par une demande déposée dans les délais par un producteur éligible à la PB ; - équidés identifiés selon la réglementation en vigueur et non déclarés à l'entraînement au sens des codes des courses, âgés de plus de six mois : 1 UGB ; - chèvres mères, caprins âgés au moins d'un an : 0,15 UGB ; - lamas mâles et femelles de plus de deux ans : 0,45 UGB ; - alpagas mâles et femelles de plus de deux ans : 0,3 UGB ; - cerfs et biches de plus de deux ans : 0,33 UGB ; - daims et daines de plus de deux ans : 0,17 UGB. Les animaux, autres que bovins et ovins, pris en compte sont ceux déclarés sur le formulaire de demande ICHN. Ils doivent être présents sur l'exploitation pendant une durée minimale de 30 jours consécutifs incluant le 31 mars de l'année de la demande. Les UGB d'une société civile laitière (SCL) sont réparties entre les associés au prorata des références laitières transférées.",1534
https://w3id.org/semleg/legimaintlex/resource/document/arrete-du-11-septembre-2007-pris-en-application-du-decret-n-2007-1334-du-11-sept-e195cd134e8f/article/article-JORFTEXT000000823439-195,article-JORFTEXT000000823439-195,https://w3id.org/semleg/legimaintlex/resource/document/arrete-du-11-septembre-2007-pris-en-application-du-decret-n-2007-1334-du-11-sept-e195cd134e8f,JORFTEXT000000823439,,['Accessibilité handicapés'],2007-09-11,https://w3id.org/semleg/legimaintlex/resource/document/arrete-du-11-septembre-2007-pris-en-application-du-decret-n-2007-1334-du-11-sept-e195cd134e8f/article/article-JORFTEXT000000823439-195/content,"1. Les montants nationaux de référence par hectare, à l'exception des départements d'outre-mer, sont les suivants : Vous pouvez consulter le tableau dans le JO n° 211 du 12/09/2007 texte numéro 32 L'arrêté préfectoral annuel visé à l'article 2, paragraphe 2, fixe les montants départementaux par hectare par zone et sous-zone pour les surfaces fourragères et les surfaces cultivées. Certains montants départementaux peuvent être fixés au-dessus des montants nationaux de référence, à condition que la moyenne départementale des montants pondérés par hectare soit inférieure ou égale au montant national de référence. Cette moyenne est établie distinctement par type de zone défavorisée. Pour les départements d'outre-mer, les montants sont fixés dans les plans de développement rural régionaux. Ils doivent être en moyenne inférieurs à 250 EUR/ha pour les zones de montagne et haute montagne et à 150 EUR/ha pour les autres zones ; toutefois, des paiements d'un montant supérieur peuvent être prévus dans des cas dûment justifiés. Si la surface agricole de l'exploitation est répartie sur plusieurs zones défavorisées ou sous-zones départementales délimitées dans l'arrêté préfectoral de zonage visé à l'article 2, paragraphe 2, la prime à l'hectare de surface fourragère est calculée proportionnellement à la représentation de chaque zone ou sous-zone défavorisée au sein de la surface agricole utilisée. 2. Pour les prairies situées dans la zone du marais poitevin, les montants nationaux de référence par hectare sont majorés de 60 EUR dans le marais desséché et de 121 EUR dans le marais mouillé. 3. Dans les communes de la Haute-Corse classées en zone affectée de handicaps spécifiques, les montants unitaires maxima sont fixés à 128 EUR/hectare pour les surfaces fourragères et à 120 EUR/hectare pour les surfaces cultivées. 4. Une majoration des montants par hectare est appliquée pour les 25 premiers hectares de surfaces fourragères ou cultivées. Cette majoration est de 30 % dans la zone de piémont et la zone défavorisée simple et de 35 % en montagne et haute montagne. Dans les départements d'outre-mer, le préfet détermine l'application ou non de cette majoration dans le cadre du programme de développement rural adopté en application de l'article 15 du règlement (CE) n° 1698/2005 susvisé. 5. Une majoration du montant par hectare est appliquée aux élevages dont plus de la moitié du cheptel, compté en nombre d'UGB, est constitué d'ovins et de caprins, si ces animaux pratiquent la transhumance entre le 15 juin et le 15 septembre. Cette majoration est respectivement de 10 % pour les zones de haute montagne et de montagne et de 30 % pour les zones de piémont et défavorisée simple. Dans les cas où sont déclarées à la fois des surfaces éligibles en fourrage et en cultures, les surfaces cultivées sont majorées en priorité.",2841
https://w3id.org/semleg/legimaintlex/resource/document/arrete-du-11-septembre-2007-pris-en-application-du-decret-n-2007-1334-du-11-sept-e195cd134e8f/article/article-JORFTEXT000000823439-196,article-JORFTEXT000000823439-196,https://w3id.org/semleg/legimaintlex/resource/document/arrete-du-11-septembre-2007-pris-en-application-du-decret-n-2007-1334-du-11-sept-e195cd134e8f,JORFTEXT000000823439,,['Accessibilité handicapés'],2007-09-11,https://w3id.org/semleg/legimaintlex/resource/document/arrete-du-11-septembre-2007-pris-en-application-du-decret-n-2007-1334-du-11-sept-e195cd134e8f/article/article-JORFTEXT000000823439-196/content,"Au sens du présent arrêté, on entend par : - chargement : le rapport entre le nombre d'animaux converti en unités de gros bétail (UGB) et la surface fourragère de l'exploitation exprimée en hectares, calculé à deux décimales et arrondi par défaut ; - montant déclaré : montant calculé à partir des éléments déclarés par le demandeur pour l'attribution des différentes aides agricoles ; - montant constaté : montant calculé à partir des éléments relatifs aux animaux et aux surfaces constatés à la suite des contrôles.",517
https://w3id.org/semleg/legimaintlex/resource/document/arrete-du-11-septembre-2007-pris-en-application-du-decret-n-2007-1334-du-11-sept-e195cd134e8f/article/article-JORFTEXT000000823439-197,article-JORFTEXT000000823439-197,https://w3id.org/semleg/legimaintlex/resource/document/arrete-du-11-septembre-2007-pris-en-application-du-decret-n-2007-1334-du-11-sept-e195cd134e8f,JORFTEXT000000823439,,['Accessibilité handicapés'],2007-09-11,https://w3id.org/semleg/legimaintlex/resource/document/arrete-du-11-septembre-2007-pris-en-application-du-decret-n-2007-1334-du-11-sept-e195cd134e8f/article/article-JORFTEXT000000823439-197/content,"La date de dépôt de la demande, fixée conformément au 6° de l'article D. 113-20 du code rural, est la date de réception à la direction départementale de l'agriculture et de la forêt, à la direction départementale de l'équipement et de l'agriculture ou à la direction de l'agriculture et de la forêt. Tout dépôt tardif d'une demande donne lieu à une réduction du montant auquel l'exploitant aurait droit en cas de dépôt dans le délai requis. Cette réduction est fixée à 1 % par jour ouvrable de retard. En cas de retard de plus de 25 jours, la demande est irrecevable.",567
https://w3id.org/semleg/legimaintlex/resource/document/arrete-du-11-septembre-2007-pris-en-application-du-decret-n-2007-1334-du-11-sept-e195cd134e8f/article/article-JORFTEXT000000823439-198,article-JORFTEXT000000823439-198,https://w3id.org/semleg/legimaintlex/resource/document/arrete-du-11-septembre-2007-pris-en-application-du-decret-n-2007-1334-du-11-sept-e195cd134e8f,JORFTEXT000000823439,,['Accessibilité handicapés'],2007-09-11,https://w3id.org/semleg/legimaintlex/resource/document/arrete-du-11-septembre-2007-pris-en-application-du-decret-n-2007-1334-du-11-sept-e195cd134e8f/article/article-JORFTEXT000000823439-198/content,"Les superficies primables sont les suivantes : - les surfaces en production fourragère composées de prairies, parcours, landes, estives ainsi que les superficies en plantes sarclées fourragères. Par exception à cette règle, seules les surfaces fourragères qui comportent des prairies, des parcours et des landes sont primables sur le territoire des communes de la Haute-Corse classées en zone affectée de handicaps spécifiques ; - les surfaces en céréales consommées par les animaux de l'exploitation ; - les surfaces fourragères en pâturage collectif déclarées par les entités collectives, pour la part correspondante utilisée par le demandeur ; - dans les zones de haute montagne ou de montagne de la métropole, pour les territoires de communes ou parties de communes classés en zone sèche par arrêté interministériel, les surfaces en productions végétales cultivées et destinées à la commercialisation à l'exception des surfaces servant aux productions suivantes : sous serres ou grands tunnels, gel industriel, jachères cultivées, céréales, miel et productions faisant l'objet de cueillette ; - dans les départements d'outre-mer, les surfaces en productions végétales cultivées et destinées à la commercialisation ; - en Haute-Corse, sur le territoire des communes classées en zone affectée de handicaps spécifiques, les surfaces en productions de châtaigniers, oliviers et noisetiers destinées à la commercialisation.",1422
https://w3id.org/semleg/legimaintlex/resource/document/arrete-du-11-septembre-2007-pris-en-application-du-decret-n-2007-1334-du-11-sept-e195cd134e8f/article/article-JORFTEXT000000823439-199,article-JORFTEXT000000823439-199,https://w3id.org/semleg/legimaintlex/resource/document/arrete-du-11-septembre-2007-pris-en-application-du-decret-n-2007-1334-du-11-sept-e195cd134e8f,JORFTEXT000000823439,,['Accessibilité handicapés'],2007-09-11,https://w3id.org/semleg/legimaintlex/resource/document/arrete-du-11-septembre-2007-pris-en-application-du-decret-n-2007-1334-du-11-sept-e195cd134e8f/article/article-JORFTEXT000000823439-199/content,"Le présent arrêté annule et remplace l'arrêté du 28 juillet 2004 abrogeant les arrêtés du 21 juin 2001, du 8 juillet 2002 et du 17 juin 2003 pris en application du décret n° 2001-535 du 21 juin 2001 relatif à l'agriculture de montagne et des autres zones défavorisées, fixant les conditions d'attribution des indemnités compensatoires de handicaps naturels permanents et modifiant le code rural.",395
https://w3id.org/semleg/legimaintlex/resource/document/arrete-du-11-septembre-2007-pris-en-application-du-decret-n-2007-1334-du-11-sept-e195cd134e8f/article/article-JORFTEXT000000823439-200,article-JORFTEXT000000823439-200,https://w3id.org/semleg/legimaintlex/resource/document/arrete-du-11-septembre-2007-pris-en-application-du-decret-n-2007-1334-du-11-sept-e195cd134e8f,JORFTEXT000000823439,,['Accessibilité handicapés'],2007-09-11,https://w3id.org/semleg/legimaintlex/resource/document/arrete-du-11-septembre-2007-pris-en-application-du-decret-n-2007-1334-du-11-sept-e195cd134e8f/article/article-JORFTEXT000000823439-200/content,"Les exploitations laitières situées en zone de piémont à orientation laitière non dominante, telle que définie dans l'arrêté préfectoral de zonage visé à l'article 2, paragraphe 1, ne sont éligibles que si elles détiennent par ailleurs au moins 3 autres UGB non bovines ou 3 bovins non laitiers recensés à la BDNI l'année précédente. Les exploitations laitières situées en zone défavorisée simple ne sont éligibles que si elles détiennent par ailleurs au moins 3 autres UGB non bovines ou 3 bovins primés l'année considérée au titre du dispositif de la prime au maintien du troupeau de vaches allaitantes (PMTVA). Les exploitations de ces deux zones bénéficient d'une indemnité calculée sur base d'une part de surface fourragère proportionnelle au nombre d'UGB autres que des vaches laitières.",793
https://w3id.org/semleg/legimaintlex/resource/document/arrete-du-11-septembre-2007-pris-en-application-du-decret-n-2007-1334-du-11-sept-e195cd134e8f/article/article-JORFTEXT000000823439-201,article-JORFTEXT000000823439-201,https://w3id.org/semleg/legimaintlex/resource/document/arrete-du-11-septembre-2007-pris-en-application-du-decret-n-2007-1334-du-11-sept-e195cd134e8f,JORFTEXT000000823439,,['Accessibilité handicapés'],2007-09-11,https://w3id.org/semleg/legimaintlex/resource/document/arrete-du-11-septembre-2007-pris-en-application-du-decret-n-2007-1334-du-11-sept-e195cd134e8f/article/article-JORFTEXT000000823439-201/content,"Chaque année, le préfet de département reçoit une notification du montant départemental des ICHN qui peuvent être accordées aux demandeurs en fonction des crédits disponibles. Un acompte représentant 75 % du montant calculé de l'indemnité peut être versé à l'issue des contrôles administratifs et à partir du 15 septembre de l'année de la campagne. Un arrêté préfectoral départemental fixe un coefficient de stabilisation déterminant le montant définitif de l'indemnité de chaque bénéficiaire. Ce coefficient peut être fixé par sous-zones départementales.",555
https://w3id.org/semleg/legimaintlex/resource/document/arrete-du-11-septembre-2007-relatif-aux-modalites-d-exercice-du-controle-financi-300ca24c76a2/article/article-JORFTEXT000000652957-211,article-JORFTEXT000000652957-211,https://w3id.org/semleg/legimaintlex/resource/document/arrete-du-11-septembre-2007-relatif-aux-modalites-d-exercice-du-controle-financi-300ca24c76a2,JORFTEXT000000652957,,['Accessibilité handicapés'],2007-09-11,https://w3id.org/semleg/legimaintlex/resource/document/arrete-du-11-septembre-2007-relatif-aux-modalites-d-exercice-du-controle-financi-300ca24c76a2/article/article-JORFTEXT000000652957-211/content,"Le contrôleur suit la préparation du budget et de ses décisions modificatives. A cette fin, l'agence lui communique les informations nécessaires en temps utile. Il reçoit à l'appui du projet de budget avec ses annexes un état retraçant les grandes composantes de la masse salariale et les perspectives la concernant, un échéancier prévisionnel des entrées et sorties de personnel permanent et non permanent. Il est informé des perspectives financières pluriannuelles. Il reçoit à ce titre une présentation détaillée des opérations d'investissement permettant de le renseigner sur la capacité d'engagement de l'agence.",617
https://w3id.org/semleg/legimaintlex/resource/document/arrete-du-11-septembre-2007-relatif-aux-modalites-d-exercice-du-controle-financi-300ca24c76a2/article/article-JORFTEXT000000652957-212,article-JORFTEXT000000652957-212,https://w3id.org/semleg/legimaintlex/resource/document/arrete-du-11-septembre-2007-relatif-aux-modalites-d-exercice-du-controle-financi-300ca24c76a2,JORFTEXT000000652957,,['Accessibilité handicapés'],2007-09-11,https://w3id.org/semleg/legimaintlex/resource/document/arrete-du-11-septembre-2007-relatif-aux-modalites-d-exercice-du-controle-financi-300ca24c76a2/article/article-JORFTEXT000000652957-212/content,"L'autorité chargée du contrôle financier sur l'Agence pour l'enseignement français à l'étranger, ci-après dénommée « le contrôleur », exerce une mission générale de surveillance de la gestion de l'établissement. Elle contribue notamment en vue de leur prévention, à l'identification des risques financiers, directs ou indirects, auxquels l'établissement est susceptible d'être confronté. A cette fin, elle s'appuie sur une analyse des risques et de la performance. Dans ce cadre, le contrôleur peut évaluer, en liaison avec l'Agence pour l'enseignement français à l'étranger, les circuits et procédures mis en place et coordonne son intervention avec celle de l'agent comptable.",678
https://w3id.org/semleg/legimaintlex/resource/document/arrete-du-11-septembre-2007-relatif-aux-modalites-d-exercice-du-controle-financi-300ca24c76a2/article/article-JORFTEXT000000652957-213,article-JORFTEXT000000652957-213,https://w3id.org/semleg/legimaintlex/resource/document/arrete-du-11-septembre-2007-relatif-aux-modalites-d-exercice-du-controle-financi-300ca24c76a2,JORFTEXT000000652957,,['Accessibilité handicapés'],2007-09-11,https://w3id.org/semleg/legimaintlex/resource/document/arrete-du-11-septembre-2007-relatif-aux-modalites-d-exercice-du-controle-financi-300ca24c76a2/article/article-JORFTEXT000000652957-213/content,"Le contrôleur a entrée avec voix consultative au conseil d'administration ainsi qu'à tout comité, commission ou organe consultatif existant en son sein. Il reçoit dans les mêmes conditions que leurs membres les convocations, ordres du jour et tous les documents qui doivent leur être adressés avant chaque séance. Les procès-verbaux lui sont adressés dès leur établissement. En accord avec l'établissement, le contrôleur peut également assister aux réunions des autres comités.",477
https://w3id.org/semleg/legimaintlex/resource/document/arrete-du-11-septembre-2007-relatif-aux-modalites-d-exercice-du-controle-financi-300ca24c76a2/article/article-JORFTEXT000000652957-214,article-JORFTEXT000000652957-214,https://w3id.org/semleg/legimaintlex/resource/document/arrete-du-11-septembre-2007-relatif-aux-modalites-d-exercice-du-controle-financi-300ca24c76a2,JORFTEXT000000652957,,['Accessibilité handicapés'],2007-09-11,https://w3id.org/semleg/legimaintlex/resource/document/arrete-du-11-septembre-2007-relatif-aux-modalites-d-exercice-du-controle-financi-300ca24c76a2/article/article-JORFTEXT000000652957-214/content,L'arrêté du 29 janvier 1991 relatif aux modalités d'exercice du contrôle financier sur l'Agence pour l'enseignement français à l'étranger est abrogé.,149
https://w3id.org/semleg/legimaintlex/resource/document/arrete-du-11-septembre-2007-relatif-aux-modalites-d-exercice-du-controle-financi-300ca24c76a2/article/article-JORFTEXT000000652957-215,article-JORFTEXT000000652957-215,https://w3id.org/semleg/legimaintlex/resource/document/arrete-du-11-septembre-2007-relatif-aux-modalites-d-exercice-du-controle-financi-300ca24c76a2,JORFTEXT000000652957,,['Accessibilité handicapés'],2007-09-11,https://w3id.org/semleg/legimaintlex/resource/document/arrete-du-11-septembre-2007-relatif-aux-modalites-d-exercice-du-controle-financi-300ca24c76a2/article/article-JORFTEXT000000652957-215/content,"Le contrôleur suit l'exécution du budget de l'agence. A cette fin, et pour l'exercice de sa mission générale de surveillance, il a accès à tous les documents se rapportant à l'activité et à la gestion de l'établissement. L'agence assure au contrôleur l'accès à son système budgétaire et comptable informatique qui reçoit, en outre, les documents suivants selon une périodicité et des modalités fixées après consultation de l'établissement : - la prévision de répartition des crédits ouverts au budget et son actualisation ; - au moins une fois par trimestre, la situation de l'exécution du budget, en recettes et en dépenses ; - à la même date que la situation de l'exécution du budget, la situation de trésorerie ; - à la même date que la situation de l'exécution du budget, les tableaux de bord relatifs à l'activité de l'établissement ; - la situation des effectifs et de consommation de la masse salariale ; - les documents relatifs à l'organisation, aux procédures, au fonctionnement et au contrôle interne de l'établissement et de ses services extérieurs ; - tout document relevant d'une cartographie des risques ; - les comptes rendus d'exécution des contrats d'objectifs et de moyens ; - les informations relatives à la contribution de l'établissement à la performance du programme dont il est opérateur.",1312
https://w3id.org/semleg/legimaintlex/resource/document/arrete-du-11-septembre-2007-relatif-aux-modalites-d-exercice-du-controle-financi-300ca24c76a2/article/article-JORFTEXT000000652957-216,article-JORFTEXT000000652957-216,https://w3id.org/semleg/legimaintlex/resource/document/arrete-du-11-septembre-2007-relatif-aux-modalites-d-exercice-du-controle-financi-300ca24c76a2,JORFTEXT000000652957,,['Accessibilité handicapés'],2007-09-11,https://w3id.org/semleg/legimaintlex/resource/document/arrete-du-11-septembre-2007-relatif-aux-modalites-d-exercice-du-controle-financi-300ca24c76a2/article/article-JORFTEXT000000652957-216/content,"S'il apparaît au contrôleur que la gestion de l'établissement remet en cause la soutenabilité de l'exécution budgétaire ou la couverture des charges obligatoires ou inéluctables, il en informe l'ordonnateur par écrit. L'ordonnateur lui fait connaître dans la même forme les mesures qu'il envisage de prendre pour y remédier. Le contrôleur peut, en concertation avec l'ordonnateur et, le cas échéant, sur sa proposition, mettre en place un renforcement des contrôles pour une durée limitée. Il en rend compte au ministre chargé du budget.",537
https://w3id.org/semleg/legimaintlex/resource/document/arrete-du-11-septembre-2007-relatif-aux-modalites-d-exercice-du-controle-financi-300ca24c76a2/article/article-JORFTEXT000000652957-217,article-JORFTEXT000000652957-217,https://w3id.org/semleg/legimaintlex/resource/document/arrete-du-11-septembre-2007-relatif-aux-modalites-d-exercice-du-controle-financi-300ca24c76a2,JORFTEXT000000652957,,['Accessibilité handicapés'],2007-09-11,https://w3id.org/semleg/legimaintlex/resource/document/arrete-du-11-septembre-2007-relatif-aux-modalites-d-exercice-du-controle-financi-300ca24c76a2/article/article-JORFTEXT000000652957-217/content,"Le contrôleur peut mettre en place et communiquer à l'agence un programme annuel de vérification a posteriori. Indépendamment de ce programme, il peut, à tout moment, procéder à la vérification a posteriori d'un acte particulier. L'agence est tenue de communiquer, à la demande du contrôleur, tous les documents nécessaires au bon accomplissement d'une vérification a posteriori.",379
https://w3id.org/semleg/legimaintlex/resource/document/arrete-du-11-septembre-2007-relatif-aux-modalites-d-exercice-du-controle-financi-300ca24c76a2/article/article-JORFTEXT000000652957-218,article-JORFTEXT000000652957-218,https://w3id.org/semleg/legimaintlex/resource/document/arrete-du-11-septembre-2007-relatif-aux-modalites-d-exercice-du-controle-financi-300ca24c76a2,JORFTEXT000000652957,,['Accessibilité handicapés'],2007-09-11,https://w3id.org/semleg/legimaintlex/resource/document/arrete-du-11-septembre-2007-relatif-aux-modalites-d-exercice-du-controle-financi-300ca24c76a2/article/article-JORFTEXT000000652957-218/content,"Dispositions relatives au visa et à l'avis : 5.1. Sont soumis au visa du contrôleur, selon des seuils et des modalités qu'il fixe après consultation de l'agence : - les décisions modificatives d'urgence ; - les actes relatifs au recrutement, à la rémunération et à la promotion du personnel, qu'il s'agisse de mesures générales ou individuelles, de contrats à durée indéterminée ou déterminée, de détachements ou de mises à disposition ; - les acquisitions et aliénations immobilières ; - les contrats, conventions, marchés ou commandes ; - les prêts et subventions ; 5.2. Sont soumis à l'avis préalable du contrôleur, selon des seuils et des modalités qu'il fixe après consultation de l'établissement : - les transactions ; 5.3. Le contrôleur doit délivrer son visa ou faire connaître son avis dans un délai de quinze jours à compter de la réception des projets d'acte ou de décision, accompagnés des pièces justificatives. Ce délai peut être interrompu par toute demande écrite d'informations complémentaires, nécessaires à l'instruction du dossier, formulée par le contrôleur. En l'absence de réponse de sa part à l'expiration de ce délai, son visa est réputé délivré ou son avis est réputé favorable. Si le contrôleur refuse son visa, il fait connaître par écrit les raisons de son refus et en informe le ministre chargé du budget. L'ordonnateur ne peut passer outre à un refus de visa que sur autorisation du ministre chargé du budget. Si l'ordonnateur ne se conforme pas à l'avis donné, il informe par écrit le contrôleur de sa décision.",1543
https://w3id.org/semleg/legimaintlex/resource/document/arrete-du-12-novembre-1990-modifiant-l-arrete-du-15-fevrier-1988-fixant-la-liste-324ca2e11186/article/1er-JORFTEXT000000534121-3496,1er-JORFTEXT000000534121-3496,https://w3id.org/semleg/legimaintlex/resource/document/arrete-du-12-novembre-1990-modifiant-l-arrete-du-15-fevrier-1988-fixant-la-liste-324ca2e11186,JORFTEXT000000534121,1er,['Portes et portails'],1990-11-12,https://w3id.org/semleg/legimaintlex/resource/document/arrete-du-12-novembre-1990-modifiant-l-arrete-du-15-fevrier-1988-fixant-la-liste-324ca2e11186/article/1er-JORFTEXT000000534121-3496/content,Art. 1er. - La liste figurant à l'article 1er de l'arrêté du 15 février 1988 susvisé est complétée comme suit: >,112
https://w3id.org/semleg/legimaintlex/resource/document/arrete-du-12-novembre-1990-modifiant-l-arrete-du-4-octobre-1968-determinant-les-b0dadcaf7c5b/article/1er-JORFTEXT000000351414-3497,1er-JORFTEXT000000351414-3497,https://w3id.org/semleg/legimaintlex/resource/document/arrete-du-12-novembre-1990-modifiant-l-arrete-du-4-octobre-1968-determinant-les-b0dadcaf7c5b,JORFTEXT000000351414,1er,['Portes et portails'],1990-11-12,https://w3id.org/semleg/legimaintlex/resource/document/arrete-du-12-novembre-1990-modifiant-l-arrete-du-4-octobre-1968-determinant-les-b0dadcaf7c5b/article/1er-JORFTEXT000000351414-3497/content,Art. 1er. - L'article 1er (alinéa 2) de l'arrêté du 4 octobre 1968 modifié déterminant les modalités de calcul des ressources consacrées au financement de l'action sociale des caisses d'allocations familiales dans les départements d'outre-mer est modifié ainsi qu'il suit:   80900000 F   87560000 F   16100000 F   226960000 F.>>[[>]],333
https://w3id.org/semleg/legimaintlex/resource/document/arrete-du-12-novembre-1990-portant-creation-du-comite-directeur-de-l-oceanograph-7c1a56e8b3fd/article/1er-JORFTEXT000000717559-3507,1er-JORFTEXT000000717559-3507,https://w3id.org/semleg/legimaintlex/resource/document/arrete-du-12-novembre-1990-portant-creation-du-comite-directeur-de-l-oceanograph-7c1a56e8b3fd,JORFTEXT000000717559,1er,['Portes et portails'],1990-11-12,https://w3id.org/semleg/legimaintlex/resource/document/arrete-du-12-novembre-1990-portant-creation-du-comite-directeur-de-l-oceanograph-7c1a56e8b3fd/article/1er-JORFTEXT000000717559-3507/content,Art. 1er. - Il est créé au ministère de la défense un comité directeur de l'océanographie militaire.,100
https://w3id.org/semleg/legimaintlex/resource/document/arrete-du-12-novembre-1990-portant-creation-du-comite-directeur-de-l-oceanograph-7c1a56e8b3fd/article/2-JORFTEXT000000717559-3509,2-JORFTEXT000000717559-3509,https://w3id.org/semleg/legimaintlex/resource/document/arrete-du-12-novembre-1990-portant-creation-du-comite-directeur-de-l-oceanograph-7c1a56e8b3fd,JORFTEXT000000717559,2,['Portes et portails'],1990-11-12,https://w3id.org/semleg/legimaintlex/resource/document/arrete-du-12-novembre-1990-portant-creation-du-comite-directeur-de-l-oceanograph-7c1a56e8b3fd/article/2-JORFTEXT000000717559-3509/content,"Art. 2. - Le comité directeur de l'océanographie militaire est chargé: - d'orienter et de coordonner les activités de recherche, de développement et d'utilisation opérationnelle en matière d'océanographie et d'hydrographie militaires; - de favoriser la coopération avec les organismes concernés extérieurs au ministère de la défense; - de déterminer les contributions en personnel et en moyens à prévoir par les différents services et directions de ce ministère. Il peut proposer la création de toutes nouvelles structures qu'il juge utile. Il tient le chef d'état-major des armées informé de ses activités.",607
https://w3id.org/semleg/legimaintlex/resource/document/arrete-du-12-novembre-1990-portant-creation-du-comite-directeur-de-l-oceanograph-7c1a56e8b3fd/article/3-JORFTEXT000000717559-3510,3-JORFTEXT000000717559-3510,https://w3id.org/semleg/legimaintlex/resource/document/arrete-du-12-novembre-1990-portant-creation-du-comite-directeur-de-l-oceanograph-7c1a56e8b3fd,JORFTEXT000000717559,3,['Portes et portails'],1990-11-12,https://w3id.org/semleg/legimaintlex/resource/document/arrete-du-12-novembre-1990-portant-creation-du-comite-directeur-de-l-oceanograph-7c1a56e8b3fd/article/3-JORFTEXT000000717559-3510/content,"Art. 3. - Le comité directeur de l'océanographie militaire est présidé alternativement par le délégué général pour l'armement et le chef d'état-major de la marine. Sont membres du comité: - le directeur des recherches, études et techniques d'armement ou son représentant; - le directeur des constructions navales ou son représentant; - le directeur des missiles et de l'espace ou son représentant; - le sous-chef d'état-major Opérations de la marine ou son représentant; - le sous-chef d'état-major Matériels de la marine ou son représentant; - le sous-chef d'état-major Plans de la marine ou son représentant; - le directeur du service hydrographique et océanographique de la marine ou son adjoint. Le président du bureau exécutif assiste aux réunions. Chaque membre désigne un suppléant et peut se faire accompagner des experts de son service.",845
https://w3id.org/semleg/legimaintlex/resource/document/arrete-du-12-novembre-1990-portant-creation-du-comite-directeur-de-l-oceanograph-7c1a56e8b3fd/article/4-JORFTEXT000000717559-3508,4-JORFTEXT000000717559-3508,https://w3id.org/semleg/legimaintlex/resource/document/arrete-du-12-novembre-1990-portant-creation-du-comite-directeur-de-l-oceanograph-7c1a56e8b3fd,JORFTEXT000000717559,4,['Portes et portails'],1990-11-12,https://w3id.org/semleg/legimaintlex/resource/document/arrete-du-12-novembre-1990-portant-creation-du-comite-directeur-de-l-oceanograph-7c1a56e8b3fd/article/4-JORFTEXT000000717559-3508/content,"Art. 4. - Le comité directeur de l'océanographie militaire se réunit, sur convocation de son président, au moins une fois par an. Le directeur du service hydrographique et océanographique de la marine assure le secrétariat du comité.",233
https://w3id.org/semleg/legimaintlex/resource/document/arrete-du-12-novembre-1990-portant-creation-du-comite-directeur-de-l-oceanograph-7c1a56e8b3fd/article/5-JORFTEXT000000717559-3505,5-JORFTEXT000000717559-3505,https://w3id.org/semleg/legimaintlex/resource/document/arrete-du-12-novembre-1990-portant-creation-du-comite-directeur-de-l-oceanograph-7c1a56e8b3fd,JORFTEXT000000717559,5,['Portes et portails'],1990-11-12,https://w3id.org/semleg/legimaintlex/resource/document/arrete-du-12-novembre-1990-portant-creation-du-comite-directeur-de-l-oceanograph-7c1a56e8b3fd/article/5-JORFTEXT000000717559-3505/content,"Art. 5. - Le comité directeur de l'océanographie militaire est assisté d'un bureau exécutif présidé par un ingénieur désigné par le directeur des recherches, études et techniques d'armement. Le bureau exécutif prépare les travaux et assure le suivi de l'exécution des mesures arrêtées. Sont membres du bureau exécutif: - un ingénieur désigné par le directeur des recherches, études et techniques d'armement, président; - un officier de la division Matériels et un officier de la division Opérations de l'état-major de la marine; - un ingénieur désigné par le directeur des constructions navales; - un ingénieur désigné par le directeur des missiles et de l'espace; - un ingénieur désigné par le directeur du service hydrographique et océanographique de la marine, secrétaire; Le président du bureau exécutif rend compte de son action au comité directeur. Le bureau exécutif se réunit à l'initiative de son président qui peut inviter à participer aux travaux, en tant que de besoin, des représentants d'autres services et directions du ministère de la défense. Chaque membre a un suppléant désigné qui le remplace en cas d'absence. Il peut se faire accompagner, en tant que de besoin, de personnes de son service.",1212
https://w3id.org/semleg/legimaintlex/resource/document/arrete-du-12-novembre-1990-portant-creation-du-comite-directeur-de-l-oceanograph-7c1a56e8b3fd/article/6-JORFTEXT000000717559-3504,6-JORFTEXT000000717559-3504,https://w3id.org/semleg/legimaintlex/resource/document/arrete-du-12-novembre-1990-portant-creation-du-comite-directeur-de-l-oceanograph-7c1a56e8b3fd,JORFTEXT000000717559,6,['Portes et portails'],1990-11-12,https://w3id.org/semleg/legimaintlex/resource/document/arrete-du-12-novembre-1990-portant-creation-du-comite-directeur-de-l-oceanograph-7c1a56e8b3fd/article/6-JORFTEXT000000717559-3504/content,"Art. 6. - Il est créé un comité scientifique de l'océanographie militaire. Le comité scientifique de l'océanographie militaire est chargé sur consultation du comité directeur de l'océanographie militaire: - de formuler toutes recommandations sur l'évolution à long terme des programmes de recherche en océanographie pouvant intéresser la défense; - d'évaluer les actions de recherche en océanographie, en particulier celles conduites en collaboration avec les organismes civils et de favoriser les échanges avec ces organismes; - de sensibiliser la recherche civile aux préoccupations de la défense en océanographie et hydrographie. Le comité scientifique de l'océanographie militaire comprend de douze à quinze membres désignés pour une période de trois ans renouvelable par le ministre de la défense, sur proposition du comité directeur de l'océanographie militaire, parmi des personnalités civiles ou militaires choisies en raison de leur compétence scientifique, de leur autorité nationale ou internationale et en tenant compte d'une répartition équilibrée des différents domaines de l'océanographie. Le président du comité scientifique de l'océanographie militaire est désigné par le ministre de la défense parmi les membres de ce comité. Le comité scientifique de l'océanographie militaire se réunit au moins une fois par an sur convocation de son président. Le président du bureau exécutif assure le secrétariat du comité scientifique de l'océanographie militaire.",1471
https://w3id.org/semleg/legimaintlex/resource/document/arrete-du-12-novembre-1990-portant-creation-du-comite-directeur-de-l-oceanograph-7c1a56e8b3fd/article/7-JORFTEXT000000717559-3506,7-JORFTEXT000000717559-3506,https://w3id.org/semleg/legimaintlex/resource/document/arrete-du-12-novembre-1990-portant-creation-du-comite-directeur-de-l-oceanograph-7c1a56e8b3fd,JORFTEXT000000717559,7,['Portes et portails'],1990-11-12,https://w3id.org/semleg/legimaintlex/resource/document/arrete-du-12-novembre-1990-portant-creation-du-comite-directeur-de-l-oceanograph-7c1a56e8b3fd/article/7-JORFTEXT000000717559-3506/content,Art. 7. - L'arrêté du 7 avril 1977 portant création du comité directeur de l'océanologie militaire est abrogé.,110
https://w3id.org/semleg/legimaintlex/resource/document/arrete-du-12-novembre-1990-relatif-a-l-entretien-des-portes-automatiques-de-gara-96265eb86716/article/1er-JORFTEXT000000534115-3498,1er-JORFTEXT000000534115-3498,https://w3id.org/semleg/legimaintlex/resource/document/arrete-du-12-novembre-1990-relatif-a-l-entretien-des-portes-automatiques-de-gara-96265eb86716,JORFTEXT000000534115,1er,['Portes et portails'],1990-11-12,https://w3id.org/semleg/legimaintlex/resource/document/arrete-du-12-novembre-1990-relatif-a-l-entretien-des-portes-automatiques-de-gara-96265eb86716/article/1er-JORFTEXT000000534115-3498/content,"Art. 1er. - L'entretien dont il est question à l'article R. 125-5 du code de la construction et de l'habitation comprend: - les visites d'entretien (nettoyage, graissage, réglages des organes mécaniques, électriques, électroniques) nécessaires au bon fonctionnement dans des conditions normales de sécurité; - le contrôle de l'état de l'efficacité des éléments liés au bon fonctionnement et à la sécurité; - la fourniture des produits de lubrification et de nettoyage nécessaires à un bon fonctionnement; - la réparation ou le remplacement des pièces constituant les systèmes de sécurité hors d'usage ou usées par le fonctionnement normal de la porte (barres palpeuses, cellules photo-électriques, limiteurs de couple mécaniques ou électro-mécaniques, câbles, systèmes empêchant la chute du tablier, organes de commande et télécommande pour la partie récepteur .); - la réparation ou le remplacement des petites pièces hors d'usage ou usées par le fonctionnement normal de la porte (galets, axes, goupilles, signalisation, organes de l'armoire de manoeuvre .); - la fourniture du livret d'entretien. L'entretien ne comprend pas la réparation ou le remplacement des pièces consécutifs à des actes de vandalisme.",1210
https://w3id.org/semleg/legimaintlex/resource/document/arrete-du-12-novembre-1990-relatif-a-l-entretien-des-portes-automatiques-de-gara-96265eb86716/article/2-JORFTEXT000000534115-3499,2-JORFTEXT000000534115-3499,https://w3id.org/semleg/legimaintlex/resource/document/arrete-du-12-novembre-1990-relatif-a-l-entretien-des-portes-automatiques-de-gara-96265eb86716,JORFTEXT000000534115,2,['Portes et portails'],1990-11-12,https://w3id.org/semleg/legimaintlex/resource/document/arrete-du-12-novembre-1990-relatif-a-l-entretien-des-portes-automatiques-de-gara-96265eb86716/article/2-JORFTEXT000000534115-3499/content,"Art. 2. - L'entretien porte sur les éléments suivants: - le tablier; - les éléments de guidage (rails, galets .); - les articulations (charnières, pivots .); - les fixations; - les éléments de transmission du mouvement; - les moto-réducteurs, pompes ou compresseurs; - les chaînes, câbles, courroies; - les fins de courses; - les organes de commande; - les organes de sécurité des personnes; - le limiteur d'effort; - l'armoire de commande; - l'équilibrage (contrepoids, ressorts); - le débrayage manuel; - la signalisation (visualisation et marquage au sol); - la propreté de l'ensemble de l'équipement.",604
https://w3id.org/semleg/legimaintlex/resource/document/arrete-du-12-novembre-1990-relatif-a-l-entretien-des-portes-automatiques-de-gara-96265eb86716/article/3-JORFTEXT000000534115-3501,3-JORFTEXT000000534115-3501,https://w3id.org/semleg/legimaintlex/resource/document/arrete-du-12-novembre-1990-relatif-a-l-entretien-des-portes-automatiques-de-gara-96265eb86716,JORFTEXT000000534115,3,['Portes et portails'],1990-11-12,https://w3id.org/semleg/legimaintlex/resource/document/arrete-du-12-novembre-1990-relatif-a-l-entretien-des-portes-automatiques-de-gara-96265eb86716/article/3-JORFTEXT000000534115-3501/content,Art. 3. - L'entretien défini aux articles précédents est exécuté au cours de visites périodiques à raison de deux visites par an.,129
https://w3id.org/semleg/legimaintlex/resource/document/arrete-du-12-novembre-1990-relatif-a-l-entretien-des-portes-automatiques-de-gara-96265eb86716/article/4-JORFTEXT000000534115-3500,4-JORFTEXT000000534115-3500,https://w3id.org/semleg/legimaintlex/resource/document/arrete-du-12-novembre-1990-relatif-a-l-entretien-des-portes-automatiques-de-gara-96265eb86716,JORFTEXT000000534115,4,['Portes et portails'],1990-11-12,https://w3id.org/semleg/legimaintlex/resource/document/arrete-du-12-novembre-1990-relatif-a-l-entretien-des-portes-automatiques-de-gara-96265eb86716/article/4-JORFTEXT000000534115-3500/content,"Art. 4. - La visite semestrielle comprend systématiquement: - la vérification du bon fonctionnement des dispositifs de sécurité des personnes (lames palpeuses, pressostats, cellules photo-électriques, etc.); - la vérification du bon fonctionnement du débrayage manuel; - la vérification du bon fonctionnement du limiteur d'effort; - la vérification des articulations (charnières, pivots .); - la vérification des cycles de fonctionnement dans les zones d'accostage; - la vérification du bon fonctionnement et de l'état de la signalisation (feux orange clignotants, éclairage et matérialisation au sol de l'aire dangereuse de mouvement); - la vérification des éléments de transmission du mouvement (bras articulés, câbles, chaînes, courroies .); - la lubrification et les réglages nécessaires au bon fonctionnement; - la vérification de l'opérateur (moto réducteur électrique, opérateur électro-hydraulique .); - un examen général du fonctionnement de la porte.",960
https://w3id.org/semleg/legimaintlex/resource/document/arrete-du-12-novembre-1990-relatif-a-l-entretien-des-portes-automatiques-de-gara-96265eb86716/article/5-JORFTEXT000000534115-3502,5-JORFTEXT000000534115-3502,https://w3id.org/semleg/legimaintlex/resource/document/arrete-du-12-novembre-1990-relatif-a-l-entretien-des-portes-automatiques-de-gara-96265eb86716,JORFTEXT000000534115,5,['Portes et portails'],1990-11-12,https://w3id.org/semleg/legimaintlex/resource/document/arrete-du-12-novembre-1990-relatif-a-l-entretien-des-portes-automatiques-de-gara-96265eb86716/article/5-JORFTEXT000000534115-3502/content,"Art. 5. - A raison d'une visite sur deux il convient de rajouter aux prescriptions définies à l'article 4: - la vérification du verrouillage de la porte; - la vérification des éléments de guidage (rails, galets .); - la vérification des organes de commande et télécommande; - la vérification des systèmes d'équilibrage (contrepoids, ressorts .); - la vérification de l'armoire de commande et de ses composants; - la vérification de la fixation de la porte; - la vérification du fonctionnement du système empchant la chute du tablier; - la vérification de l'état des peintures et de la corrosion.",595
https://w3id.org/semleg/legimaintlex/resource/document/arrete-du-12-novembre-1990-relatif-a-l-entretien-des-portes-automatiques-de-gara-96265eb86716/article/6-JORFTEXT000000534115-3503,6-JORFTEXT000000534115-3503,https://w3id.org/semleg/legimaintlex/resource/document/arrete-du-12-novembre-1990-relatif-a-l-entretien-des-portes-automatiques-de-gara-96265eb86716,JORFTEXT000000534115,6,['Portes et portails'],1990-11-12,https://w3id.org/semleg/legimaintlex/resource/document/arrete-du-12-novembre-1990-relatif-a-l-entretien-des-portes-automatiques-de-gara-96265eb86716/article/6-JORFTEXT000000534115-3503/content,"Art. 6. - Toutes les interventions (visites périodiques, travaux divers et dépannages) seront consignées dans le livret d'entretien. Il y sera indiqué la nature de l'intervention, la date, l'heure et le nom de la personne qui est intervenue.",241
https://w3id.org/semleg/legimaintlex/resource/document/arrete-du-14-mars-2014-designant-une-operation-de-restructuration-des-centres-de-eccd067f0097/article/article-JORFTEXT000028819648-316,article-JORFTEXT000028819648-316,https://w3id.org/semleg/legimaintlex/resource/document/arrete-du-14-mars-2014-designant-une-operation-de-restructuration-des-centres-de-eccd067f0097,JORFTEXT000028819648,,['Accessibilité handicapés'],2014-03-14,https://w3id.org/semleg/legimaintlex/resource/document/arrete-du-14-mars-2014-designant-une-operation-de-restructuration-des-centres-de-eccd067f0097/article/article-JORFTEXT000028819648-316/content,La restructuration des centres de rétention administrative constitue une opération de restructuration et ouvre droit au bénéfice de la prime de restructuration de service et de l'allocation d'aide à la mobilité du conjoint instituées par le décret du 17 avril 2008 susvisé .,274
https://w3id.org/semleg/legimaintlex/resource/document/arrete-du-14-mars-2014-fixant-le-nombre-de-contrats-de-praticiens-territoriaux-d-f8d773872918/article/article-JORFTEXT000028819547-338,article-JORFTEXT000028819547-338,https://w3id.org/semleg/legimaintlex/resource/document/arrete-du-14-mars-2014-fixant-le-nombre-de-contrats-de-praticiens-territoriaux-d-f8d773872918,JORFTEXT000028819547,,['Accessibilité handicapés'],2014-03-14,https://w3id.org/semleg/legimaintlex/resource/document/arrete-du-14-mars-2014-fixant-le-nombre-de-contrats-de-praticiens-territoriaux-d-f8d773872918/article/article-JORFTEXT000028819547-338/content,Le nombre de contrats de praticiens territoriaux de médecine générale est fixé à 400.,85
https://w3id.org/semleg/legimaintlex/resource/document/arrete-du-14-mars-2014-fixant-le-nombre-de-contrats-de-praticiens-territoriaux-d-f8d773872918/article/article-JORFTEXT000028819547-339,article-JORFTEXT000028819547-339,https://w3id.org/semleg/legimaintlex/resource/document/arrete-du-14-mars-2014-fixant-le-nombre-de-contrats-de-praticiens-territoriaux-d-f8d773872918,JORFTEXT000028819547,,['Accessibilité handicapés'],2014-03-14,https://w3id.org/semleg/legimaintlex/resource/document/arrete-du-14-mars-2014-fixant-le-nombre-de-contrats-de-praticiens-territoriaux-d-f8d773872918/article/article-JORFTEXT000028819547-339/content,L'arrêté du 14 août 2013 (NOR : AFSH1317324A) fixant au titre de l'année 2013 le nombre de contrats de praticiens territoriaux de médecine générale est abrogé.,159
https://w3id.org/semleg/legimaintlex/resource/document/arrete-du-14-mars-2014-fixant-les-dispositions-relatives-a-l-accessibilite-des-l-59cbe5ce5d41/article/article-JORFTEXT000028725282-329,article-JORFTEXT000028725282-329,https://w3id.org/semleg/legimaintlex/resource/document/arrete-du-14-mars-2014-fixant-les-dispositions-relatives-a-l-accessibilite-des-l-59cbe5ce5d41,JORFTEXT000028725282,,['Accessibilité handicapés'],2014-03-14,https://w3id.org/semleg/legimaintlex/resource/document/arrete-du-14-mars-2014-fixant-les-dispositions-relatives-a-l-accessibilite-des-l-59cbe5ce5d41/article/article-JORFTEXT000028725282-329/content,"Dispositions relatives aux cheminements extérieurs, au stationnement automobile, aux accès aux bâtiments ainsi qu'aux circulations intérieures horizontales et verticales, aux revêtements des sols, murs et plafonds, aux portes, aux sas, aux équipements, aux dispositifs de commande et de service et à l'éclairage des parties communes. Les cheminements extérieurs, le stationnement automobile, les accès aux bâtiments, les circulations intérieures horizontales et verticales, les revêtements des sols, les murs et plafonds, les portes et les sas, les équipements et les dispositifs de commande et de service et l'éclairage des parties communes des bâtiments d'habitation collectifs composés de logements destinés à l'occupation temporaire ou saisonnière dont la gestion et l'entretien sont organisés et assurés de façon permanente respectent les articles 2 à 10 de l'arrêté du 1er août 2006 modifié fixant les dispositions prises pour l'application des articles R. 111-18 à R. 111-18-7 du code de la construction et de l'habitation relatives à l'accessibilité des personnes handicapées des bâtiments d'habitation collectifs et des maisons individuelles lors de leur construction. Les cheminements extérieurs, le stationnement automobile, les locaux collectifs, les équipements et les dispositifs de commande et de service et les portes et portails situés sur les cheminements extérieurs accessibles des ensembles résidentiels composés de maisons individuelles comportant des logements destinés à l'occupation temporaire ou saisonnière dont la gestion et l'entretien sont organisés et assurés de façon permanente respectent les articles 18 à 22 de l'arrêté du 1er août 2006 modifié fixant les dispositions prises pour l'application des articles R. 111-18 à R. 111-18-7 du code de la construction et de l'habitation relatives à l'accessibilité des personnes handicapées des bâtiments d'habitation collectifs et des maisons individuelles lors de leur construction.",1959
https://w3id.org/semleg/legimaintlex/resource/document/arrete-du-14-mars-2014-fixant-les-dispositions-relatives-a-l-accessibilite-des-l-59cbe5ce5d41/article/article-JORFTEXT000028725282-330,article-JORFTEXT000028725282-330,https://w3id.org/semleg/legimaintlex/resource/document/arrete-du-14-mars-2014-fixant-les-dispositions-relatives-a-l-accessibilite-des-l-59cbe5ce5d41,JORFTEXT000028725282,,['Accessibilité handicapés'],2014-03-14,https://w3id.org/semleg/legimaintlex/resource/document/arrete-du-14-mars-2014-fixant-les-dispositions-relatives-a-l-accessibilite-des-l-59cbe5ce5d41/article/article-JORFTEXT000028725282-330/content,"1. Signalétique et identification des ensembles résidentiels L'objectif est de faciliter la localisation de l'ensemble résidentiel et des prestations qui lui sont associées ainsi que l'orientation au sein de ce dernier. Une signalétique adaptée, répondant aux exigences de l'annexe III, est mise en place depuis l'accès de la résidence, elle est complétée judicieusement par un contraste visuel et tactile des cheminements facilitant l'orientation et le guidage au sein de l'ensemble résidentiel. 2. Caractéristiques dimensionnelles des logements L'objectif est qu'une personne handicapée puisse entrer dans le logement, se rendre dans la pièce principale et y circuler. La largeur minimale de la circulation permettant le cheminement de l'entrée du logement jusqu'à la pièce principale est de 0,90 mètre. La largeur de passage de la porte d'entrée ainsi que de la porte d'accès à la pièce principale est de 0,83 mètre. La largeur de passage utile minimale des portes intérieures au logement est de 0,77 mètre. S'il ne peut être évité, le ressaut dû au seuil de la porte d'entrée comporte au moins un bord arrondi ou muni d'un chanfrein, et sa hauteur maximale est de 2 centimètres. La pièce principale permet de ménager un espace de retournement. 3. Atteinte et usage L'objectif est de faciliter pour tous l'usage des équipements installés dans les logements ainsi que le repérage de ces éléments structurants. Les éléments structurants sont les dispositifs de commande, les mains courantes, les éléments fixes, qui présentent un contraste visuel et tactile par rapport à leur environnement. Tous les dispositifs de commande, à l'exception des dispositifs de manœuvre des fenêtres situées au-dessus d'un mobilier ou équipement fixé au sol, tels que le plan de travail de cuisine, la baignoire, l'évier, sont manœuvrables aisément, y compris par les personnes de petite taille. Un interrupteur de commande d'éclairage est situé en entrée de chaque pièce. 4. Dispositions relatives aux escaliers des logements L'objectif est de garantir le confort d'usage des escaliers réalisés entre deux niveaux d'un logement. Une mezzanine, plancher intermédiaire ménagé dans la hauteur comprise entre deux niveaux ou entre le dernier plancher et la toiture d'un bâtiment, dont la surface n'excède pas 50 % du niveau le plus grand qu'elle surplombe n'est pas considérée comme un niveau. Ainsi, dans les logements réalisés sur plusieurs niveaux, les escaliers intérieurs répondent aux dispositions suivantes : Caractéristiques dimensionnelles : La largeur minimale de l'emmarchement de l'escalier est de 0,80 mètre. Lorsqu'une main courante empiète sur l'emmarchement de plus de 0,10 mètre, la largeur à prendre en compte se mesure à l'aplomb de la main courante. Les marches d'escalier sont conformes aux exigences suivantes : ― hauteur inférieure ou égale à 18 centimètres ; ― largeur du giron supérieure ou égale à 24 centimètres. Atteinte et usage : Lorsqu'il est inséré entre parois pleines, l'escalier comporte au moins une main courante située entre 0,80 et 1 mètre du nez de marche, assurant une continuité d'appui, rigide et facilement préhensible. Les nez de marches ne présentent pas de débord excessif par rapport à la contremarche. Au moins une main courante se prolonge horizontalement de la longueur d'une marche au-delà de la première et de la dernière marche de chaque volée sans pour autant créer d'obstacle au niveau des circulations horizontales. Sécurité d'usage : L'escalier comporte un dispositif d'éclairage artificiel, commandé aux différents niveaux desservis.",3571
https://w3id.org/semleg/legimaintlex/resource/document/arrete-du-14-mars-2014-fixant-les-dispositions-relatives-a-l-accessibilite-des-l-59cbe5ce5d41/article/article-JORFTEXT000028725282-331,article-JORFTEXT000028725282-331,https://w3id.org/semleg/legimaintlex/resource/document/arrete-du-14-mars-2014-fixant-les-dispositions-relatives-a-l-accessibilite-des-l-59cbe5ce5d41,JORFTEXT000028725282,,['Accessibilité handicapés'],2014-03-14,https://w3id.org/semleg/legimaintlex/resource/document/arrete-du-14-mars-2014-fixant-les-dispositions-relatives-a-l-accessibilite-des-l-59cbe5ce5d41/article/article-JORFTEXT000028725282-331/content,"Dispositions relatives aux caractéristiques communes applicables à tous les logements. Les différents objectifs et les caractéristiques minimales y afférentes énoncées ci-après garantissent que tous les logements puissent être visités par une personne handicapée et occupés par une personne sourde, malentendante, aveugle, malvoyante ou présentant une déficience mentale. Des solutions d'effet équivalent peuvent être mises en œuvre dès lors que celles-ci satisfont aux mêmes objectifs.",486
https://w3id.org/semleg/legimaintlex/resource/document/arrete-du-14-mars-2014-fixant-les-dispositions-relatives-a-l-accessibilite-des-l-59cbe5ce5d41/article/article-JORFTEXT000028725282-332,article-JORFTEXT000028725282-332,https://w3id.org/semleg/legimaintlex/resource/document/arrete-du-14-mars-2014-fixant-les-dispositions-relatives-a-l-accessibilite-des-l-59cbe5ce5d41,JORFTEXT000028725282,,['Accessibilité handicapés'],2014-03-14,https://w3id.org/semleg/legimaintlex/resource/document/arrete-du-14-mars-2014-fixant-les-dispositions-relatives-a-l-accessibilite-des-l-59cbe5ce5d41/article/article-JORFTEXT000028725282-332/content,"Les dispositions du présent arrêté sont prises pour l'application des articles R. 111-18-1, R. 111-18-2 (II) et R. 111-18-6 (III) du code de la construction et de l'habitation relatifs aux logements destinés à l'occupation temporaire ou saisonnière dont la gestion et l'entretien sont organisés et assurés de façon permanente. Sont concernés par le présent arrêté notamment : ― les logements des résidences de tourisme, classées ou non au titre du code du tourisme ; ― les logements des résidences pour étudiants ; ― les logements des résidences hôtelières à vocation sociale mentionnées à l'article L. 631-11 du présent code ; ― les logements meublés destinés aux salariés ou aux stagiaires tenus, pour des raisons professionnelles liées à l'exercice d'une activité à caractère saisonnier ou d'une activité temporaire d'une durée comprise entre trois mois et un an, ou pour des raisons de formation, de se loger hors de leur résidence principale ; ― la partie habitation des logement-foyers dont la durée maximale de séjour est fixée dans le projet d'établissement tels que les hébergements à titre principal des jeunes travailleurs ou ceux dénommés « résidences sociales ».",1175
https://w3id.org/semleg/legimaintlex/resource/document/arrete-du-14-mars-2014-fixant-les-dispositions-relatives-a-l-accessibilite-des-l-59cbe5ce5d41/article/article-JORFTEXT000028725282-333,article-JORFTEXT000028725282-333,https://w3id.org/semleg/legimaintlex/resource/document/arrete-du-14-mars-2014-fixant-les-dispositions-relatives-a-l-accessibilite-des-l-59cbe5ce5d41,JORFTEXT000028725282,,['Accessibilité handicapés'],2014-03-14,https://w3id.org/semleg/legimaintlex/resource/document/arrete-du-14-mars-2014-fixant-les-dispositions-relatives-a-l-accessibilite-des-l-59cbe5ce5d41/article/article-JORFTEXT000028725282-333/content,"1. Généralités Le logement se situe en rez-de-chaussée ou à un étage desservi par ascenseur et présente une unité de vie accessible. Cette unité de vie comprend, au sens du présent arrêté : un espace cuisine, un espace séjour, un cabinet d'aisances et une salle d'eau et une chambre ou une partie du studio aménagée en chambre. En outre, dans les résidences de tourisme, si le programme comporte des logements de type 3 ou plus, 2 % des logements du programme comportent au moins deux chambres accessibles, avec un minimum d'un logement par type et dans la limite du nombre de logements accessibles de type 3 ou plus. Ces logements sont inclus dans le pourcentage de logements définis à l'article 4. Le nombre de logements est arrondi à l'unité supérieure. Dès lors que l'ensemble des logements destinés à l'occupation temporaire ou saisonnière dont la gestion et l'entretien sont organisés et assurés de façon permanente ne possède pas de salle d'eau ou de cabinet d'aisances dans les logements, la salle d'eau commune ou le cabinet d'aisances commun qui est affecté au logement accessible est le plus proche possible de ce dernier, accessible et utilisable par une personne handicapée. Dès lors que l'ensemble des logements destinés à l'occupation temporaire ou saisonnière dont la gestion et l'entretien sont organisés et assurés de façon permanente ne possède pas de cuisine privative et dès lors qu'il existe une cuisine collective, cette dernière est accessible et utilisable par une personne handicapée. 2. Caractéristiques supplémentaires et équipements présents dès la construction Une personne dont le fauteuil roulant présente des caractéristiques dimensionnelles définies à l'annexe I peut : ― passer dans toutes les circulations intérieures du logement conduisant à l'ensemble des pièces de l'unité de vie ; ― pénétrer dans toutes ces pièces ; ― utiliser l'intégralité de leurs fonctions. En outre, dès lors qu'il existe un balcon, une loggia ou une terrasse présentant une profondeur de plus de 60 centimètres située au niveau d'accès du logement, au moins un accès depuis une pièce de vie doit être conçu de manière telle que le seuil et les portes permettent, par des aménagements simples, le passage d'une personne en fauteuil roulant. Ces objectifs sont réputés satisfaits si les caractéristiques supplémentaires énoncées ci-après sont respectées et si les équipements sont accessibles. Des solutions d'effet équivalent peuvent être mises en œuvre dès lors que celles-ci satisfont aux mêmes objectifs. 3. Caractéristiques dimensionnelles La largeur minimale de toutes les circulations intérieures du logement est de 0,90 mètre. Une chambre, ou la partie du studio aménagée en chambre, accessible, offre, en dehors du débattement de la porte et de l'emprise du lit de dimensions minimales 0,90 × 1,90 mètre pour les logements conçus pour n'accueillir qu'une personne et de 1,40 × 1,90 mètre sinon : ― un espace libre d'au moins 1,50 mètre de diamètre ; ― un passage d'au moins 0,90 mètre sur les deux grands côtés du lit et un passage d'au moins 1,20 mètre sur le petit côté libre du lit, ou un passage d'au moins 1,20 mètre sur les deux grands côtés du lit et un passage d'au moins 0,90 mètre sur le petit côté libre du lit. Dans le cas d'un logement ne comportant qu'une pièce principale, le passage de 0,90 mètre ou de 1,20 mètre n'est exigé que sur un grand côté, le lit pouvant être considéré accolé à une paroi. Un espace cuisine, accessible, offre un espace minimal de 1,50 mètre devant les meubles fixes et les appareils ménagers installés ou prévisibles compte tenu des possibilités de branchement et d'évacuation. Un passage libre est ménagé sous l'évier afin de permettre son utilisation par une personne en fauteuil roulant. Les appareils de cuisson et leurs commandes sont utilisables par une personne en fauteuil roulant. Une salle d'eau, accessible, offre un espace libre d'au moins 1,50 mètre de diamètre en dehors du débattement de la porte et des équipements fixes et comporte dès la livraison une douche accessible équipée de barres d'appui. Un passage libre est ménagé sous un lavabo afin de permettre son utilisation par une personne en fauteuil roulant. Un cabinet d'aisances accessible offre : ― un espace libre accessible à une personne en fauteuil roulant d'au moins 0,80 × 1,30 mètre latéralement à la cuvette et en dehors du débattement de la porte ; ― un espace de manœuvre avec possibilité de demi-tour dont les caractéristiques dimensionnelles sont définies à l'annexe 2 ; ― un dispositif permettant de refermer la porte derrière soi une fois entré ; ― un lave-mains dont le plan supérieur est situé à une hauteur maximale de 0,85 mètre ; ― une barre de transfert permettant le transfert d'une personne à mobilité réduite. La salle d'eau et le cabinet d'aisances peuvent être mutualisés. Au moins un accès au balcon, à la terrasse ou à la loggia depuis une pièce de vie respecte les dispositions suivantes : ― le passage utile doit avoir une largeur de 0,83 mètre au minimum ; ― afin de minimiser le ressaut dû au seuil de la porte-fenêtre, la hauteur du seuil de la menuiserie doit être inférieure ou égale à 2 centimètres. La hauteur du rejingot doit être égale à la hauteur minimale admise par les règles de l'art en vigueur pour assurer la garde d'eau nécessaire. Afin de limiter le ressaut du côté extérieur à une hauteur inférieure ou égale à 2 centimètres, un dispositif de mise à niveau du plancher, tel qu'un caillebotis, des dalles sur plots ou tout autre système équivalent sera installé dès la livraison. Pour le respect des règles de sécurité en vigueur, la hauteur du garde-corps sera mesurée par rapport à la surface accessible. 4. Atteinte et usage A l'intérieur du logement, il doit exister, devant la porte d'entrée, un espace de manœuvre de porte dont les caractéristiques dimensionnelles sont définies à l'annexe II. La poignée de la porte d'entrée est facilement préhensible. Son extrémité est située à 0,40 mètre et sa serrure à 0,30 mètre au moins d'un angle de paroi ou d'un obstacle gênant la manœuvre d'une personne en fauteuil roulant. Dans l'ensemble des pièces du logement, les prises d'alimentation électrique imposées par les règlements applicables sont situées à une hauteur inférieure ou égale à 1,30 mètre du sol. Pour chacune des pièces de l'unité de vie, des volumes de rangements sont accessibles à une personne en fauteuil roulant et une prise est présente à l'entrée, au droit de l'interrupteur et à une hauteur comprise entre 0,40 mètre et 1,30 mètre, à l'exception du cabinet d'aisances, dès lors qu'il est indépendant, sous réserve des règles de sécurité électrique en vigueur. Tous les dispositifs de commande des pièces de l'unité de vie sont entre 0,90 et 1,30 mètre.",6759
https://w3id.org/semleg/legimaintlex/resource/document/arrete-du-14-mars-2014-fixant-les-dispositions-relatives-a-l-accessibilite-des-l-59cbe5ce5d41/article/article-JORFTEXT000028725282-334,article-JORFTEXT000028725282-334,https://w3id.org/semleg/legimaintlex/resource/document/arrete-du-14-mars-2014-fixant-les-dispositions-relatives-a-l-accessibilite-des-l-59cbe5ce5d41,JORFTEXT000028725282,,['Accessibilité handicapés'],2014-03-14,https://w3id.org/semleg/legimaintlex/resource/document/arrete-du-14-mars-2014-fixant-les-dispositions-relatives-a-l-accessibilite-des-l-59cbe5ce5d41/article/article-JORFTEXT000028725282-334/content,Dispositions relatives aux caractéristiques supplémentaires et aux équipements applicables aux logements définis à l'article 4.,127
https://w3id.org/semleg/legimaintlex/resource/document/arrete-du-14-mars-2014-fixant-les-dispositions-relatives-a-l-accessibilite-des-l-59cbe5ce5d41/article/article-JORFTEXT000028725282-335,article-JORFTEXT000028725282-335,https://w3id.org/semleg/legimaintlex/resource/document/arrete-du-14-mars-2014-fixant-les-dispositions-relatives-a-l-accessibilite-des-l-59cbe5ce5d41,JORFTEXT000028725282,,['Accessibilité handicapés'],2014-03-14,https://w3id.org/semleg/legimaintlex/resource/document/arrete-du-14-mars-2014-fixant-les-dispositions-relatives-a-l-accessibilite-des-l-59cbe5ce5d41/article/article-JORFTEXT000028725282-335/content,"Définition du pourcentage de logements présentant des caractéristiques supplémentaires et des équipements. L'objectif est, pour un certain nombre de logements, de permettre l'accès aux personnes handicapées à toutes les pièces de l'unité de vie et un usage de toutes leurs fonctions, ceci sans travaux préalables. Ainsi, au sein d'un ensemble de logements destinés à l'occupation temporaire ou saisonnière dont la gestion et l'entretien sont organisés et assurés de façon permanente, un pourcentage de ces logements présente, outre les caractéristiques minimales définies à l'article 3, des caractéristiques supplémentaires et des équipements. Ce pourcentage de logements ne saurait être inférieur à 5 %, arrondi à l'unité supérieure et avec un minimum d'un logement. Pour les résidences de tourisme, classées ou non au titre du code du tourisme , ce pourcentage est porté à 10 %.",880
https://w3id.org/semleg/legimaintlex/resource/document/arrete-du-14-mars-2014-fixant-les-dispositions-relatives-a-l-accessibilite-des-l-59cbe5ce5d41/article/article-JORFTEXT000028725282-336,article-JORFTEXT000028725282-336,https://w3id.org/semleg/legimaintlex/resource/document/arrete-du-14-mars-2014-fixant-les-dispositions-relatives-a-l-accessibilite-des-l-59cbe5ce5d41,JORFTEXT000028725282,,['Accessibilité handicapés'],2014-03-14,https://w3id.org/semleg/legimaintlex/resource/document/arrete-du-14-mars-2014-fixant-les-dispositions-relatives-a-l-accessibilite-des-l-59cbe5ce5d41/article/article-JORFTEXT000028725282-336/content,Les dispositions du présent arrêté sont applicables aux constructions pour lesquelles les travaux n'ont pas débuté lors de son entrée en vigueur.,145
https://w3id.org/semleg/legimaintlex/resource/document/arrete-du-14-mars-2014-fixant-les-dispositions-relatives-a-l-accessibilite-des-l-59cbe5ce5d41/article/article-JORFTEXT000028725282-337,article-JORFTEXT000028725282-337,https://w3id.org/semleg/legimaintlex/resource/document/arrete-du-14-mars-2014-fixant-les-dispositions-relatives-a-l-accessibilite-des-l-59cbe5ce5d41,JORFTEXT000028725282,,['Accessibilité handicapés'],2014-03-14,https://w3id.org/semleg/legimaintlex/resource/document/arrete-du-14-mars-2014-fixant-les-dispositions-relatives-a-l-accessibilite-des-l-59cbe5ce5d41/article/article-JORFTEXT000028725282-337/content,Des prestations propres à assurer la qualité de séjour des personnes handicapées sont proposées par le gestionnaire des logements. Peuvent notamment être proposés : ― des dispositifs d'aide à la communication ; ― des dispositifs d'aide à l'utilisation des matériels audiovisuels ; ― des dispositifs d'aide à l'utilisation du logement et des équipements proposés dans la résidence.,380
https://w3id.org/semleg/legimaintlex/resource/document/arrete-du-14-mars-2014-modifiant-l-arrete-du-20-mai-1999-portant-creation-de-la-4ca798e30680/article/article-JORFTEXT000028786478-328,article-JORFTEXT000028786478-328,https://w3id.org/semleg/legimaintlex/resource/document/arrete-du-14-mars-2014-modifiant-l-arrete-du-20-mai-1999-portant-creation-de-la-4ca798e30680,JORFTEXT000028786478,,['Accessibilité handicapés'],2014-03-14,https://w3id.org/semleg/legimaintlex/resource/document/arrete-du-14-mars-2014-modifiant-l-arrete-du-20-mai-1999-portant-creation-de-la-4ca798e30680/article/article-JORFTEXT000028786478-328/content,Les dispositions de l'article 4 de l'arrêté du 20 mai 1999 susvisé sont remplacées par les dispositions suivantes : « Le secrétariat permanent de la commission est assuré par la mission de la langue française et de l'éducation. »,229
https://w3id.org/semleg/legimaintlex/resource/document/arrete-du-14-mars-2014-modifiant-l-arrete-du-23-aout-2011-portant-organisation-e-f7446d4b34a9/article/article-JORFTEXT000028725332-311,article-JORFTEXT000028725332-311,https://w3id.org/semleg/legimaintlex/resource/document/arrete-du-14-mars-2014-modifiant-l-arrete-du-23-aout-2011-portant-organisation-e-f7446d4b34a9,JORFTEXT000028725332,,['Accessibilité handicapés'],2014-03-14,https://w3id.org/semleg/legimaintlex/resource/document/arrete-du-14-mars-2014-modifiant-l-arrete-du-23-aout-2011-portant-organisation-e-f7446d4b34a9/article/article-JORFTEXT000028725332-311/content,"L'article 1erest ainsi complété : « Le Centre national civil et militaire de formation et d'entraînement aux événements de nature nucléaire, radiologique, biologique, chimique et explosive est placé auprès du directeur général de la sécurité civile et de la gestion des crises. »",279
https://w3id.org/semleg/legimaintlex/resource/document/arrete-du-14-mars-2014-modifiant-l-arrete-du-23-aout-2011-portant-organisation-e-f7446d4b34a9/article/article-JORFTEXT000028725332-312,article-JORFTEXT000028725332-312,https://w3id.org/semleg/legimaintlex/resource/document/arrete-du-14-mars-2014-modifiant-l-arrete-du-23-aout-2011-portant-organisation-e-f7446d4b34a9,JORFTEXT000028725332,,['Accessibilité handicapés'],2014-03-14,https://w3id.org/semleg/legimaintlex/resource/document/arrete-du-14-mars-2014-modifiant-l-arrete-du-23-aout-2011-portant-organisation-e-f7446d4b34a9/article/article-JORFTEXT000028725332-312/content,L'arrêté du 23 août 2011 susvisé est modifié conformément aux articles 2 et 3 du présent arrêté.,96
https://w3id.org/semleg/legimaintlex/resource/document/arrete-du-14-mars-2014-modifiant-l-arrete-du-23-aout-2011-portant-organisation-e-f7446d4b34a9/article/article-JORFTEXT000028725332-313,article-JORFTEXT000028725332-313,https://w3id.org/semleg/legimaintlex/resource/document/arrete-du-14-mars-2014-modifiant-l-arrete-du-23-aout-2011-portant-organisation-e-f7446d4b34a9,JORFTEXT000028725332,,['Accessibilité handicapés'],2014-03-14,https://w3id.org/semleg/legimaintlex/resource/document/arrete-du-14-mars-2014-modifiant-l-arrete-du-23-aout-2011-portant-organisation-e-f7446d4b34a9/article/article-JORFTEXT000028725332-313/content,"L'article 9 est ainsi modifié : a) Au troisième alinéa, les termes : « opérations et gestion interministérielle des crises » sont remplacés par les termes : « des opérations et de la gestion de crise » ; b) Au quatrième alinéa, les termes : « d'expertise résilience aux risques » sont remplacés par les termes : « d'analyse et de gestion des risques » ; c) Il est ajouté un alinéa ainsi rédigé : « Le Centre national civil et militaire de formation et d'entraînement aux événements de nature nucléaire, radiologique, biologique, chimique et explosive est rattaché fonctionnellement à cette sous-direction. »",607
https://w3id.org/semleg/legimaintlex/resource/document/arrete-du-14-mars-2014-modifiant-l-arrete-du-28-janvier-2011-fixant-la-liste-des-0affcd5b4e43/article/article-JORFTEXT000028819824-340,article-JORFTEXT000028819824-340,https://w3id.org/semleg/legimaintlex/resource/document/arrete-du-14-mars-2014-modifiant-l-arrete-du-28-janvier-2011-fixant-la-liste-des-0affcd5b4e43,JORFTEXT000028819824,,['Accessibilité handicapés'],2014-03-14,https://w3id.org/semleg/legimaintlex/resource/document/arrete-du-14-mars-2014-modifiant-l-arrete-du-28-janvier-2011-fixant-la-liste-des-0affcd5b4e43/article/article-JORFTEXT000028819824-340/content,Les mots de l'article 3 de l'arrêté du 28 janvier 2011 susvisé : « ― responsable du dispositif dédié à la réparation des conséquences sanitaires des essais nucléaires à la direction des ressources humaines du ministère de la défense ; » sont remplacés par : « ― chef du secrétariat du comité d'indemnisation des victimes des essais nucléaires français ; ».,356
https://w3id.org/semleg/legimaintlex/resource/document/arrete-du-14-mars-2014-modifiant-l-arrete-du-28-janvier-2011-fixant-la-liste-des-0affcd5b4e43/article/article-JORFTEXT000028819824-341,article-JORFTEXT000028819824-341,https://w3id.org/semleg/legimaintlex/resource/document/arrete-du-14-mars-2014-modifiant-l-arrete-du-28-janvier-2011-fixant-la-liste-des-0affcd5b4e43,JORFTEXT000028819824,,['Accessibilité handicapés'],2014-03-14,https://w3id.org/semleg/legimaintlex/resource/document/arrete-du-14-mars-2014-modifiant-l-arrete-du-28-janvier-2011-fixant-la-liste-des-0affcd5b4e43/article/article-JORFTEXT000028819824-341/content,"Les dispositions des articles 1er, 2, 3 et 4 du présent arrêté entrent en vigueur à compter du 1er janvier 2014. Les dispositions de l'article 5 du présent arrêté entrent en vigueur à compter du 17 février 2014. Les dispositions de l'article 6 du présent arrêté entrent en vigueur à compter du 1er avril 2013.",309
https://w3id.org/semleg/legimaintlex/resource/document/arrete-du-14-mars-2014-modifiant-l-arrete-du-28-janvier-2011-fixant-la-liste-des-0affcd5b4e43/article/article-JORFTEXT000028819824-342,article-JORFTEXT000028819824-342,https://w3id.org/semleg/legimaintlex/resource/document/arrete-du-14-mars-2014-modifiant-l-arrete-du-28-janvier-2011-fixant-la-liste-des-0affcd5b4e43,JORFTEXT000028819824,,['Accessibilité handicapés'],2014-03-14,https://w3id.org/semleg/legimaintlex/resource/document/arrete-du-14-mars-2014-modifiant-l-arrete-du-28-janvier-2011-fixant-la-liste-des-0affcd5b4e43/article/article-JORFTEXT000028819824-342/content,L'article 3 de l'arrêté du 28 janvier 2011 susvisé est ainsi complété : « ― chef de la division gestion administrative et paie du centre ministériel de gestion de Rennes ; ».,174
https://w3id.org/semleg/legimaintlex/resource/document/arrete-du-14-mars-2014-modifiant-l-arrete-du-28-janvier-2011-fixant-la-liste-des-0affcd5b4e43/article/article-JORFTEXT000028819824-343,article-JORFTEXT000028819824-343,https://w3id.org/semleg/legimaintlex/resource/document/arrete-du-14-mars-2014-modifiant-l-arrete-du-28-janvier-2011-fixant-la-liste-des-0affcd5b4e43,JORFTEXT000028819824,,['Accessibilité handicapés'],2014-03-14,https://w3id.org/semleg/legimaintlex/resource/document/arrete-du-14-mars-2014-modifiant-l-arrete-du-28-janvier-2011-fixant-la-liste-des-0affcd5b4e43/article/article-JORFTEXT000028819824-343/content,Les mots de l'article 3 de l'arrêté du 28 janvier 2011 susvisé : « ― chef du bureau du contentieux contractuel et domanial à la direction des affaires juridiques ; » sont remplacés par : « ― adjoint au chef du département de la gestion ministérielle des ressources humaines civiles de la direction des ressources humaines du ministère de la défense ; ».,353
https://w3id.org/semleg/legimaintlex/resource/document/arrete-du-14-mars-2014-modifiant-l-arrete-du-28-janvier-2011-fixant-la-liste-des-0affcd5b4e43/article/article-JORFTEXT000028819824-344,article-JORFTEXT000028819824-344,https://w3id.org/semleg/legimaintlex/resource/document/arrete-du-14-mars-2014-modifiant-l-arrete-du-28-janvier-2011-fixant-la-liste-des-0affcd5b4e43,JORFTEXT000028819824,,['Accessibilité handicapés'],2014-03-14,https://w3id.org/semleg/legimaintlex/resource/document/arrete-du-14-mars-2014-modifiant-l-arrete-du-28-janvier-2011-fixant-la-liste-des-0affcd5b4e43/article/article-JORFTEXT000028819824-344/content,"Les mots de l'article 2 de l'arrêté du 28 janvier 2011 susvisé : « ― conseiller de haut niveau du directeur du service national, chargé de mission ; » sont remplacés par : « ― adjoint au directeur du centre ministériel de gestion de Saint-Germain-en-Laye ; ».",259
https://w3id.org/semleg/legimaintlex/resource/document/arrete-du-14-mars-2014-modifiant-l-arrete-du-28-janvier-2011-fixant-la-liste-des-0affcd5b4e43/article/article-JORFTEXT000028819824-345,article-JORFTEXT000028819824-345,https://w3id.org/semleg/legimaintlex/resource/document/arrete-du-14-mars-2014-modifiant-l-arrete-du-28-janvier-2011-fixant-la-liste-des-0affcd5b4e43,JORFTEXT000028819824,,['Accessibilité handicapés'],2014-03-14,https://w3id.org/semleg/legimaintlex/resource/document/arrete-du-14-mars-2014-modifiant-l-arrete-du-28-janvier-2011-fixant-la-liste-des-0affcd5b4e43/article/article-JORFTEXT000028819824-345/content,Les mots de l'article 2 de l'arrêté du 28 janvier 2011 susvisé : « ― chef du bureau des pensions de retraite à la direction des ressources humaines du ministère de la défense ; » sont supprimés.,194
https://w3id.org/semleg/legimaintlex/resource/document/arrete-du-14-mars-2014-modifiant-l-arrete-du-28-janvier-2011-fixant-la-liste-des-0affcd5b4e43/article/article-JORFTEXT000028819824-346,article-JORFTEXT000028819824-346,https://w3id.org/semleg/legimaintlex/resource/document/arrete-du-14-mars-2014-modifiant-l-arrete-du-28-janvier-2011-fixant-la-liste-des-0affcd5b4e43,JORFTEXT000028819824,,['Accessibilité handicapés'],2014-03-14,https://w3id.org/semleg/legimaintlex/resource/document/arrete-du-14-mars-2014-modifiant-l-arrete-du-28-janvier-2011-fixant-la-liste-des-0affcd5b4e43/article/article-JORFTEXT000028819824-346/content,Les mots de l'article 3 de l'arrêté du 28 janvier 2011 susvisé : « ― chargé de mission auprès du sous-directeur des pensions de la direction des ressources humaines du ministère de la défense ; » sont remplacés par : « ― chef de la division gestion administrative et paie du centre ministériel de gestion de Toulon ; ».,319
https://w3id.org/semleg/legimaintlex/resource/document/arrete-du-14-mars-2014-portant-creation-de-la-specialite-monteur-en-installation-6ca6f50c3f40/article/article-JORFTEXT000028819494-317,article-JORFTEXT000028819494-317,https://w3id.org/semleg/legimaintlex/resource/document/arrete-du-14-mars-2014-portant-creation-de-la-specialite-monteur-en-installation-6ca6f50c3f40,JORFTEXT000028819494,,['Accessibilité handicapés'],2014-03-14,https://w3id.org/semleg/legimaintlex/resource/document/arrete-du-14-mars-2014-portant-creation-de-la-specialite-monteur-en-installation-6ca6f50c3f40/article/article-JORFTEXT000028819494-317/content,"Les candidats doivent également justifier d'une période d'activité professionnelle : ― soit de cinq années effectuées à temps plein ou à temps partiel dans un emploi en rapport avec la finalité de la spécialité « monteur en installations du génie climatique et sanitaire » du brevet professionnel ; ― soit, s'ils possèdent un diplôme ou titre homologué classé au niveau V ou à un niveau supérieur figurant sur la liste prévue en annexe II au présent arrêté, de deux années effectuées à temps plein ou à temps partiel dans un emploi en rapport avec la finalité de la spécialité « monteur en installations du génie climatique et sanitaire » du brevet professionnel. Au titre de ces deux années, peut être prise en compte la durée du contrat de travail de type particulier préparant à la spécialité monteur en installations du génie climatique et sanitaire du brevet professionnel effectuée après l'obtention du diplôme ou titre figurant sur la liste précitée. La durée de deux années peut être réduite, sans pouvoir être inférieure à vingt mois, pour les candidats titulaires d'un contrat de travail de type particulier dont la durée effective est inférieure à deux ans au moment du passage de l'examen et qui ont bénéficié d'une formation en centre de huit cents heures minimum ; ― soit de six mois à un an s'ils sont titulaires d'une spécialité de baccalauréat du même secteur professionnel que la spécialité du brevet professionnel postulée.",1442
https://w3id.org/semleg/legimaintlex/resource/document/arrete-du-14-mars-2014-portant-creation-de-la-specialite-monteur-en-installation-6ca6f50c3f40/article/article-JORFTEXT000028819494-318,article-JORFTEXT000028819494-318,https://w3id.org/semleg/legimaintlex/resource/document/arrete-du-14-mars-2014-portant-creation-de-la-specialite-monteur-en-installation-6ca6f50c3f40,JORFTEXT000028819494,,['Accessibilité handicapés'],2014-03-14,https://w3id.org/semleg/legimaintlex/resource/document/arrete-du-14-mars-2014-portant-creation-de-la-specialite-monteur-en-installation-6ca6f50c3f40/article/article-JORFTEXT000028819494-318/content,Le règlement d'examen de la spécialité « monteur en installations du génie climatique et sanitaire » du brevet professionnel est fixé en annexe III au présent arrêté. La définition des épreuves ponctuelles et des situations d'évaluation en cours de formation est fixée en annexe IV au présent arrêté.,300
https://w3id.org/semleg/legimaintlex/resource/document/arrete-du-14-mars-2014-portant-creation-de-la-specialite-monteur-en-installation-6ca6f50c3f40/article/article-JORFTEXT000028819494-319,article-JORFTEXT000028819494-319,https://w3id.org/semleg/legimaintlex/resource/document/arrete-du-14-mars-2014-portant-creation-de-la-specialite-monteur-en-installation-6ca6f50c3f40,JORFTEXT000028819494,,['Accessibilité handicapés'],2014-03-14,https://w3id.org/semleg/legimaintlex/resource/document/arrete-du-14-mars-2014-portant-creation-de-la-specialite-monteur-en-installation-6ca6f50c3f40/article/article-JORFTEXT000028819494-319/content,"La première session de la spécialité « monteur en installations du génie climatique et sanitaire » du brevet professionnel organisée conformément aux dispositions du présent arrêté aura lieu en 2016. La dernière session du brevet professionnel équipements sanitaires organisée conformément aux dispositions de l'arrêté du 27 juillet 1999 modifié susvisé portant création du brevet professionnel équipements sanitaires aura lieu en 2015. A l'issue de cette session, l'arrêté du 27 juillet 1999 modifié susvisé est abrogé. La dernière session du brevet professionnel monteur en installations du génie climatique organisée conformément aux dispositions de l'arrêté du 3 septembre 1997 modifié susvisé aura lieu en 2015. A l'issue de cette session, l'arrêté du 3 septembre 1997 modifié susvisé est abrogé.",801
https://w3id.org/semleg/legimaintlex/resource/document/arrete-du-14-mars-2014-portant-creation-de-la-specialite-monteur-en-installation-6ca6f50c3f40/article/article-JORFTEXT000028819494-320,article-JORFTEXT000028819494-320,https://w3id.org/semleg/legimaintlex/resource/document/arrete-du-14-mars-2014-portant-creation-de-la-specialite-monteur-en-installation-6ca6f50c3f40,JORFTEXT000028819494,,['Accessibilité handicapés'],2014-03-14,https://w3id.org/semleg/legimaintlex/resource/document/arrete-du-14-mars-2014-portant-creation-de-la-specialite-monteur-en-installation-6ca6f50c3f40/article/article-JORFTEXT000028819494-320/content,"Chaque candidat précise au moment de son inscription s'il se présente à l'examen dans sa forme globale ou dans sa forme progressive conformément aux dispositions de l'article D. 337-106 et des articles D. 337-14 et D. 337-15 du code de l'éducation. Dans le cas de la forme progressive, il précise en outre les épreuves ou unités qu'il souhaite subir à la session pour laquelle il s'inscrit.",390
https://w3id.org/semleg/legimaintlex/resource/document/arrete-du-14-mars-2014-portant-creation-de-la-specialite-monteur-en-installation-6ca6f50c3f40/article/article-JORFTEXT000028819494-321,article-JORFTEXT000028819494-321,https://w3id.org/semleg/legimaintlex/resource/document/arrete-du-14-mars-2014-portant-creation-de-la-specialite-monteur-en-installation-6ca6f50c3f40,JORFTEXT000028819494,,['Accessibilité handicapés'],2014-03-14,https://w3id.org/semleg/legimaintlex/resource/document/arrete-du-14-mars-2014-portant-creation-de-la-specialite-monteur-en-installation-6ca6f50c3f40/article/article-JORFTEXT000028819494-321/content,Les candidats préparant la spécialité « monteur en installations du génie climatique et sanitaire » du brevet professionnel par la voie de la formation professionnelle continue doivent justifier d'une formation d'une durée de quatre cent vingt heures minimum. Cette durée de formation peut être réduite par décision de positionnement prise par le recteur conformément aux articles D. 337-103 et D. 337-107 du code de l'éducation. Les candidats préparant la spécialité « monteur en installations du génie climatique et sanitaire » du brevet professionnel par la voie de l'apprentissage doivent justifier d'une formation en centre de formation d'apprentis ou section d'apprentissage d'une durée minimum de quatre-cent-vingt heures par an en moyenne. Cette durée de formation peut être réduite ou allongée dans les conditions prévues par le code du travail . Les candidats titulaires d'une spécialité de baccalauréat professionnel du même secteur professionnel que la spécialité du brevet professionnel postulée doivent justifier d'une formation d'une durée minimum de deux cent quarante heures.,1092
https://w3id.org/semleg/legimaintlex/resource/document/arrete-du-14-mars-2014-portant-creation-de-la-specialite-monteur-en-installation-6ca6f50c3f40/article/article-JORFTEXT000028819494-322,article-JORFTEXT000028819494-322,https://w3id.org/semleg/legimaintlex/resource/document/arrete-du-14-mars-2014-portant-creation-de-la-specialite-monteur-en-installation-6ca6f50c3f40,JORFTEXT000028819494,,['Accessibilité handicapés'],2014-03-14,https://w3id.org/semleg/legimaintlex/resource/document/arrete-du-14-mars-2014-portant-creation-de-la-specialite-monteur-en-installation-6ca6f50c3f40/article/article-JORFTEXT000028819494-322/content,La spécialité « monteur en installations du génie climatique et sanitaire » du brevet professionnel est délivrée aux candidats ayant subi avec succès l'examen défini par le présent arrêté conformément aux dispositions des articles D. 337-105 à D. 337-118 du code de l'éducation .,279
https://w3id.org/semleg/legimaintlex/resource/document/arrete-du-14-mars-2014-portant-creation-de-la-specialite-monteur-en-installation-6ca6f50c3f40/article/article-JORFTEXT000028819494-323,article-JORFTEXT000028819494-323,https://w3id.org/semleg/legimaintlex/resource/document/arrete-du-14-mars-2014-portant-creation-de-la-specialite-monteur-en-installation-6ca6f50c3f40,JORFTEXT000028819494,,['Accessibilité handicapés'],2014-03-14,https://w3id.org/semleg/legimaintlex/resource/document/arrete-du-14-mars-2014-portant-creation-de-la-specialite-monteur-en-installation-6ca6f50c3f40/article/article-JORFTEXT000028819494-323/content,"Les correspondances entre, d'une part, les épreuves de l'examen organisé conformément à l'arrêté du 3 septembre 1997 modifié susvisé et, d'autre part, les épreuves de l'examen défini par le présent arrêté sont précisées en annexe V au présent arrêté. Les correspondances entre, d'une part, les épreuves de l'examen organisé conformément à l'arrêté du 27 juillet 1999 modifié susvisé et, d'autre part, les épreuves de l'examen défini par le présent arrêté sont précisées en annexe V au présent arrêté. La durée de validité des notes que le candidat demande à conserver obtenues aux épreuves de l'examen subi suivant les dispositions des arrêtés des 3 septembre 1997 et 27 juillet 1999 susvisés est reportée, dans les conditions prévues aux alinéas précédents, dans le cadre de l'examen organisé selon les dispositions du présent arrêté, conformément aux articles D. 337-107 et D. 337-115 du code de l'éducation et à compter de la date d'obtention de ce résultat.",961
https://w3id.org/semleg/legimaintlex/resource/document/arrete-du-14-mars-2014-portant-creation-de-la-specialite-monteur-en-installation-6ca6f50c3f40/article/article-JORFTEXT000028819494-324,article-JORFTEXT000028819494-324,https://w3id.org/semleg/legimaintlex/resource/document/arrete-du-14-mars-2014-portant-creation-de-la-specialite-monteur-en-installation-6ca6f50c3f40,JORFTEXT000028819494,,['Accessibilité handicapés'],2014-03-14,https://w3id.org/semleg/legimaintlex/resource/document/arrete-du-14-mars-2014-portant-creation-de-la-specialite-monteur-en-installation-6ca6f50c3f40/article/article-JORFTEXT000028819494-324/content,Il est créé la spécialité « monteur en installations du génie climatique et sanitaire » du brevet professionnel dont la définition et les conditions de délivrance sont fixées conformément aux dispositions du présent arrêté.,223
https://w3id.org/semleg/legimaintlex/resource/document/arrete-du-14-mars-2014-portant-creation-de-la-specialite-monteur-en-installation-6ca6f50c3f40/article/article-JORFTEXT000028819494-325,article-JORFTEXT000028819494-325,https://w3id.org/semleg/legimaintlex/resource/document/arrete-du-14-mars-2014-portant-creation-de-la-specialite-monteur-en-installation-6ca6f50c3f40,JORFTEXT000028819494,,['Accessibilité handicapés'],2014-03-14,https://w3id.org/semleg/legimaintlex/resource/document/arrete-du-14-mars-2014-portant-creation-de-la-specialite-monteur-en-installation-6ca6f50c3f40/article/article-JORFTEXT000028819494-325/content,Les unités constitutives du référentiel de certification de la spécialité « monteur en installations du génie climatique et sanitaire » du brevet professionnel sont définies en annexe I au présent arrêté.,204
https://w3id.org/semleg/legimaintlex/resource/document/arrete-du-14-mars-2014-portant-creation-de-la-specialite-monteur-en-installation-6ca6f50c3f40/article/article-JORFTEXT000028819494-326,article-JORFTEXT000028819494-326,https://w3id.org/semleg/legimaintlex/resource/document/arrete-du-14-mars-2014-portant-creation-de-la-specialite-monteur-en-installation-6ca6f50c3f40,JORFTEXT000028819494,,['Accessibilité handicapés'],2014-03-14,https://w3id.org/semleg/legimaintlex/resource/document/arrete-du-14-mars-2014-portant-creation-de-la-specialite-monteur-en-installation-6ca6f50c3f40/article/article-JORFTEXT000028819494-326/content,Les candidats à la spécialité « monteur en installations du génie climatique et sanitaire » du brevet professionnel se présentant à l'ensemble des unités du diplôme ou à la dernière unité ouvrant droit à la délivrance du diplôme doivent remplir les conditions de formation et de pratique professionnelle précisées aux articles 4 et 5 ci-après.,343
https://w3id.org/semleg/legimaintlex/resource/document/arrete-du-14-mars-2014-portant-creation-de-la-specialite-monteur-en-installation-6ca6f50c3f40/article/article-JORFTEXT000028819494-327,article-JORFTEXT000028819494-327,https://w3id.org/semleg/legimaintlex/resource/document/arrete-du-14-mars-2014-portant-creation-de-la-specialite-monteur-en-installation-6ca6f50c3f40,JORFTEXT000028819494,,['Accessibilité handicapés'],2014-03-14,https://w3id.org/semleg/legimaintlex/resource/document/arrete-du-14-mars-2014-portant-creation-de-la-specialite-monteur-en-installation-6ca6f50c3f40/article/article-JORFTEXT000028819494-327/content,"Les candidats titulaires du baccalauréat professionnel technicien en installation des systèmes énergétiques et climatiques créé par l'arrêté du 3 mai 2006 modifié susvisé peuvent, à leur demande, être dispensés de l'unité U10 de la spécialité « monteur en installations du génie climatique et sanitaire » du brevet professionnel créé par le présent arrêté.",356
https://w3id.org/semleg/legimaintlex/resource/document/arrete-du-14-mars-2014-portant-repartition-regionale-des-contrats-de-praticiens-4890e9e607cf/article/article-JORFTEXT000028819542-309,article-JORFTEXT000028819542-309,https://w3id.org/semleg/legimaintlex/resource/document/arrete-du-14-mars-2014-portant-repartition-regionale-des-contrats-de-praticiens-4890e9e607cf,JORFTEXT000028819542,,['Accessibilité handicapés'],2014-03-14,https://w3id.org/semleg/legimaintlex/resource/document/arrete-du-14-mars-2014-portant-repartition-regionale-des-contrats-de-praticiens-4890e9e607cf/article/article-JORFTEXT000028819542-309/content,"Les contrats de praticiens territoriaux de médecine générale dont le nombre est fixé par l'arrêté du 14 mars 2014 sont répartis de la manière suivante : ARS NOMBRE DE PTMG Alsace 8 Aquitaine 12 Auvergne 18 Basse-Normandie 13 Bourgogne 32 Bretagne 20 Centre 26 Champagne-Ardenne 18 Corse 3 Franche-Comté 13 Haute-Normandie 18 Ile-de-France 22 Languedoc-Roussillon 12 Limousin 8 Lorraine 12 Midi-Pyrénées 14 Nord - Pas-de-Calais 5 Pays de la Loire 12 Picardie 16 Poitou-Charentes 17 Provence-Alpes-Côte d'Azur 15 Rhône-Alpes 63 France métropolitaine 377 Guadeloupe, Saint-Martin et Saint-Barthélemy 6 Martinique 6 Guyane 5 Océan Indien 6 DOM 23 France 400 Cette répartition peut faire l'objet d'un ajustement infra-annuel.",720
https://w3id.org/semleg/legimaintlex/resource/document/arrete-du-14-mars-2014-portant-repartition-regionale-des-contrats-de-praticiens-4890e9e607cf/article/article-JORFTEXT000028819542-310,article-JORFTEXT000028819542-310,https://w3id.org/semleg/legimaintlex/resource/document/arrete-du-14-mars-2014-portant-repartition-regionale-des-contrats-de-praticiens-4890e9e607cf,JORFTEXT000028819542,,['Accessibilité handicapés'],2014-03-14,https://w3id.org/semleg/legimaintlex/resource/document/arrete-du-14-mars-2014-portant-repartition-regionale-des-contrats-de-praticiens-4890e9e607cf/article/article-JORFTEXT000028819542-310/content,L'arrêté du 14 août 2013 (NOR : AFSH1317206A) portant répartition régionale des contrats de praticiens territoriaux de médecine générale au titre de l'année 2013 est abrogé.,173
https://w3id.org/semleg/legimaintlex/resource/document/arrete-du-14-mars-2014-relatif-aux-indemnites-susceptibles-d-etre-versees-aux-me-b90919035689/article/article-JORFTEXT000028725236-314,article-JORFTEXT000028725236-314,https://w3id.org/semleg/legimaintlex/resource/document/arrete-du-14-mars-2014-relatif-aux-indemnites-susceptibles-d-etre-versees-aux-me-b90919035689,JORFTEXT000028725236,,['Accessibilité handicapés'],2014-03-14,https://w3id.org/semleg/legimaintlex/resource/document/arrete-du-14-mars-2014-relatif-aux-indemnites-susceptibles-d-etre-versees-aux-me-b90919035689/article/article-JORFTEXT000028725236-314/content,"En application de l' article 8 du décret du 23 décembre 2013 susvisé , les membres de la Haute Autorité pour la transparence de la vie publique perçoivent, pour chaque réunion à laquelle ils participent, une indemnité forfaitaire dont le montant est fixé à 250 euros dans la limite d'un plafond annuel de 7 500 euros. Ils peuvent également percevoir une indemnité forfaitaire dont le montant est fixé à 250 euros pour chaque rapport dont ils sont chargés par le président, dans la limite d'un plafond annuel fixé à 1 000 euros.",527
https://w3id.org/semleg/legimaintlex/resource/document/arrete-du-14-mars-2014-relatif-aux-indemnites-susceptibles-d-etre-versees-aux-me-b90919035689/article/article-JORFTEXT000028725236-315,article-JORFTEXT000028725236-315,https://w3id.org/semleg/legimaintlex/resource/document/arrete-du-14-mars-2014-relatif-aux-indemnites-susceptibles-d-etre-versees-aux-me-b90919035689,JORFTEXT000028725236,,['Accessibilité handicapés'],2014-03-14,https://w3id.org/semleg/legimaintlex/resource/document/arrete-du-14-mars-2014-relatif-aux-indemnites-susceptibles-d-etre-versees-aux-me-b90919035689/article/article-JORFTEXT000028725236-315/content,"En application de l' article 13 du décret du 23 décembre 2013 susvisé , les rapporteurs de la Haute Autorité pour la transparence de la vie publique perçoivent, pour chaque dossier qui leur est confié, une indemnité forfaitaire égale au produit d'un montant de base et d'un coefficient de modulation, dans la limite d'un plafond mensuel de 900 euros. Le montant de base est fixé à 90 euros. Le coefficient de modulation est déterminé par le président de la Haute Autorité en fonction de la complexité du dossier. Il est compris entre 1/3 et 3.",543
https://w3id.org/semleg/legimaintlex/resource/document/arrete-du-15-janvier-2007-portant-application-du-decret-n-2006-1658-du-21-decemb-e7d443cbd1e3/article/article-JORFTEXT000000646680-494,article-JORFTEXT000000646680-494,https://w3id.org/semleg/legimaintlex/resource/document/arrete-du-15-janvier-2007-portant-application-du-decret-n-2006-1658-du-21-decemb-e7d443cbd1e3,JORFTEXT000000646680,,['Accessibilité handicapés'],2007-01-15,https://w3id.org/semleg/legimaintlex/resource/document/arrete-du-15-janvier-2007-portant-application-du-decret-n-2006-1658-du-21-decemb-e7d443cbd1e3/article/article-JORFTEXT000000646680-494/content,Les caractéristiques techniques destinées à faciliter l'accessibilité aux personnes handicapées ou à mobilité réduite des équipements et aménagements relatifs à la voirie et aux espaces publics sont les suivantes :,214
https://w3id.org/semleg/legimaintlex/resource/document/arrete-du-15-janvier-2007-portant-application-du-decret-n-2006-1658-du-21-decemb-e7d443cbd1e3/article/article-JORFTEXT000000646680-496,article-JORFTEXT000000646680-496,https://w3id.org/semleg/legimaintlex/resource/document/arrete-du-15-janvier-2007-portant-application-du-decret-n-2006-1658-du-21-decemb-e7d443cbd1e3,JORFTEXT000000646680,,['Accessibilité handicapés'],2007-01-15,https://w3id.org/semleg/legimaintlex/resource/document/arrete-du-15-janvier-2007-portant-application-du-decret-n-2006-1658-du-21-decemb-e7d443cbd1e3/article/article-JORFTEXT000000646680-496/content,"En cas d'impossibilité technique de satisfaire aux prescriptions imposées par le décret n° 2006-1658 du 21 décembre 2006 susvisé ou par le présent arrêté, l'autorité gestionnaire de la voie ou de l'espace public objet du projet de construction, d'aménagement ou de travaux tels que définis à l'article 1er du décret n° 2006-1657 du 21 décembre 2006 susvisé sollicite l'avis de la commission consultative départementale de sécurité et d'accessibilité pour dérogation à une ou plusieurs règles d'accessibilité dans les conditions suivantes : - la demande est adressée au préfet en qualité de président de ladite commission avant approbation du projet ; - la demande est accompagnée d'un dossier établi en trois exemplaires comprenant tous les plans et documents permettant à la commission de se prononcer sur la pertinence de la dérogation ; - lorsque la demande de dérogation est justifiée par des contraintes liées à la protection d'espaces protégés, l'avis de l'architecte des Bâtiments de France est joint au dossier. A défaut de réponse de la commission dans un délai de deux mois à compter de la date à laquelle son président a reçu la demande, l'avis demandé est réputé favorable. Si le dossier est incomplet, le président de la commission invite le demandeur, par lettre recommandée avec accusé de réception et dans le mois suivant la réception de la demande, à fournir les pièces complémentaires. Dans ce cas, le délai d'instruction de deux mois commence à courir à compter de la réception des pièces complétant le dossier.",1530
https://w3id.org/semleg/legimaintlex/resource/document/arrete-du-15-janvier-2007-portant-application-du-decret-n-2006-1658-du-21-decemb-e7d443cbd1e3/article/article-JORFTEXT000000646680-497,article-JORFTEXT000000646680-497,https://w3id.org/semleg/legimaintlex/resource/document/arrete-du-15-janvier-2007-portant-application-du-decret-n-2006-1658-du-21-decemb-e7d443cbd1e3,JORFTEXT000000646680,,['Accessibilité handicapés'],2007-01-15,https://w3id.org/semleg/legimaintlex/resource/document/arrete-du-15-janvier-2007-portant-application-du-decret-n-2006-1658-du-21-decemb-e7d443cbd1e3/article/article-JORFTEXT000000646680-497/content,"1° Pentes Lorsqu'une pente est nécessaire pour franchir une dénivellation, elle est inférieure à 5 %. Lorsqu'elle dépasse 4 %, un palier de repos est aménagé en haut et en bas de chaque plan incliné et tous les 10 mètres en cheminement continu. Un garde-corps permettant de prendre appui est obligatoire le long de toute rupture de niveau de plus de 0,40 mètre de hauteur. En cas d'impossibilité technique, due notamment à la topographie et à la disposition des constructions existantes, une pente de cheminement supérieure à 5 % est tolérée. Cette pente peut aller jusqu'à 8 % sur une longueur inférieure ou égale à 2 mètres et jusqu'à 12 % sur une longueur inférieure ou égale à 0,50 mètre. 2° Paliers de repos Les paliers de repos sont horizontaux et ménagent un espace rectangulaire de 1,20 mètre par 1,40 mètre, hors obstacle éventuel. Ils sont aménagés conformément aux prescriptions du 1° du présent article et à chaque bifurcation du cheminement. 3° Profil en travers En cheminement courant, le dévers est inférieur ou égal à 2 %. La largeur minimale du cheminement est de 1,40 mètre libre de mobilier ou de tout autre obstacle éventuel. Cette largeur peut toutefois être réduite à 1,20 mètre en l'absence de mur ou d'obstacle de part et d'autre du cheminement. 4° Traversées pour piétons Au droit de chaque traversée pour piétons, des « abaissés » de trottoir, ou « bateaux », sont réalisés avec des ressauts respectant les prescriptions du 5° du présent article. La partie abaissée du bateau a une largeur minimale de 1,20 mètre et les pentes des plans inclinés sont conformes au 1° du présent article. Si la largeur du trottoir le permet, un passage horizontal d'au moins 0,80 mètre est réservé au droit des traversées pour piétons entre la pente du plan incliné vers la chaussée et le cadre bâti ou tout autre obstacle. Une bande d'éveil de vigilance conforme aux normes en vigueur est implantée pour avertir les personnes aveugles ou malvoyantes au droit des traversées matérialisées. Les passages pour piétons sont dotés d'un marquage réglementaire conformément à l'arrêté du 16 février 1988 modifié susvisé, et notamment aux dispositions de l'article 113 de l'instruction interministérielle sur la signalisation routière, septième partie (Marques sur chaussées). Ils comportent un contraste visuel, tel que précisé en annexe 1 du présent arrêté. Un contraste tactile appliqué sur la chaussée ou le marquage, ou tout autre dispositif assurant la même efficacité, permet de se situer sur les passages pour piétons ou d'en détecter les limites. Les matériaux utilisés et les éventuels dispositifs d'éclairage respectent les dispositions de l'annexe 2 du présent arrêté. 5° Ressauts Les ressauts sur les cheminements et au droit des passages pour piétons sont à bords arrondis ou munis de chanfreins. La hauteur des ressauts est au maximum de 2 centimètres. Elle peut atteindre 4 centimètres lorsque les ressauts sont aménagés en chanfrein « à un pour trois ». La distance minimale entre deux ressauts successifs est de 2,50 mètres. Les pentes comportant plusieurs ressauts successifs, dits « pas-d'âne », sont interdites. 6° Equipements et mobiliers sur cheminement a) Les trous ou fentes dans le sol résultant de la présence de grilles ou autres équipements ont un diamètre ou une largeur inférieurs à 2 centimètres. b) Afin de faciliter leur détection par les personnes malvoyantes, les bornes et poteaux et autres mobiliers urbains situés sur les cheminements comportent une partie contrastée soit avec son support, soit avec son arrière-plan selon les modalités définies en annexe 1 du présent arrêté. La partie de couleur contrastée est constituée d'une bande d'au moins 10 centimètres de hauteur apposée sur le pourtour du support ou sur chacune de ses faces, sur une longueur au moins égale au tiers de sa largeur, et à une hauteur comprise entre 1,20 mètre et 1,40 mètre. Ce contraste est réalisé dans la partie haute des bornes et poteaux d'une hauteur inférieure ou égale à 1,30 mètre. La hauteur de la partie contrastée peut alors être adaptée si elle permet d'atteindre un résultat équivalent. Les dispositifs d'éclairage répondent aux prescriptions indiquées dans l'annexe 2 du présent arrêté. c) La largeur et la hauteur des bornes et poteaux respectent l'abaque de détection d'obstacles représenté dans l'annexe 3 du présent arrêté. Tout mobilier urbain sur poteaux ou sur pieds comporte un élément bas situé à l'aplomb des parties surélevées lorsque celles-ci ne ménagent pas un passage libre d'au moins 2,20 mètres de hauteur. Cet élément est installé au maximum à 0,40 mètre du sol. d) S'ils ne peuvent être évités sur le cheminement, les obstacles répondent aux exigences suivantes : - s'ils sont en porte-à-faux, ils laissent un passage libre d'au moins 2,20 mètres de hauteur ; - s'ils sont en saillie latérale de plus de 15 centimètres et laissent un passage libre inférieur à 2,20 mètres de hauteur, ils sont rappelés par un élément bas installé au maximum à 0,40 mètre du sol ou par une surépaisseur au sol d'au moins 3 centimètres de hauteur. e) Si un cheminement pour piétons comporte un dispositif de passage sélectif, ou « chicane », sans alternative, ce dispositif permet le passage d'un fauteuil roulant d'un gabarit de 0,80 mètre par 1,30 mètre. 7° Escaliers, à l'exception des escaliers mécaniques La largeur minimale d'un escalier est de 1,20 mètre s'il ne comporte aucun mur de chaque côté, de 1,30 mètre s'il comporte un mur d'un seul côté et de 1,40 mètre s'il est placé entre deux murs. La hauteur maximale des marches est de 16 centimètres. La largeur minimale du giron des marches est de 28 centimètres. Le nez des première et dernière marches est visible, avec un contraste visuel tel que défini en annexe 2 du présent arrêté. Il présente une largeur de 5 centimètres au minimum. Tout escalier de trois marches ou plus comporte une main courante de chaque côté ou une main courante intermédiaire permettant de prendre appui de part et d'autre. Au moins une double main courante intermédiaire est implantée lorsque l'escalier est d'une largeur supérieure à 4,20 mètres. Il y a au moins un passage d'une largeur minimale de 1,20 mètre entre mains courantes. Chaque main courante dépasse les première et dernière marches de chaque volée d'une largeur au moins égale au giron. La main courante est positionnée à une hauteur comprise entre 0,80 mètre et 1 mètre mesurée à la verticale des nez de marches. Toutefois, lorsque la main courante fait fonction de garde-corps, celle-ci se situe à la hauteur minimale requise pour le garde-corps. 8° Stationnement réservé Un emplacement réservé ne peut être d'une largeur inférieure à 3,30 mètres et présente une pente et un dévers transversal inférieurs à 2 %. S'il n'est pas de plain-pied avec le trottoir, un passage d'une largeur au moins égale à 0,80 mètre permet de rejoindre le trottoir en sécurité sans emprunter la chaussée au moyen d'un abaissé aménagé conformément aux prescriptions énoncées au 4° du présent article. Par dérogation à la règle énoncée à l'alinéa précédent, en cas de stationnement longitudinal à gauche et de plain-pied avec le trottoir, la largeur de l'emplacement prévu pour le véhicule peut être réduite à 2 mètres, à condition de ménager une largeur de trottoir de 1,80 mètre comprenant une bande latérale matérialisée de 0,80 mètre au droit de cet emplacement. Les emplacements réservés sont signalés conformément à l'arrêté du 7 juin 1977 et à l'arrêté du 16 février 1988 susvisés, et notamment aux dispositions de l'article 55 et de l'article 118 de l'instruction interministérielle sur la signalisation routière, quatrième partie (Signalisation de prescription) et septième partie (Marques sur chaussées). Ils sont répartis de manière homogène sur la totalité de la voirie de la commune, selon un plan de zonage élaboré après avis de la commission communale pour l'accessibilité aux personnes handicapées ou dans le cadre du plan de mise en accessibilité de la voirie et des espaces publics. En cas de stationnement payant, les instructions figurant sur les parcmètres ou les horodateurs sont lisibles en toute condition en position assise comme en position debout. Les commandes permettant d'actionner le dispositif de paiement sont situées entre 0,90 mètre et 1,30 mètre du sol. 9° Signalétique et systèmes d'information, hors signalisation routière Les informations visuelles apposées sur le mobilier urbain et destinées à l'indication des lieux ou à l'information du public peuvent être doublées par un signal sonore. Les informations visuelles sont facilement compréhensibles, lisibles en toutes conditions, y compris d'éclairage, visibles en position debout comme en position assise et contrastées par rapport au fond, tel que précisé en annexe 1 du présent arrêté. Les caractères ont une hauteur de 1,5 centimètre au minimum pour une lecture proche, de 15 centimètres pour une lecture à 4 mètres et de 20 centimètres pour une lecture à 6 mètres. Lorsque le système d'information comporte des commandes, leur surface de contact tactile est située entre 0,90 mètre et 1,30 mètre du sol. Ces éléments sont identifiés par un pictogramme ou une inscription en relief. Le dispositif peut être atteint par une personne en fauteuil roulant, un espace d'au moins 0,90 mètre par 1,30 mètre en permettant l'usage sans danger. Lorsque des messages sonores doublent les messages visuels, ils sont délivrés par un matériel permettant à une personne présentant une déficience auditive de les comprendre. Les escaliers et, chaque fois que cela est possible, les autres équipements susceptibles d'être signalés au moyen d'idéogrammes sont indiqués de cette manière. 10° Feux de circulation permanents Les signaux pour les piétons associés aux feux de signalisation lumineuse sont complétés par des dispositifs sonores ou tactiles conformes à l'arrêté du 21 juin 1991 susvisé, et notamment aux dispositions de l'article 110.2 de l'instruction interministérielle de signalisation routière, sixième partie (Feux de circulation permanents), et aux normes en vigueur. 11° Postes d'appel d'urgence Les postes d'appel d'urgence sont conformes aux normes en vigueur. Ils sont munis du matériel nécessaire pour délivrer un retour d'information pouvant être reçu et interprété par une personne handicapée. 12° Emplacements d'arrêt de véhicule de transport collectif L'emplacement d'arrêt, jusqu'à la bordure, est situé à une hauteur adaptée aux matériels roulants qui circulent sur la ligne de transport. Au moins un cheminement donnant accès à l'aire d'attente des voyageurs est totalement dégagé d'obstacle depuis le trottoir. Une largeur minimale de passage de 0,90 mètre, libre de tout obstacle, est disponible entre le nez de bordure de l'emplacement d'arrêt et le retour d'un abri pour voyageur éventuel. Si le cheminement pour piétons n'est pas accessible du côté du cadre bâti, cette largeur est au minimum de 1,40 mètre. Une aire de rotation de 1,50 mètre de diamètre permet la manoeuvre d'un fauteuil roulant qui utilise le dispositif d'aide à l'embarquement ou au débarquement du véhicule. En milieu urbain, sauf en cas d'impossibilité technique, les arrêts sont aménagés en alignement ou « en avancée ». Les lignes de transport et leur destination sont indiquées à chaque emplacement d'arrêt desservi par celles-ci. Le nom, la lettre ou le numéro identifiant éventuellement la ligne est indiqué en caractères de 12 centimètres de hauteur au minimum et de couleur contrastée par rapport au fond, tel que précisé en annexe 1 du présent arrêté. Le nom du point d'arrêt peut être lu perpendiculairement à l'axe de la chaussée. Il doit commencer par une lettre majuscule suivie de minuscules et comporter des caractères d'au moins 8 centimètres de hauteur contrastés par rapport au fond, tel que défini en annexe 1 du présent arrêté. Dans le cas d'un emplacement d'arrêt de transport guidé surélevé à plus de 26 centimètres de hauteur par rapport à la chaussée, une bande d'éveil de vigilance conforme aux normes en vigueur est implantée sur toute la longueur de l'arrêt.",12084
https://w3id.org/semleg/legimaintlex/resource/document/arrete-du-15-janvier-2007-portant-application-du-decret-n-2006-1658-du-21-decemb-e7d443cbd1e3/article/article-JORFTEXT000000646680-498,article-JORFTEXT000000646680-498,https://w3id.org/semleg/legimaintlex/resource/document/arrete-du-15-janvier-2007-portant-application-du-decret-n-2006-1658-du-21-decemb-e7d443cbd1e3,JORFTEXT000000646680,,['Accessibilité handicapés'],2007-01-15,https://w3id.org/semleg/legimaintlex/resource/document/arrete-du-15-janvier-2007-portant-application-du-decret-n-2006-1658-du-21-decemb-e7d443cbd1e3/article/article-JORFTEXT000000646680-498/content,L'arrêté du 31 août 1999 relatif aux prescriptions concernant l'accessibilité aux personnes handicapées de la voirie publique ou privée ouverte à la circulation publique pris pour l'application de l'article 2 de la loi n° 91-663 du 13 juillet 1991 est abrogé.,259
https://w3id.org/semleg/legimaintlex/resource/document/arrete-du-15-janvier-2007-portant-creation-a-titre-experimental-d-un-traitement-78ad7128d668/article/article-JORFTEXT000000462584-486,article-JORFTEXT000000462584-486,https://w3id.org/semleg/legimaintlex/resource/document/arrete-du-15-janvier-2007-portant-creation-a-titre-experimental-d-un-traitement-78ad7128d668,JORFTEXT000000462584,,['Accessibilité handicapés'],2007-01-15,https://w3id.org/semleg/legimaintlex/resource/document/arrete-du-15-janvier-2007-portant-creation-a-titre-experimental-d-un-traitement-78ad7128d668/article/article-JORFTEXT000000462584-486/content,"Les destinataires des informations enregistrées dans le traitement automatisé prévu à l'article 1er sont : - le directeur de l'administration pénitentiaire ; - le directeur des affaires criminelles et des grâces ; - les magistrats et fonctionnaires de la direction de l'administration pénitentiaire, ainsi que de la direction des affaires criminelles et des grâces chargés du suivi et de la mise en oeuvre de l'expérimentation ; - les directeurs régionaux des services pénitentiaires des sites expérimentaux ; - les personnels de l'administration pénitentiaire affectés aux pôles centralisateurs chargés de la mise en oeuvre du PSEM dans le cadre de l'expérimentation ; - les personnels des services pénitentiaires d'insertion et de probation chargés de l'exécution de la mesure ; - les magistrats et fonctionnaires habilités des juridictions de l'application des peines situées dans le ressort des directions régionales des services pénitentiaires de Lille, de Marseille, de Paris et de Rennes.",995
https://w3id.org/semleg/legimaintlex/resource/document/arrete-du-15-janvier-2007-portant-creation-a-titre-experimental-d-un-traitement-78ad7128d668/article/article-JORFTEXT000000462584-487,article-JORFTEXT000000462584-487,https://w3id.org/semleg/legimaintlex/resource/document/arrete-du-15-janvier-2007-portant-creation-a-titre-experimental-d-un-traitement-78ad7128d668,JORFTEXT000000462584,,['Accessibilité handicapés'],2007-01-15,https://w3id.org/semleg/legimaintlex/resource/document/arrete-du-15-janvier-2007-portant-creation-a-titre-experimental-d-un-traitement-78ad7128d668/article/article-JORFTEXT000000462584-487/content,La durée de conservation des informations mentionnées à l'article 2 est de deux ans à compter de leur enregistrement.,117
https://w3id.org/semleg/legimaintlex/resource/document/arrete-du-15-janvier-2007-portant-creation-a-titre-experimental-d-un-traitement-78ad7128d668/article/article-JORFTEXT000000462584-488,article-JORFTEXT000000462584-488,https://w3id.org/semleg/legimaintlex/resource/document/arrete-du-15-janvier-2007-portant-creation-a-titre-experimental-d-un-traitement-78ad7128d668,JORFTEXT000000462584,,['Accessibilité handicapés'],2007-01-15,https://w3id.org/semleg/legimaintlex/resource/document/arrete-du-15-janvier-2007-portant-creation-a-titre-experimental-d-un-traitement-78ad7128d668/article/article-JORFTEXT000000462584-488/content,"Est autorisée la création, à titre expérimental dans les directions régionales des services pénitentiaires de Lille, de Marseille, de Paris et de Rennes, par le ministère de la justice (direction de l'administration pénitentiaire) d'un traitement automatisé des données à caractère personnel des personnes condamnées, placées sous surveillance électronique mobile (PSEM) avec leur consentement, dans le cadre d'une libération conditionnelle. Ce traitement a pour finalité d'assurer : - le contrôle à distance de leur localisation et leur suivi ; - leur recherche et leur interpellation en cas de non-respect de leurs obligations.",629
https://w3id.org/semleg/legimaintlex/resource/document/arrete-du-15-janvier-2007-portant-creation-a-titre-experimental-d-un-traitement-78ad7128d668/article/article-JORFTEXT000000462584-489,article-JORFTEXT000000462584-489,https://w3id.org/semleg/legimaintlex/resource/document/arrete-du-15-janvier-2007-portant-creation-a-titre-experimental-d-un-traitement-78ad7128d668,JORFTEXT000000462584,,['Accessibilité handicapés'],2007-01-15,https://w3id.org/semleg/legimaintlex/resource/document/arrete-du-15-janvier-2007-portant-creation-a-titre-experimental-d-un-traitement-78ad7128d668/article/article-JORFTEXT000000462584-489/content,"Les catégories d'informations enregistrées dans le traitement automatisé prévu à l'article 1er sont : - l'identité du placé : nom de famille, nom marital, prénoms, alias, date et lieu de naissance, sexe, nationalité ; - la photographie du visage de face, la taille, le poids, la couleur des cheveux, la couleur des yeux, la description de tatouages ou cicatrices du placé ; - l'adresse de résidence du placé ; - la situation professionnelle du placé : profession, adresse professionnelle ; - la décision de condamnation : désignation de la juridiction, nature et contenu de la décision, infraction commise ; - la décision de placement : désignation de la juridiction, nature et contenu de la décision ; - les décisions modificatives de placement : désignation de la juridiction, nature et contenu de la décision ; - le numéro PSEM ; - les dates de début et de fin de la mesure de PSEM ; - les coordonnées de géolocalisation des zones d'exclusion, des zones tampon et des zones d'inclusion, ainsi que les horaires d'assignation ; - le relevé des positions du bracelet du placé à intervalles de 30 secondes ; - la liste des alarmes déclenchées, enregistrées par date, heure, minute et position.",1192
https://w3id.org/semleg/legimaintlex/resource/document/arrete-du-15-janvier-2007-portant-creation-a-titre-experimental-d-un-traitement-78ad7128d668/article/article-JORFTEXT000000462584-490,article-JORFTEXT000000462584-490,https://w3id.org/semleg/legimaintlex/resource/document/arrete-du-15-janvier-2007-portant-creation-a-titre-experimental-d-un-traitement-78ad7128d668,JORFTEXT000000462584,,['Accessibilité handicapés'],2007-01-15,https://w3id.org/semleg/legimaintlex/resource/document/arrete-du-15-janvier-2007-portant-creation-a-titre-experimental-d-un-traitement-78ad7128d668/article/article-JORFTEXT000000462584-490/content,"La présente expérimentation est autorisée dans les directions régionales de l'administration pénitentiaire indiquées à l'article 1er, pour une durée de dix-huit mois à compter de la publication du présent arrêté. Il est procédé à son évaluation.",245
https://w3id.org/semleg/legimaintlex/resource/document/arrete-du-15-janvier-2007-portant-creation-a-titre-experimental-d-un-traitement-78ad7128d668/article/article-JORFTEXT000000462584-491,article-JORFTEXT000000462584-491,https://w3id.org/semleg/legimaintlex/resource/document/arrete-du-15-janvier-2007-portant-creation-a-titre-experimental-d-un-traitement-78ad7128d668,JORFTEXT000000462584,,['Accessibilité handicapés'],2007-01-15,https://w3id.org/semleg/legimaintlex/resource/document/arrete-du-15-janvier-2007-portant-creation-a-titre-experimental-d-un-traitement-78ad7128d668/article/article-JORFTEXT000000462584-491/content,Le droit d'accès et de rectification prévu aux articles 39 et 40 de la loi du 6 janvier 1978 susvisée s'exerce auprès du directeur régional des services pénitentiaires dans le ressort duquel se déroule l'expérimentation.,220
https://w3id.org/semleg/legimaintlex/resource/document/arrete-du-15-janvier-2007-portant-creation-de-maisons-de-justice-et-du-droit-et-f4b6df9185df/article/article-JORFTEXT000000241735-499,article-JORFTEXT000000241735-499,https://w3id.org/semleg/legimaintlex/resource/document/arrete-du-15-janvier-2007-portant-creation-de-maisons-de-justice-et-du-droit-et-f4b6df9185df,JORFTEXT000000241735,,['Accessibilité handicapés'],2007-01-15,https://w3id.org/semleg/legimaintlex/resource/document/arrete-du-15-janvier-2007-portant-creation-de-maisons-de-justice-et-du-droit-et-f4b6df9185df/article/article-JORFTEXT000000241735-499/content,Le tableau IV quinquies annexé au code de l'organisation judiciaire est modifié conformément au tableau annexé au présent arrêté.,129
https://w3id.org/semleg/legimaintlex/resource/document/arrete-du-15-janvier-2007-portant-creation-de-maisons-de-justice-et-du-droit-et-f4b6df9185df/article/article-JORFTEXT000000241735-500,article-JORFTEXT000000241735-500,https://w3id.org/semleg/legimaintlex/resource/document/arrete-du-15-janvier-2007-portant-creation-de-maisons-de-justice-et-du-droit-et-f4b6df9185df,JORFTEXT000000241735,,['Accessibilité handicapés'],2007-01-15,https://w3id.org/semleg/legimaintlex/resource/document/arrete-du-15-janvier-2007-portant-creation-de-maisons-de-justice-et-du-droit-et-f4b6df9185df/article/article-JORFTEXT000000241735-500/content,Il est créé une maison de justice et du droit à Creil (tribunal de grande instance de Senlis) ; Angers (tribunal de grande instance d'Angers) ; Albertville-La Tarentaise (tribunal de grande instance d'Albertville) ; Chenôve (tribunal de grande instance de Dijon) ; Villemoisson-sur-Orge - val d'Orge (tribunal de grande instance d'Evry) ; Clichy-sous-Bois - Montfermeil (tribunal de grande instance de Bobigny) ; Troyes (tribunal de grande instance de Troyes) ; Mazamet (tribunal de grande instance de Toulouse).,512
https://w3id.org/semleg/legimaintlex/resource/document/arrete-du-15-janvier-2007-portant-creation-de-maisons-de-justice-et-du-droit-et-f4b6df9185df/article/article-JORFTEXT000000241735-501,article-JORFTEXT000000241735-501,https://w3id.org/semleg/legimaintlex/resource/document/arrete-du-15-janvier-2007-portant-creation-de-maisons-de-justice-et-du-droit-et-f4b6df9185df,JORFTEXT000000241735,,['Accessibilité handicapés'],2007-01-15,https://w3id.org/semleg/legimaintlex/resource/document/arrete-du-15-janvier-2007-portant-creation-de-maisons-de-justice-et-du-droit-et-f4b6df9185df/article/article-JORFTEXT000000241735-501/content,A N N E X E TABLEAU IV QUINQUIES Liste des maisons de justice et du droit Vous pouvez consulter le tableau dans le JO n° 20 du 24/01/2007 texte numéro 29 (Le reste sans changement.),181
https://w3id.org/semleg/legimaintlex/resource/document/arrete-du-15-janvier-2007-relatif-au-contrat-type-d-apprentissage-43600223e970/article/article-JORFTEXT000000819401-492,article-JORFTEXT000000819401-492,https://w3id.org/semleg/legimaintlex/resource/document/arrete-du-15-janvier-2007-relatif-au-contrat-type-d-apprentissage-43600223e970,JORFTEXT000000819401,,['Accessibilité handicapés'],2007-01-15,https://w3id.org/semleg/legimaintlex/resource/document/arrete-du-15-janvier-2007-relatif-au-contrat-type-d-apprentissage-43600223e970/article/article-JORFTEXT000000819401-492/content,"I. - Le contrat d'apprentissage est accompagné des documents suivants, s'ils n'ont pas été transmis antérieurement au titre d'un contrat conclu avec un apprenti préparant le même diplôme ou titre et suivi par le même maître d'apprentissage : a) Les titres ou les diplômes du maître d'apprentissage et les justificatifs de son expérience professionnelle en relation avec la qualification visée par le diplôme ou le titre préparé par l'apprenti ; b) L'avis du recteur d'académie, du directeur régional de l'agriculture et de la forêt ou du directeur régional de la jeunesse, des sports et de la vie associative lorsque le maître d'apprentissage n'a pas les titres ou les diplômes requis. II. - Le contrat d'apprentissage est accompagné, en tant que de besoin, des pièces suivantes : a) La décision prise par le recteur d'académie ou par le directeur régional de l'agriculture et de la forêt ou par le directeur régional de la jeunesse, des sports et de la vie associative de réduire ou d'allonger la durée du contrat ; b) La décision prise par le recteur d'académie ou par le directeur régional de l'agriculture et de la forêt ou par le directeur régional de la jeunesse, des sports et de la vie associative de fixer le début de l'apprentissage hors période légale ; c) L'autorisation pour l'apprenti junior de moins de 16 ans d'entrer en apprentissage à l'issue du parcours d'initiation aux métiers : ce document est délivré par le proviseur du lycée professionnel ou le directeur de centre de formation d'apprentis où s'est effectué le parcours d'initiation aux métiers ; d) L'avis de l'équipe pédagogique ayant en charge la formation d'un apprenti junior relatif à l'adaptation de la durée du contrat d'apprentissage conclu par l'apprenti junior ; e) L'autorisation accordée par l'inspecteur du travail d'affecter l'apprenti mineur à des travaux dangereux ou de lui permettre d'utiliser des machines dangereuses ; f) La fiche médicale d'aptitude délivrée par le médecin du travail ; g) Le ou les documents requis par la réglementation si l'apprenti est de nationalité étrangère.",2079
https://w3id.org/semleg/legimaintlex/resource/document/arrete-du-15-janvier-2007-relatif-au-contrat-type-d-apprentissage-43600223e970/article/article-JORFTEXT000000819401-493,article-JORFTEXT000000819401-493,https://w3id.org/semleg/legimaintlex/resource/document/arrete-du-15-janvier-2007-relatif-au-contrat-type-d-apprentissage-43600223e970,JORFTEXT000000819401,,['Accessibilité handicapés'],2007-01-15,https://w3id.org/semleg/legimaintlex/resource/document/arrete-du-15-janvier-2007-relatif-au-contrat-type-d-apprentissage-43600223e970/article/article-JORFTEXT000000819401-493/content,"Le contrat d'apprentissage est conclu entre l'employeur et l'apprenti ou, s'il est incapable, son représentant légal, conformément au CERFA FA13a annexé au présent arrêté. Le CERFA FA13a vaut également déclaration de l'employeur en vue de la formation d'apprentis prévue à l'article L. 117-5 du code du travail. Le CERFA FA14a, qui constitue la notice explicative du CERFA FA13a, est également annexé au présent arrêté.",419
https://w3id.org/semleg/legimaintlex/resource/document/arrete-du-19-avril-2017-etablissant-la-liste-des-emplois-de-conseiller-d-adminis-3d24b062ced3/article/article-JORFTEXT000034492178-220,article-JORFTEXT000034492178-220,https://w3id.org/semleg/legimaintlex/resource/document/arrete-du-19-avril-2017-etablissant-la-liste-des-emplois-de-conseiller-d-adminis-3d24b062ced3,JORFTEXT000034492178,,['Accessibilité handicapés'],2017-04-19,https://w3id.org/semleg/legimaintlex/resource/document/arrete-du-19-avril-2017-etablissant-la-liste-des-emplois-de-conseiller-d-adminis-3d24b062ced3/article/article-JORFTEXT000034492178-220/content,"En application des dispositions de l'article 5 du décret du 29 décembre 2014 susvisé , peuvent être nommés à l'échelon spécial de l'emploi de conseiller d'administration de l'aviation civile les fonctionnaires qui exercent les fonctions suivantes : I. - A la direction du transport aérien (DTA) : 1. A la mission de la gestion des ressources (MGR) : - chef de la mission de la gestion des ressources. 2. A la mission du droit du travail et des affaires sociales (MDT) : - adjoint au chef de la mission. 3. A la sous-direction des aéroports : - chargé de mission auprès du sous-directeur des aéroports ; - chef du bureau des capacités aéroportuaires (SDA2) ; - chef du bureau des affaires financières et réglementaires des aéroports (SDA3). 4. A la sous-direction du développement durable : - chef du bureau de l'environnement (SDD1). 5. A la sous-direction des études, des statistiques et de la prospective (SDE) : - chef du bureau de la prévision, de la prospective et veille économique (SDE1) ; - chef du bureau des études économiques (SDE3). 6. A la sous-direction des transporteurs et services aériens (SDT) : - chef du bureau des services aériens internationaux (SDT1) ; - chef du bureau des immatriculations (SDT3). 7. A la sous-direction de la sureté et de la défense : - chef du bureau des mesures de sûreté de l'aviation civile (SRD1) ; - chef du bureau de la coordination interministérielle de la sûreté (SRD2) ; - chef du pôle de l'analyse des risques pour l'aviation civile. 8. A la mission du droit des passagers : - chef du bureau du droit du transport aérien (MDP1). II. - Au secrétariat général : - chargé de mission audit interne. 1. A la sous-direction des affaires financières et du contrôle de gestion : - chef de bureau. 2. A la sous-direction des affaires juridiques : - adjoint au sous-directeur des affaires juridiques (SDJ) ; - chef du bureau du contentieux (SDJ2). 3. A la sous-direction des personnels (SDP) : - chef de la mission du système d'information des ressources humaines (MSIRH) ; - chef de bureau ; - chef du centre de gestion des ouvriers ; - chargé de mission contrôle de gestion et qualité. 4. A la mission du management du changement et des compétences (MC2) : - chargé de corps des attachés d'administration ; - chargé de mission modernisation des fonctions support. III. - Au département du contrôle budgétaire central (DCB) : - adjoint au chef de département, BACEA. IV. - Au service de gestion des taxes aéroportuaires (SGTA) : - chef du service. V. - Au service national d'ingénierie aéroportuaire (SNIA) : - secrétaire général. VI. - Au service des systèmes d'information et de la modernisation (SSIM) : - chef du domaine gestion des ressources. VII. - A la direction des services de la navigation aérienne : 1. A l'échelon central : - directeur du cabinet du directeur des services de la navigation aérienne. a) A la sous-direction des finances (SDFI/D) : - chef du département des dépenses et recettes hors redevances ; - chargé de mission du pilotage du pôle achat de la DSNA. b) A la sous-direction des ressources humaines : - chef du département de la gestion collective (SDRH/GC) ; - adjoint au chef du département de la gestion des corps techniques de la navigation aérienne à la sous-direction des ressources humaines. 2. A la direction des opérations (DSNA/DO) : - secrétaire général des services de la navigation aérienne de la région parisienne (SNAs/RP) ; - secrétaire général des services de la navigation aérienne de la région Grand Sud-Ouest (SNAs/GSO). 3. A la direction de la technique et de l'innovation (DSNA/DTI) : - adjoint au chef de domaine « support général ». VIII. - A la direction de la sécurité de l'aviation civile (DSAC) : 1. A l'échelon central : - directeur du cabinet du directeur de la sécurité de l'aviation civile ; - adjoint à un directeur technique. a) A la direction gestion des ressources : - adjoint au directeur gestion des ressources ; - chef de pôle formation et compétences. b) A la direction technique personnels navigants : - chef de pôle « licences » ; - chef de pôle « examen ». c) A la direction technique coopération européenne et règlementation de sécurité : - chef du pôle « personnels de l'aviation civile » ; - chef du pôle « sécurité aéroportuaire ». d) A la direction technique sûreté : - chef du pôle méthodes ; - chef du pôle agréments de sûreté. 2. Dans une direction interrégionale de la sécurité de l'aviation civile (DSAC/IR) : - délégué territorial ; - référent territorial ; - chef du département gestion des ressources de la direction de la sécurité de l'aviation civile Nord. IX. - Au bureau d'enquêtes et d'analyses pour la sécurité de l'aviation civile (BEA) : - secrétaire général. X. - A l'Ecole nationale de l'aviation civile : - chef du département ressources humaines ; - chef du département finances. XI. - A l'établissement public Météo-France : 1. Au secrétariat général : a) A la direction de la commande publique, de la logistique et du patrimoine (MF/SG/LOG) : - directeur de la commande publique, de la logistique et du patrimoine. b) Au département des affaires juridiques (MF/SG/AJ) : - chef du département. 2. A la direction des ressources humaines (MF/DRH) : - adjoint au directeur des ressources humaines. 3. A la direction du centre de Toulouse (MF/DCT) : - adjoint au directeur.",5313
https://w3id.org/semleg/legimaintlex/resource/document/arrete-du-19-avril-2017-etablissant-la-liste-des-emplois-de-conseiller-d-adminis-3d24b062ced3/article/article-JORFTEXT000034492178-221,article-JORFTEXT000034492178-221,https://w3id.org/semleg/legimaintlex/resource/document/arrete-du-19-avril-2017-etablissant-la-liste-des-emplois-de-conseiller-d-adminis-3d24b062ced3,JORFTEXT000034492178,,['Accessibilité handicapés'],2017-04-19,https://w3id.org/semleg/legimaintlex/resource/document/arrete-du-19-avril-2017-etablissant-la-liste-des-emplois-de-conseiller-d-adminis-3d24b062ced3/article/article-JORFTEXT000034492178-221/content,"En application des dispositions de l'article 5 du décret du 29 décembre 2014 susvisé , peuvent être nommés dans l'emploi de conseiller d'administration de l'aviation civile les fonctionnaires qui exercent les fonctions suivantes : I. - Au cabinet du directeur général (DG/CAB) : - chef du pôle des affaires réservées et territoriales ; - responsable de la mission mémoire de l'aviation civile. II. - A la direction du transport aérien (DTA) : - conseiller, adjoint au directeur de cabinet (DIR) ; - chef de bureau, à l'exception de ceux mentionnés à l'article 2. 1. A la sous-direction des transporteurs et services aériens (SDT) : - chargé de mission « négociation des accords aériens internationaux » auprès du sous-directeur des transporteurs et services aériens ; - adjoint à un chef du bureau. 2. A la sous-direction des aéroports (SDA) : - adjoint au chef du bureau des capacités aéroportuaires (SDA2) ; - adjoint au chef du bureau des affaires financières et réglementaires des aéroports (SDA3). 3. A la sous-direction développement durable (SDD) : - adjoint au chef de bureau de l'environnement (SDD1). 4. A la sous-direction des études, des statistiques et de la prospective (SDE) : - adjoint à un chef de bureau. 5. A la sous-direction de la sûreté et de la défense (SRD) : - adjoint au chef du bureau des mesures de sûreté de l'aviation civile (SRD1) ; - adjoint au chef du bureau de la coordination interministérielle de la sûreté (SRD2) ; - adjoint au chef du pôle d'analyse du risque pour l'aviation civile. 6. A la mission du droit des passagers (MDP) : - adjoint à un chef de bureau. 7. A la mission de la coopération internationale (MCI) : - chargé de mission. 8. A la mission de la gestion des ressources : - adjoint au chef de la mission. III. - Au service technique de l'aviation civile (STAC) : - chef du département administratif (STAC/DA). IV. - Au secrétariat général : - chef de projet chargé du plan administration exemplaire. 1. A la sous-direction des personnels (SDP) : - adjoint à un chef de bureau ou de mission ; - responsable de domaine à la mission du système d'information des ressources humaines (MSIRH). 2. A la sous-direction des affaires financières et du contrôle de gestion (SDF) : - adjoint à un chef du bureau ; - chef de la mission du système d'information financier ; - chargé de mission à la mission des achats. 3. A la sous-direction des affaires juridiques (SDJ) : - adjoint au chef du bureau des affaires juridiques générales (SDJ1) ; - adjoint au chef du bureau du contentieux (SDJ2) ; - chef du bureau du droit européen et international (SDJ3). 4. A la mission du management du changement et des compétences (MC2) : - chargé de mission « tutelle de l'Ecole nationale de l'aviation civile (ENAC) » ; - conseiller « mobilité-carrière ». V. - Au service des systèmes d'information et de la modernisation (SSIM) : - chef de domaine. VI. - Au département du contrôle budgétaire central (DCB) : - adjoint au département du contrôle budgétaire central, hors BACEA. VII. - Au service national de l'ingénierie aéroportuaire : - adjoint au secrétaire général ; - conseiller en gestion de patrimoine immobilier. VIII. - Au service de gestion des taxes aéroportuaires : - adjoint au chef du service. IX. - Dans les services outre-mer de l'aviation civile : - chef du département de la gestion des ressources du service d'Etat de l'aviation civile en Polynésie française (SEAC/PF). X. - A la direction des services de la navigation aérienne (DSNA) : 1. A l'échelon central : - chargé de mission communication au cabinet du directeur. a) A la sous-direction des finances (SDFI) : - chargé de mission, contrôleur de gestion, auprès du sous-directeur ; - adjoint au chef du département recettes hors redevances. b) A la sous-direction de la planification et de la stratégie : - chef du pôle de la coopération internationale (SDPS/INT) ; - chef du pôle relations extérieures (SDPS/EXT) ; - chef du pôle planification (SDPS/PLN) ; - chargé de mission plan administration exemplaire et stratégie patrimoniale et immobilière de la DSNA. 2. A la direction des opérations (DO) : - adjoint au secrétaire général des services de la navigation aérienne de la région parisienne (SNAs/RP) ; - adjoint au secrétaire général des services de la navigation aérienne du Grand Sud-Ouest (SNAs/GSO) ; - chef du service administratif des centres en route de la navigation aérienne (CRNA) Est, Ouest et Sud-Est ; - chef du service administratif d'un service de la navigation aérienne (SNA) ; - chef de la division administrative du service de l'information aéronautique (SIA). 3. A la direction de la technique et de l'innovation (DTI) : - chef du pôle achats et marchés (DTI/ADM/MC) ; - chef du pôle finances et gestion. XI. - A la direction de la sécurité de l'aviation civile (DSAC) : 1. A l'échelon central : - chef d'un pôle, à l'exception de ceux mentionnés à l'article 2 ; - conseiller communication et relations publiques. a) A la direction gestion des ressources (GR) : - délégué auprès du directeur de la gestion des ressources, conseiller juridique (GR/DIR) ; - adjoint au chef du pôle « formation et compétences ». b) A la direction technique des personnels navigants (PN) : - adjoint au chef du pôle « licences » ; - adjoint au chef du pôle « examens ». c) A la direction technique coopération européenne et réglementation sécurité (ERS) : - chargé de mission, conseiller technique auprès du directeur technique ; - adjoint au chef de pôle « sécurité aéroportuaire » ; - adjoint au chef de pôle « personnels de l'aviation civile ». d) A la direction technique sûreté : - adjoint au chef de pôle méthodes de sûreté ; - adjoint au chef de pôle agréments de sûreté. 2. Dans une direction interrégionale de la sécurité de l'aviation civile (DSAC/IR) : - chef du département « gestion des ressources » des directions interrégionales de la sécurité de l'aviation civile Nord-Est, Centre-Est, Ouest, Sud, Sud-Ouest, Sud-Est et Antilles-Guyane, océan Indien ; - chef de cabinet ; - adjoint au chef de département gestion des ressources de la direction interrégionale de la sécurité de l'aviation civile Nord ; - chef de division sûreté ou chef de division régulation économique et développement durable des directions interrégionales de la sécurité de l'aviation civile Nord, Nord-Est, Centre-Est, Ouest, Sud, Sud-Ouest, Sud-Est et Antilles-Guyane. XII. - A l'Ecole nationale de l'aviation civile : - chef du département admission et vie des campus ; - chef du département langues, sciences humaines et sociales ; - conseiller juridique. XIII. - A l'Etablissement public Météo-France : 1. Au secrétariat général : a) A la direction financière (MF/SG/FI) : - chef du département des affaires financières ; - chef du département de la comptabilité analytique ; - chef du département audit et contrôle internes. b) A la direction de la commande publique, de la logistique et du patrimoine (MF/SG/LOG) : - adjoint au directeur de la commande publique, de la logistique et du patrimoine ; - chef du département des marchés. c) A la direction centrale des activités commerciales (MF/D2C) : - chef du département administration. 2. A la direction des ressources humaines (MF/DRH) : - chef du département de la gestion individuelle ; - chef du département des traitements et salaires et des pensions ; - chef du département de l'action sociale, de santé et de sécurité au travail ; - chef du pôle d'analyse quantitative. 3. A la direction du centre de Toulouse (MF-DCT) : - conseiller juridique du directeur ; - chef du département finances ; - chef du département des ressources humaines ; - chef du département achats publics. 4. Dans les directions interrégionales de Météo-France (MF/DSR/DIRs) : - chef de la division administration d'une des directions interrégionales Île-de-France, Centre, Nord, Nord-Est, Centre-Est, Sud-Est, Ouest, et Sud-Ouest.",7866
https://w3id.org/semleg/legimaintlex/resource/document/arrete-du-19-avril-2017-etablissant-la-liste-des-emplois-de-conseiller-d-adminis-3d24b062ced3/article/article-JORFTEXT000034492178-222,article-JORFTEXT000034492178-222,https://w3id.org/semleg/legimaintlex/resource/document/arrete-du-19-avril-2017-etablissant-la-liste-des-emplois-de-conseiller-d-adminis-3d24b062ced3,JORFTEXT000034492178,,['Accessibilité handicapés'],2017-04-19,https://w3id.org/semleg/legimaintlex/resource/document/arrete-du-19-avril-2017-etablissant-la-liste-des-emplois-de-conseiller-d-adminis-3d24b062ced3/article/article-JORFTEXT000034492178-222/content,L'arrêté du 1er mars 2016 établissant la liste des emplois de conseiller d'administration de l'aviation civile est abrogé.,122
https://w3id.org/semleg/legimaintlex/resource/document/arrete-du-19-avril-2017-fixant-pour-2017-les-departements-frontaliers-ou-en-diff-a335d3396cf5/article/article-JORFTEXT000034566741-253,article-JORFTEXT000034566741-253,https://w3id.org/semleg/legimaintlex/resource/document/arrete-du-19-avril-2017-fixant-pour-2017-les-departements-frontaliers-ou-en-diff-a335d3396cf5,JORFTEXT000034566741,,['Accessibilité handicapés'],2017-04-19,https://w3id.org/semleg/legimaintlex/resource/document/arrete-du-19-avril-2017-fixant-pour-2017-les-departements-frontaliers-ou-en-diff-a335d3396cf5/article/article-JORFTEXT000034566741-253/content,L'arrêté du 20 janvier 2016 fixant pour 2016 les taux de compensation applicables aux départements frontaliers ou en difficulté au titre de la remise compensatoire est abrogé. L'arrêté du 20 janvier 2016 fixant pour 2016 la liste des départements dont le montant annuel des livraisons de tabacs manufacturés est inférieur en 2015 d'au moins 5 % par rapport à 2002 est abrogé.,375
https://w3id.org/semleg/legimaintlex/resource/document/arrete-du-19-avril-2017-fixant-pour-2017-les-departements-frontaliers-ou-en-diff-a335d3396cf5/article/article-JORFTEXT000034566741-254,article-JORFTEXT000034566741-254,https://w3id.org/semleg/legimaintlex/resource/document/arrete-du-19-avril-2017-fixant-pour-2017-les-departements-frontaliers-ou-en-diff-a335d3396cf5,JORFTEXT000034566741,,['Accessibilité handicapés'],2017-04-19,https://w3id.org/semleg/legimaintlex/resource/document/arrete-du-19-avril-2017-fixant-pour-2017-les-departements-frontaliers-ou-en-diff-a335d3396cf5/article/article-JORFTEXT000034566741-254/content,Les départements frontaliers figurent en annexe 2.,50
https://w3id.org/semleg/legimaintlex/resource/document/arrete-du-19-avril-2017-fixant-pour-2017-les-departements-frontaliers-ou-en-diff-a335d3396cf5/article/article-JORFTEXT000034566741-255,article-JORFTEXT000034566741-255,https://w3id.org/semleg/legimaintlex/resource/document/arrete-du-19-avril-2017-fixant-pour-2017-les-departements-frontaliers-ou-en-diff-a335d3396cf5,JORFTEXT000034566741,,['Accessibilité handicapés'],2017-04-19,https://w3id.org/semleg/legimaintlex/resource/document/arrete-du-19-avril-2017-fixant-pour-2017-les-departements-frontaliers-ou-en-diff-a335d3396cf5/article/article-JORFTEXT000034566741-255/content,"Les départements dont le montant annuel des livraisons de tabacs manufacturés est inférieur en 2016 d'au moins 5 % à celui de 2012, définis comme en difficulté au titre de l'année 2017, figurent en annexe 1.",207
https://w3id.org/semleg/legimaintlex/resource/document/arrete-du-19-avril-2017-modifiant-l-arrete-du-18-mars-1991-relatif-au-classement-568e6a6fcb51/article/article-JORFTEXT000034631042-244,article-JORFTEXT000034631042-244,https://w3id.org/semleg/legimaintlex/resource/document/arrete-du-19-avril-2017-modifiant-l-arrete-du-18-mars-1991-relatif-au-classement-568e6a6fcb51,JORFTEXT000034631042,,['Accessibilité handicapés'],2017-04-19,https://w3id.org/semleg/legimaintlex/resource/document/arrete-du-19-avril-2017-modifiant-l-arrete-du-18-mars-1991-relatif-au-classement-568e6a6fcb51/article/article-JORFTEXT000034631042-244/content,"L'arrêté du 18 mars 1991 susvisé est ainsi modifié : 1° L'article 1er est ainsi modifié : a) Au premier alinéa, les mots : « du bétail » sont remplacés par les mots : « des conducteurs d'animaux isolés ou en groupe » ; b) Le quatrième alinéa est remplacé par les dispositions suivantes : «-les lignes ou sections de lignes affectées exclusivement à la circulation des tramways ; » c) Au cinquième alinéa, la référence : « décret du 28 janvier 2015 » est remplacée par la référence : « décret n° 2017-674 du 28 avril 2017 » ; 2° Il est inséré un article 1er bis ainsi rédigé : « Art. 1 bis.-Au sens du présent arrêté, on entend par : «-exploitant ferroviaire : une entreprise ferroviaire au sens du décret n° 2006-1279 du 19 octobre 2006 relatif à la sécurité des circulations ferroviaires et à l'interopérabilité du système ferroviaire, un exploitant tel que mentionné dans le décret n° 2017-440 du 30 mars 2017 relatif à la sécurité des transports publics guidés ou un gestionnaire d'infrastructure ferroviaire ; «-gestionnaire d'infrastructure ferroviaire : le gestionnaire d'infrastructure au sens du décret n° 2006-1279 du 19 octobre 2006 relatif à la sécurité des circulations ferroviaires et à l'interopérabilité du système ferroviaire, exerçant sur le réseau ferré national et sur les réseaux présentant des caractéristiques d'exploitation comparables à celle du réseau ferré national. « Sur le réseau ferré national et sur les réseaux présentant des caractéristiques d'exploitation comparables à celle du réseau ferré national, les missions de l'exploitant ferroviaire prévues aux articles 3,5,9, à l'article 11, au troisième alinéa de l'article 12 et à l'article 24 sont assurées uniquement par le gestionnaire d'infrastructure ferroviaire. » ; 3° L'article 2 est ainsi modifié : a) Le premier alinéa est complété par les dispositions suivantes : « et conformément aux annexes jointes au présent arrêté : » ; b) A la fin du deuxième alinéa, les mots : « du chemin de fer. » sont remplacés par les mots : « habilités par l'exploitant ferroviaire. » ; c) La première phrase du cinquième alinéa est remplacée par les dispositions suivantes : « Les passages à niveau privés, pour véhicules et piétons ou pour piétons seulement, et pour les conducteurs d'animaux isolés ou en groupe, sont classés en 4e catégorie. » ; 4° L'article 3 est ainsi modifié : a) Au début du deuxième alinéa, il est inséré les mots suivants : « Sans préjudice de l'autorisation délivrée au titre de la sécurité ferroviaire et de l'interdiction de créer un passage à niveau sur le réseau ferré national, » ; b) Au deuxième alinéa, la référence : « 22 » est remplacée par la référence : « 23 » ; c) Le troisième alinéa est remplacé par les dispositions suivantes : « L'exploitant ferroviaire informe de ses intentions la collectivité territoriale concernée, le gestionnaire de la voirie routière, puis adresse sa demande au préfet. Il joint à cette demande un dossier comportant tous les renseignements nécessaires. » ; d) Aux quatrième et cinquième alinéas, après les mots : « l'exploitant », est inséré le mot : « ferroviaire » ; 5° L'article 5 est ainsi modifié : a) A la première phrase, les mots : « et au minimum » sont insérés entre les mots : « au préalable » et les mots : « prévenu les usagers » ; b) Entre la première et la deuxième phrase, il est inséré une phrase ainsi rédigée : « L'exploitant ferroviaire peut assurer l'information des usagers par tout moyen complémentaire qu'il estime nécessaire. » ; 6° Après l'article 6, il est inséré un article 6 bis ainsi rédigé : « Art. 6 bis.-Aux passages à niveau de 1re et 2e catégorie situés en agglomération, le fonctionnement des sonneries peut être, sur demande expresse de l'autorité gestionnaire de la voirie routière concernée, soit atténué, soit supprimé. » 7° A l'article 8, il est ajouté un quatrième alinéa ainsi rédigé : « En ce qui concerne les circulations ferroviaires touristiques, le moment de circulation est calculé sur la période réelle de circulation des trains touristiques. » ; 8° L'article 9 est complété par les dispositions suivantes : « Un passage à niveau automatique peut notamment être équipé de quatre demi-barrières dans les cas particuliers suivants : «-passage à niveau situé à proximité d'un point d'arrêt où de nombreux trains s'arrêtent ; «-fermetures régulières et prolongées d'un passage à niveau sans passage immédiat de train ; «-passage à niveau situé à proximité d'un centre scolaire ou sportif. « Au plus tard au 1er janvier 2020, l'exploitant ferroviaire informe visuellement les usagers du caractère cassable de la barrière sur les passages à niveau à quatre demi-barrières. « Au plus tard au 1er janvier 2020, lorsqu'en raison de la configuration de la route la visibilité d'un feu rouge clignotant est limitée, un ou plusieurs feux rouges clignotants peuvent être ajoutés. » ; 9° L'article 10 est ainsi modifié : a) Au premier alinéa, les mots : « du chemin de fer » sont remplacés par les mots : « habilité par l'exploitant ferroviaire. » ; b) L'article est complété par deux alinéas ainsi rédigés : « Le délai de fermeture d'un passage à niveau doit permettre aux catégories de véhicules routiers lourds mentionnés à l'article R. 323-6 du code de la route, déjà engagés alors qu'une annonce au passage à niveau se déclenche, d'avoir dégagé la barrière d'entrée du sens de circulation opposé avant que celle-ci ne s'abaisse. « A défaut, la catégorie de véhicule routier est interdite de passage. Cette interdiction est reflétée sur le terrain par une signalisation routière, avancée et de position, conforme aux dispositions de l'instruction interministérielle sur la signalisation routière. » ; 10° L'article 11 est ainsi modifié : a) Au deuxième alinéa, le mot : « rouges » est inséré entre le mot : « feux » et le mot : « clignotants » ; b) Il est ajouté un troisième alinéa ainsi rédigé : « En cas d'impossibilité d'implantation à 6 mètres des feux rouges clignotants et des mécanismes des demi-barrières automatiques, l'exploitant ferroviaire informe visuellement les usagers de leur caractère cassable au plus tard au 1er janvier 2020. » 11° L'article 12 est ainsi modifié : a) Au premier alinéa, les mots : « d'alerte en cas d'urgence » sont insérés entre les mots : « postes téléphoniques » et les mots : «, installés à proximité immédiate » ; b) Le premier alinéa est complété par les dispositions suivantes : «, indiquant, au plus tard au 1er janvier 2020, la procédure à suivre pour aviser les agents habilités par l'exploitant ferroviaire. » ; c) Le deuxième alinéa est remplacé par les dispositions suivantes : « Ces téléphones d'alerte en cas d'urgence permettent aux usagers de la route d'aviser les agents habilités par l'exploitant ferroviaire de toute situation anormale sur les passages à niveau, notamment la présence d'obstacles sur les voies ferrées et des dérangements des installations automatiques. » ; d) Après le troisième alinéa, il est inséré un quatrième alinéa ainsi rédigé : « Au plus tard au 1er janvier 2020, les passages à niveau automatiques dont le moment de circulation est inférieur à 30 000 sont équipés : «-soit de téléphones d'alerte en cas d'urgence dans les conditions prévues par le présent article ; «-soit de pancarte indiquant un numéro d'alerte en cas d'urgence à composer afin de prévenir l'exploitant ferroviaire de toute situation anormale sur le passage à niveau, notamment la présence d'obstacle sur les voies ferrées et les dérangements des installations automatiques. Ces pancartes sont installées à proximité immédiate et de part et d'autre des voies ferrées, signalées de façon apparente. » ; 12° A la fin du premier et du deuxième alinéa de l'article 13, les mots : « du chemin de fer » sont remplacés par les mots : « habilité par l'exploitant ferroviaire » ; 13° A l'article 15, les mots : « spécial ou par un agent chargé d'un autre service » sont remplacés par les mots : « habilité par l'exploitant ferroviaire » ; 14° L'article 16 est remplacé par les dispositions suivantes : « Art. 16.-Les conditions de service et de manœuvre des barrières des passages à niveau doivent être décrites dans la documentation appropriée par l'exploitant ferroviaire, conformément au décret n° 2006-1279 du 19 octobre 2006 relatif à la sécurité des circulations ferroviaires et à l'interopérabilité du système ferroviaire et au décret n° 2017-440 du 30 mars 2017 relatif à la sécurité des transports publics guidés, et approuvée par les autorités de contrôle compétentes. » ; 15° A la fin du premier alinéa de l'article 17, les mots : « du chemin de fer » sont remplacés par les mots : « habilité par l'exploitant ferroviaire » ; 16° L'article 18 est ainsi modifié : a) A la fin du premier alinéa, les mots : « ci-après : » sont remplacés par les mots : « fixées à l'annexe 1. » ; b) Les treize derniers alinéas sont supprimés ; 17° Au c de l'article 19, la référence : « au paragraphe 18 b » est remplacée par la référence : « à l'annexe I » ; 18° L'article 21 est ainsi modifié : a) Le premier alinéa est remplacé par les dispositions suivantes : « Les passages à niveau situés sur des lignes sur lesquelles il n'y a plus de circulation ferroviaire ou circulées occasionnellement ou exclusivement par des trains de travaux ou des convois militaires et les passages à niveau situés sur des lignes où circulent exclusivement des cyclo-draisines sont classés en catégorie 2 bis. » ; b) Le deuxième alinéa est ainsi modifié : -les mots : « Sous réserve des dispositions prévues au dernier alinéa de l'article 17, » sont remplacés par les mots : « Sauf pour les passages à niveau situés sur des lignes où circulent exclusivement des cyclo-draisines » ; -les mots : «, deuxième alinéa » sont supprimés ; 19° A la fin du premier alinéa de l'article 22, les mots : « du chemin de fer » sont remplacés par les mots : « habilité par l'exploitant ferroviaire » ; 20° L'article 23 est ainsi modifié : a) A la première phrase, les mots : « du chemin de fer » sont remplacés par les mots : « habilité par l'exploitant ferroviaire » ; b) Au deuxième alinéa, le mot : « ou » est inséré entre les mots : « signalisation automatique, » et les mots : « de barrières » ; 21° L'article 24 est remplacé par les dispositions suivantes : « Art. 24.-L'exploitant ferroviaire installe et entretient les équipements et la signalisation de position des passages à niveau publics, conformément aux dispositions du présent arrêté. Le gestionnaire de la voirie routière installe et entretient la signalisation avancée. » ; 22° Il est ajouté trois annexes figurant en annexes au présent arrêté.",10597
https://w3id.org/semleg/legimaintlex/resource/document/arrete-du-19-avril-2017-modifiant-l-arrete-du-18-mars-1991-relatif-au-classement-568e6a6fcb51/article/article-JORFTEXT000034631042-245,article-JORFTEXT000034631042-245,https://w3id.org/semleg/legimaintlex/resource/document/arrete-du-19-avril-2017-modifiant-l-arrete-du-18-mars-1991-relatif-au-classement-568e6a6fcb51,JORFTEXT000034631042,,['Accessibilité handicapés'],2017-04-19,https://w3id.org/semleg/legimaintlex/resource/document/arrete-du-19-avril-2017-modifiant-l-arrete-du-18-mars-1991-relatif-au-classement-568e6a6fcb51/article/article-JORFTEXT000034631042-245/content,"La circulaire du 18 mars 1991 relative au classement, à la réglementation et à l'équipement des passages à niveau est abrogée.",126
https://w3id.org/semleg/legimaintlex/resource/document/arrete-du-19-avril-2017-modifiant-l-arrete-du-30-mai-2006-modifie-pris-pour-l-ap-facfe3b236c3/article/article-JORFTEXT000034475023-256,article-JORFTEXT000034475023-256,https://w3id.org/semleg/legimaintlex/resource/document/arrete-du-19-avril-2017-modifiant-l-arrete-du-30-mai-2006-modifie-pris-pour-l-ap-facfe3b236c3,JORFTEXT000034475023,,['Accessibilité handicapés'],2017-04-19,https://w3id.org/semleg/legimaintlex/resource/document/arrete-du-19-avril-2017-modifiant-l-arrete-du-30-mai-2006-modifie-pris-pour-l-ap-facfe3b236c3/article/article-JORFTEXT000034475023-256/content,"L'annexe à l'arrêté du 30 mai 2006 modifié pris pour l'application des articles L. 162-9 et L. 861-3 du code de la sécurité sociale et relatif aux soins dentaires prothétiques ou d'orthopédie dento-faciale pris en charge par la protection complémentaire en matière de santé est remplacée par les annexes I, II et III jointes au présent arrêté.",343
https://w3id.org/semleg/legimaintlex/resource/document/arrete-du-19-avril-2017-modifiant-l-arrete-du-30-mai-2006-modifie-pris-pour-l-ap-facfe3b236c3/article/article-JORFTEXT000034475023-257,article-JORFTEXT000034475023-257,https://w3id.org/semleg/legimaintlex/resource/document/arrete-du-19-avril-2017-modifiant-l-arrete-du-30-mai-2006-modifie-pris-pour-l-ap-facfe3b236c3,JORFTEXT000034475023,,['Accessibilité handicapés'],2017-04-19,https://w3id.org/semleg/legimaintlex/resource/document/arrete-du-19-avril-2017-modifiant-l-arrete-du-30-mai-2006-modifie-pris-pour-l-ap-facfe3b236c3/article/article-JORFTEXT000034475023-257/content,Les dispositions du présent arrêté s'appliquent à compter du 1er octobre 2017.,78
https://w3id.org/semleg/legimaintlex/resource/document/arrete-du-19-avril-2017-modifiant-l-arrete-du-30-mai-2006-modifie-pris-pour-l-ap-facfe3b236c3/article/article-JORFTEXT000034475023-258,article-JORFTEXT000034475023-258,https://w3id.org/semleg/legimaintlex/resource/document/arrete-du-19-avril-2017-modifiant-l-arrete-du-30-mai-2006-modifie-pris-pour-l-ap-facfe3b236c3,JORFTEXT000034475023,,['Accessibilité handicapés'],2017-04-19,https://w3id.org/semleg/legimaintlex/resource/document/arrete-du-19-avril-2017-modifiant-l-arrete-du-30-mai-2006-modifie-pris-pour-l-ap-facfe3b236c3/article/article-JORFTEXT000034475023-258/content,"La prise en charge prévue par les annexes II et III jointes au présent arrêté de l'acte portant le libellé « Pose d'une couronne dentaire transitoire » (HBLD037) dans la classification commune des actes médicaux est effectuée sous réserve de son inscription préalable à la liste visée à l' article L. 162-1-7 du code de la sécurité sociale , par décision de l'Union nationale des caisses d'assurance maladie.",408
https://w3id.org/semleg/legimaintlex/resource/document/arrete-du-19-avril-2017-modifiant-l-arrete-du-7-juillet-2015-etablissant-la-list-5b29038aefda/article/article-JORFTEXT000034493430-259,article-JORFTEXT000034493430-259,https://w3id.org/semleg/legimaintlex/resource/document/arrete-du-19-avril-2017-modifiant-l-arrete-du-7-juillet-2015-etablissant-la-list-5b29038aefda,JORFTEXT000034493430,,['Accessibilité handicapés'],2017-04-19,https://w3id.org/semleg/legimaintlex/resource/document/arrete-du-19-avril-2017-modifiant-l-arrete-du-7-juillet-2015-etablissant-la-list-5b29038aefda/article/article-JORFTEXT000034493430-259/content,"La liste définie à l'article 1er de l'arrêté du 7 juillet 2015 établissant la liste des variétés classées de vigne à raisins de cuve consolidée est publiée au Bulletin officiel du ministère de l'agriculture, de l'agroalimentaire et de la forêt (BO Agri). Le lien http://info.agriculture.gouv.fr/gedei/site/bo-agri/document_administratif-ba2c6a22-4cc3-450e-aa64-cf59183dbb47 permet de consulter la liste des variétés classées de vignes à raisins de cuve.",453
https://w3id.org/semleg/legimaintlex/resource/document/arrete-du-19-avril-2017-modifiant-l-arrete-du-7-juillet-2015-etablissant-la-list-5b29038aefda/article/article-JORFTEXT000034493430-260,article-JORFTEXT000034493430-260,https://w3id.org/semleg/legimaintlex/resource/document/arrete-du-19-avril-2017-modifiant-l-arrete-du-7-juillet-2015-etablissant-la-list-5b29038aefda,JORFTEXT000034493430,,['Accessibilité handicapés'],2017-04-19,https://w3id.org/semleg/legimaintlex/resource/document/arrete-du-19-avril-2017-modifiant-l-arrete-du-7-juillet-2015-etablissant-la-list-5b29038aefda/article/article-JORFTEXT000034493430-260/content,"L'annexe de l'arrêté du 7 juillet 2015 établissant la liste des variétés classées de vigne à raisins de cuve est modifiée comme suit : 1. Les lignes suivantes sont insérées selon l'ordre alphabétique des noms de variétés dans le tableau figurant au a) : Agiorgitiko N Assyrtiko B Bronner B (*) Cabernet blanc B (*) (8) Cabernet Cortis N (*) (8) Chouchillon B Johanniter B (*) Monarch N (*) Moschofilero Rs Muscaris B (*) Onchette N Pinotin N (*) Prior N (*) Rotidis Rs Saphira B (*) Solaris B (*) Soreli B (*) Souvignier gris B (*) Verdejo B Xinomavro N 2. Sont insérées en bas de tableau les mentions suivantes : « (8) étiquetage interdit conformément aux dispositions de l'article 103 paragraphe 2 du règlement n° 1308/2013 du Parlement européen et du Conseil du 17 décembre 2013 portant organisation commune des marchés des produits agricoles. (*) : variété issue d'un croisement entre l'espèce Vitis vinifera et une autre espèce du genre Vitis ». 3. Après les mots : « Viry, Vulbens. », un nouveau paragraphe « d) sur les parcelles listées dans le tableau suivant, au titre du classement temporaire : » est inséré : Variété MODALITÉS D'EXPÉRIMENTATION Parcelles cadastrales Superficie (ha) N° CVI Bassin viticole Organisme qualifié Durée IJ 58 N La Laupie (26) parcelle ZK51 0,20 261570010 Vallée du Rhône-Provence INRA 10 ans Rodilhan (30) parcelle ZC281 0,55 3035600760 Vallée du Rhône-Provence Puisserguier (34) parcelle F0051 0,40 3406900161 Languedoc- Roussillon Salleles d'Aude (11) parcelle AH0018 0,4539 1136900100 Languedoc- Roussillon IJ 134 N La Laupie (26) parcelle ZK51 0,20 261570010 Vallée du Rhône-Provence INRA 10 ans Maraussan (34) parcelle F0051 1 3414800041 Languedoc- Roussillon Col-2007G B La Laupie (26) parcelle ZK51 0,20 261570010 Vallée du Rhône-Provence INRA 10 ans Duras (47) parcelle ZE25 0,60 3322300021 Aquitaine",1847
https://w3id.org/semleg/legimaintlex/resource/document/arrete-du-19-avril-2017-portant-modification-de-l-arrete-du-29-fevrier-2016-rela-20e1fc98f251/article/article-JORFTEXT000034453730-246,article-JORFTEXT000034453730-246,https://w3id.org/semleg/legimaintlex/resource/document/arrete-du-19-avril-2017-portant-modification-de-l-arrete-du-29-fevrier-2016-rela-20e1fc98f251,JORFTEXT000034453730,,['Accessibilité handicapés'],2017-04-19,https://w3id.org/semleg/legimaintlex/resource/document/arrete-du-19-avril-2017-portant-modification-de-l-arrete-du-29-fevrier-2016-rela-20e1fc98f251/article/article-JORFTEXT000034453730-246/content,"A l'article 7 de l'arrêté du 29 février 2016 susvisé, la dernière phrase est remplacée par les phrases suivantes : « Dans un délai maximal de 4 jours ouvrés après le contrôle d'étanchéité, des mesures sont mises en œuvre pour faire cesser la fuite ou à défaut l'équipement est mis à l'arrêt puis il est vidangé dans le même délai par un opérateur titulaire de l'attestation de capacité. Si l'équipement est constitué de plusieurs circuits, les circuits ou parties de circuits sur lesquels aucune fuite n'a été constatée peuvent rester en service et seuls les circuits ou parties de circuits sur lesquels la fuite a été constatée sont mis à l'arrêt et vidangés. « La remise en service ne peut avoir lieu qu'après réparation de l'équipement. « Les dispositions des deux alinéas précédents ne sont pas applicables si la mise à l'arrêt de l'équipement est de nature à porter atteinte à la sécurité ou à la sûreté d'exploitation d'installations classées pour la protection de l'environnement ou d'installations nucléaires de base. Dans ce cas l'équipement ne fait plus l'objet d'opération de recharge en fluide frigorigène jusqu'à réparation. »",1139
https://w3id.org/semleg/legimaintlex/resource/document/arrete-du-19-avril-2017-portant-modification-de-l-arrete-du-29-fevrier-2016-rela-20e1fc98f251/article/article-JORFTEXT000034453730-247,article-JORFTEXT000034453730-247,https://w3id.org/semleg/legimaintlex/resource/document/arrete-du-19-avril-2017-portant-modification-de-l-arrete-du-29-fevrier-2016-rela-20e1fc98f251,JORFTEXT000034453730,,['Accessibilité handicapés'],2017-04-19,https://w3id.org/semleg/legimaintlex/resource/document/arrete-du-19-avril-2017-portant-modification-de-l-arrete-du-29-fevrier-2016-rela-20e1fc98f251/article/article-JORFTEXT000034453730-247/content,"Au cinquième alinéa de l'article 2 de l'arrêté du 29 février 2016 susvisé, les mots : « version de 2016 » sont remplacés par les mots : « version de 2017 ».",156
https://w3id.org/semleg/legimaintlex/resource/document/arrete-du-19-avril-2017-portant-modification-de-l-arrete-du-29-fevrier-2016-rela-20e1fc98f251/article/article-JORFTEXT000034453730-248,article-JORFTEXT000034453730-248,https://w3id.org/semleg/legimaintlex/resource/document/arrete-du-19-avril-2017-portant-modification-de-l-arrete-du-29-fevrier-2016-rela-20e1fc98f251,JORFTEXT000034453730,,['Accessibilité handicapés'],2017-04-19,https://w3id.org/semleg/legimaintlex/resource/document/arrete-du-19-avril-2017-portant-modification-de-l-arrete-du-29-fevrier-2016-rela-20e1fc98f251/article/article-JORFTEXT000034453730-248/content,Les dispositions de l'article 1er du présent arrêté entrent en vigueur le lendemain de sa publication. Les dispositions de l'article 2 du présent arrêté entrent en vigueur le 1er juillet 2017.,192
https://w3id.org/semleg/legimaintlex/resource/document/arrete-du-19-avril-2017-precisant-les-conditions-selon-lesquelles-les-personnes-545fd1977c39/article/article-JORFTEXT000034450221-236,article-JORFTEXT000034450221-236,https://w3id.org/semleg/legimaintlex/resource/document/arrete-du-19-avril-2017-precisant-les-conditions-selon-lesquelles-les-personnes-545fd1977c39,JORFTEXT000034450221,,['Accessibilité handicapés'],2017-04-19,https://w3id.org/semleg/legimaintlex/resource/document/arrete-du-19-avril-2017-precisant-les-conditions-selon-lesquelles-les-personnes-545fd1977c39/article/article-JORFTEXT000034450221-236/content,Le présent arrêté fixe les conditions dans lesquelles les personnes mentionnées à l'article D. 243-7 du code rural et de la pêche maritime sont réputées détenir les connaissances et savoir-faire nécessaires à la maîtrise des compétences exigées pour la réalisation d'actes d'ostéopathie animale.,295
https://w3id.org/semleg/legimaintlex/resource/document/arrete-du-19-avril-2017-precisant-les-conditions-selon-lesquelles-les-personnes-545fd1977c39/article/article-JORFTEXT000034450221-237,article-JORFTEXT000034450221-237,https://w3id.org/semleg/legimaintlex/resource/document/arrete-du-19-avril-2017-precisant-les-conditions-selon-lesquelles-les-personnes-545fd1977c39,JORFTEXT000034450221,,['Accessibilité handicapés'],2017-04-19,https://w3id.org/semleg/legimaintlex/resource/document/arrete-du-19-avril-2017-precisant-les-conditions-selon-lesquelles-les-personnes-545fd1977c39/article/article-JORFTEXT000034450221-237/content,"Lorsque, conformément aux articles R. 204-1 et R. 204-3 du code rural et de la pêche maritime, le conseil national de l'ordre des vétérinaires décide de soumettre un professionnel, mentionné au II ou au III de l'article D. 243-7 du même code, à une épreuve d'aptitude, celle-ci porte sur tout ou partie des épreuves prévues aux articles 5 et 6 du présent arrêté, selon les connaissances, aptitudes et compétences manquantes du demandeur. Lorsqu'un professionnel mentionné au II de l'article D. 243-7 précité est soumis à un stage d'adaptation, celui-ci fait l'objet d'une convention entre le demandeur et un ostéopathe inscrit sur la liste prévue au 12° de l'article L. 243-3 du code rural et de la pêche maritime , qui en précise le contenu et le déroulement, en fonction des connaissances, aptitudes et compétences manquantes du demandeur. Cette convention est soumise à l'approbation du conseil national de l'ordre des vétérinaires.",935
https://w3id.org/semleg/legimaintlex/resource/document/arrete-du-19-avril-2017-precisant-les-conditions-selon-lesquelles-les-personnes-545fd1977c39/article/article-JORFTEXT000034450221-238,article-JORFTEXT000034450221-238,https://w3id.org/semleg/legimaintlex/resource/document/arrete-du-19-avril-2017-precisant-les-conditions-selon-lesquelles-les-personnes-545fd1977c39,JORFTEXT000034450221,,['Accessibilité handicapés'],2017-04-19,https://w3id.org/semleg/legimaintlex/resource/document/arrete-du-19-avril-2017-precisant-les-conditions-selon-lesquelles-les-personnes-545fd1977c39/article/article-JORFTEXT000034450221-238/content,"Le conseil national de l'ordre des vétérinaires reçoit et examine les demandes de candidature pour l'inscription à l'épreuve d'aptitude mentionnée au I de l'article D. 243-7 du code rural et de la pêche maritime, et les demandes de reconnaissance des qualifications professionnelles des personnes mentionnées à l'article R. 204-1 et au II de l'article D. 243-7 précité. Il est responsable de l'organisation et du déroulement de l'épreuve d'aptitude mentionnée au I de l'article D. 243-7, dont il établit le règlement. Ce règlement fixe le calendrier de dépôt des candidatures et des épreuves, la composition du dossier de candidature, les coefficients des épreuves et le tarif d'inscription. Il publie ces dispositions sur son site internet.",741
https://w3id.org/semleg/legimaintlex/resource/document/arrete-du-19-avril-2017-precisant-les-conditions-selon-lesquelles-les-personnes-545fd1977c39/article/article-JORFTEXT000034450221-239,article-JORFTEXT000034450221-239,https://w3id.org/semleg/legimaintlex/resource/document/arrete-du-19-avril-2017-precisant-les-conditions-selon-lesquelles-les-personnes-545fd1977c39,JORFTEXT000034450221,,['Accessibilité handicapés'],2017-04-19,https://w3id.org/semleg/legimaintlex/resource/document/arrete-du-19-avril-2017-precisant-les-conditions-selon-lesquelles-les-personnes-545fd1977c39/article/article-JORFTEXT000034450221-239/content,"L'épreuve écrite d'admissibilité est un questionnaire à choix multiples. Ce questionnaire à choix multiples porte sur les connaissances en biologie, en anatomie, en physiologie et en matière de maladies, des espèces habituellement présentées en consultation d'ostéopathie animale, et les compétences nécessaires pour : 1° Adopter une posture professionnelle conforme aux normes légales, réglementaires et déontologiques applicables à l'ostéopathie animale ; 2° Recueillir, hiérarchiser et synthétiser des données afin de déterminer les manipulations ostéopathiques adaptées ; 3° Reconnaître les signes cliniques des principales maladies et troubles qui concernent les espèces vivant habituellement dans l'Union européenne, et les dangers sanitaires définis à l' article L. 201-1 du code rural et de la pêche maritime ; 4° Evaluer la pertinence d'une prise en charge par un vétérinaire.",885
https://w3id.org/semleg/legimaintlex/resource/document/arrete-du-19-avril-2017-precisant-les-conditions-selon-lesquelles-les-personnes-545fd1977c39/article/article-JORFTEXT000034450221-240,article-JORFTEXT000034450221-240,https://w3id.org/semleg/legimaintlex/resource/document/arrete-du-19-avril-2017-precisant-les-conditions-selon-lesquelles-les-personnes-545fd1977c39,JORFTEXT000034450221,,['Accessibilité handicapés'],2017-04-19,https://w3id.org/semleg/legimaintlex/resource/document/arrete-du-19-avril-2017-precisant-les-conditions-selon-lesquelles-les-personnes-545fd1977c39/article/article-JORFTEXT000034450221-240/content,"I. - L'épreuve pratique d'admission est une démonstration sur deux espèces animales, un carnivore domestique et une espèce de grande taille à choisir par le candidat entre grands ruminants et équidés. Elle a pour objectif de vérifier que les personnes pratiquant des actes ostéopathie animale sont en capacité : 1° D'aborder et de contenir un animal en toute sécurité pour l'animal et pour les personnes présentes, dans le respect des règles du bien-être animal et de l'éthique, de donner toutes les instructions pour se faire aider de façon efficace ; 2° De procéder à l'anamnèse et mettre en œuvre des tests en adéquation avec la sémiologie clinique spécifique à l'ostéopathie animale afin d'établir des propositions de manipulations ostéopathiques ; 3° D'identifier les cas nécessitant une prise en charge par un vétérinaire et en s'abstenant de toute manipulation pouvant aggraver l'état de l'animal, porter préjudice au diagnostic d'une affection intercurrente, notamment d'une maladie légalement réputée contagieuse ; 4° De savoir en référer au professionnel compétent et disposant des moyens techniques nécessaires, autant que de besoin ; 5° De mettre en œuvre les manipulations ostéopathiques adaptées ; 6° De savoir donner les consignes de suivi et de rééducation de l'animal permettant d'optimiser le résultat de la manipulation ; 7° De démontrer la connaissance d'une éthique professionnelle respectant la confiance du propriétaire. II. - La première partie de l'épreuve pratique comprend : 1° La conduite du recueil des commémoratifs et l'examen d'un animal au regard de la sémiologie clinique spécifique à l'ostéopathie ; 2° La formulation de propositions de manipulation ostéopathique ; 3° L'élaboration de recommandations. III. - La deuxième partie de l'épreuve pratique comprend : 1° La réalisation pratique de manipulations demandées par l'examinateur ; 2° L'analyse et la discussion d'une situation rencontrée communément.",1940
https://w3id.org/semleg/legimaintlex/resource/document/arrete-du-19-avril-2017-precisant-les-conditions-selon-lesquelles-les-personnes-545fd1977c39/article/article-JORFTEXT000034450221-241,article-JORFTEXT000034450221-241,https://w3id.org/semleg/legimaintlex/resource/document/arrete-du-19-avril-2017-precisant-les-conditions-selon-lesquelles-les-personnes-545fd1977c39,JORFTEXT000034450221,,['Accessibilité handicapés'],2017-04-19,https://w3id.org/semleg/legimaintlex/resource/document/arrete-du-19-avril-2017-precisant-les-conditions-selon-lesquelles-les-personnes-545fd1977c39/article/article-JORFTEXT000034450221-241/content,"Sans préjudice des dispositions de l'article 2 du décret n° 2017-573 du 19 avril 2017 susvisé , peuvent accéder à l'épreuve d'aptitude les candidats ayant obtenu une note au moins égale à 10 sur 20 à l'épreuve d'admissibilité.",226
https://w3id.org/semleg/legimaintlex/resource/document/arrete-du-19-avril-2017-precisant-les-conditions-selon-lesquelles-les-personnes-545fd1977c39/article/article-JORFTEXT000034450221-242,article-JORFTEXT000034450221-242,https://w3id.org/semleg/legimaintlex/resource/document/arrete-du-19-avril-2017-precisant-les-conditions-selon-lesquelles-les-personnes-545fd1977c39,JORFTEXT000034450221,,['Accessibilité handicapés'],2017-04-19,https://w3id.org/semleg/legimaintlex/resource/document/arrete-du-19-avril-2017-precisant-les-conditions-selon-lesquelles-les-personnes-545fd1977c39/article/article-JORFTEXT000034450221-242/content,"I. - Le jury compétent pour l'épreuve d'aptitude est composé : - d'un représentant du président du conseil national de l'ordre des vétérinaires ou son suppléant ; - de deux vétérinaires pratiquant l'ostéopathie vétérinaire, titulaires du diplôme inter-écoles d'ostéopathie vétérinaire (titulaires ou suppléants), désignés par le conseil national de l'ordre des vétérinaires ; - de deux personnes non vétérinaires inscrites sur la liste prévue au 12° de l'article L. 243-3 susvisé (titulaires ou suppléants) désignées par le conseil national de l'ordre des vétérinaires ; - d'un enseignant-chercheur d'une des écoles nationales vétérinaires (titulaire ou suppléant) désigné par le conseil national de l'ordre des vétérinaires. Il est présidé par le président du conseil national de l'ordre des vétérinaires ou son représentant, qui dispose d'une voix prépondérante. Il est constitué pour une durée de trois ans. II. - Après délibération, le jury fournit au conseil national de l'ordre des vétérinaires la liste des candidats ayant satisfait à l'épreuve d'aptitude, y compris des personnes mentionnées au premier alinéa de l'article 7 du présent arrêté, pour que celui-ci procède à leur inscription sur le registre national d'aptitude prévu au III de l'article D. 243-7 du code rural et de la pêche maritime.",1306
https://w3id.org/semleg/legimaintlex/resource/document/arrete-du-19-avril-2017-precisant-les-conditions-selon-lesquelles-les-personnes-545fd1977c39/article/article-JORFTEXT000034450221-243,article-JORFTEXT000034450221-243,https://w3id.org/semleg/legimaintlex/resource/document/arrete-du-19-avril-2017-precisant-les-conditions-selon-lesquelles-les-personnes-545fd1977c39,JORFTEXT000034450221,,['Accessibilité handicapés'],2017-04-19,https://w3id.org/semleg/legimaintlex/resource/document/arrete-du-19-avril-2017-precisant-les-conditions-selon-lesquelles-les-personnes-545fd1977c39/article/article-JORFTEXT000034450221-243/content,"Par dérogation au I de l'article 3 du présent arrêté, et jusqu'au 31 décembre 2017, le jury compétent pour l'épreuve d'aptitude peut ne pas comporter de personnes non vétérinaires inscrites sur la liste prévue au 12° de l'article L. 243-3 du code rural et de la pêche maritime .",278
https://w3id.org/semleg/legimaintlex/resource/document/arrete-du-19-avril-2017-relatif-a-la-nature-et-aux-modalites-de-l-examen-bucco-d-6cc929ed75b2/article/article-JORFTEXT000034475010-249,article-JORFTEXT000034475010-249,https://w3id.org/semleg/legimaintlex/resource/document/arrete-du-19-avril-2017-relatif-a-la-nature-et-aux-modalites-de-l-examen-bucco-d-6cc929ed75b2,JORFTEXT000034475010,,['Accessibilité handicapés'],2017-04-19,https://w3id.org/semleg/legimaintlex/resource/document/arrete-du-19-avril-2017-relatif-a-la-nature-et-aux-modalites-de-l-examen-bucco-d-6cc929ed75b2/article/article-JORFTEXT000034475010-249/content,"Le chirurgien-dentiste ou le médecin qualifié en stomatologie peut réaliser l'examen bucco-dentaire de prévention dans un cabinet dentaire libéral ou géré par un centre de santé mentionné à l' article L. 6323-1 du code de la santé publique , ou dans le service d'odontologie d'un établissement de santé.",303
https://w3id.org/semleg/legimaintlex/resource/document/arrete-du-19-avril-2017-relatif-a-la-nature-et-aux-modalites-de-l-examen-bucco-d-6cc929ed75b2/article/article-JORFTEXT000034475010-250,article-JORFTEXT000034475010-250,https://w3id.org/semleg/legimaintlex/resource/document/arrete-du-19-avril-2017-relatif-a-la-nature-et-aux-modalites-de-l-examen-bucco-d-6cc929ed75b2,JORFTEXT000034475010,,['Accessibilité handicapés'],2017-04-19,https://w3id.org/semleg/legimaintlex/resource/document/arrete-du-19-avril-2017-relatif-a-la-nature-et-aux-modalites-de-l-examen-bucco-d-6cc929ed75b2/article/article-JORFTEXT000034475010-250/content,"Les tarifs de l'examen de prévention bucco-dentaires, leurs modalités de facturation et la liste des soins consécutifs ne pouvant pas donner lieu à contribution financière de la part des assurés sont annexés au présent arrêté.",226
https://w3id.org/semleg/legimaintlex/resource/document/arrete-du-19-avril-2017-relatif-a-la-nature-et-aux-modalites-de-l-examen-bucco-d-6cc929ed75b2/article/article-JORFTEXT000034475010-251,article-JORFTEXT000034475010-251,https://w3id.org/semleg/legimaintlex/resource/document/arrete-du-19-avril-2017-relatif-a-la-nature-et-aux-modalites-de-l-examen-bucco-d-6cc929ed75b2,JORFTEXT000034475010,,['Accessibilité handicapés'],2017-04-19,https://w3id.org/semleg/legimaintlex/resource/document/arrete-du-19-avril-2017-relatif-a-la-nature-et-aux-modalites-de-l-examen-bucco-d-6cc929ed75b2/article/article-JORFTEXT000034475010-251/content,Les dispositions du présent arrêté entrent en vigueur à compter du 1er janvier 2018.,84
https://w3id.org/semleg/legimaintlex/resource/document/arrete-du-19-avril-2017-relatif-a-la-nature-et-aux-modalites-de-l-examen-bucco-d-6cc929ed75b2/article/article-JORFTEXT000034475010-252,article-JORFTEXT000034475010-252,https://w3id.org/semleg/legimaintlex/resource/document/arrete-du-19-avril-2017-relatif-a-la-nature-et-aux-modalites-de-l-examen-bucco-d-6cc929ed75b2,JORFTEXT000034475010,,['Accessibilité handicapés'],2017-04-19,https://w3id.org/semleg/legimaintlex/resource/document/arrete-du-19-avril-2017-relatif-a-la-nature-et-aux-modalites-de-l-examen-bucco-d-6cc929ed75b2/article/article-JORFTEXT000034475010-252/content,"L'examen bucco-dentaire de prévention pour les jeunes adultes, réalisé dans l'année qui suit leur vingt et unième et leur vingt-quatrième anniversaire, comporte obligatoirement : - une anamnèse ; - un examen bucco-dentaire ; - des éléments d'éducation sanitaire : sensibilisation à la santé bucco-dentaire (hygiène bucco-dentaire, enseignement du brossage dentaire…), recommandations d'hygiène alimentaire. L'examen est complété, si nécessaire, par les actes suivants : - des radiographies intrabuccales ; - l'établissement d'un programme de soins.",548
https://w3id.org/semleg/legimaintlex/resource/document/arrete-du-19-avril-2017-relatif-aux-conditions-d-acces-a-l-organisation-de-la-fo-5cb6cf2d9af9/article/article-JORFTEXT000034502655-223,article-JORFTEXT000034502655-223,https://w3id.org/semleg/legimaintlex/resource/document/arrete-du-19-avril-2017-relatif-aux-conditions-d-acces-a-l-organisation-de-la-fo-5cb6cf2d9af9,JORFTEXT000034502655,,['Accessibilité handicapés'],2017-04-19,https://w3id.org/semleg/legimaintlex/resource/document/arrete-du-19-avril-2017-relatif-aux-conditions-d-acces-a-l-organisation-de-la-fo-5cb6cf2d9af9/article/article-JORFTEXT000034502655-223/content,La formation en gestion de la sécurité et exploitation aéronautique est organisée et dispensée par l'école. Elle inclut en alternance des périodes de scolarité à l'ENAC et dans le milieu professionnel. Le contenu et le déroulement de la formation en gestion de la sécurité et exploitation aéronautique sont précisés aux II et III de l'annexe du présent arrêté.,360
https://w3id.org/semleg/legimaintlex/resource/document/arrete-du-19-avril-2017-relatif-aux-conditions-d-acces-a-l-organisation-de-la-fo-5cb6cf2d9af9/article/article-JORFTEXT000034502655-224,article-JORFTEXT000034502655-224,https://w3id.org/semleg/legimaintlex/resource/document/arrete-du-19-avril-2017-relatif-aux-conditions-d-acces-a-l-organisation-de-la-fo-5cb6cf2d9af9,JORFTEXT000034502655,,['Accessibilité handicapés'],2017-04-19,https://w3id.org/semleg/legimaintlex/resource/document/arrete-du-19-avril-2017-relatif-aux-conditions-d-acces-a-l-organisation-de-la-fo-5cb6cf2d9af9/article/article-JORFTEXT000034502655-224/content,Le directeur de l'école fixe chaque année les dates des épreuves et les modalités d'inscription aux examens.,108
https://w3id.org/semleg/legimaintlex/resource/document/arrete-du-19-avril-2017-relatif-aux-conditions-d-acces-a-l-organisation-de-la-fo-5cb6cf2d9af9/article/article-JORFTEXT000034502655-225,article-JORFTEXT000034502655-225,https://w3id.org/semleg/legimaintlex/resource/document/arrete-du-19-avril-2017-relatif-aux-conditions-d-acces-a-l-organisation-de-la-fo-5cb6cf2d9af9,JORFTEXT000034502655,,['Accessibilité handicapés'],2017-04-19,https://w3id.org/semleg/legimaintlex/resource/document/arrete-du-19-avril-2017-relatif-aux-conditions-d-acces-a-l-organisation-de-la-fo-5cb6cf2d9af9/article/article-JORFTEXT000034502655-225/content,"Le directeur de l'école fixe, chaque année, le nombre maximum de candidats admis aux b et c de l'article 1er ci-dessus, compte tenu de la priorité accordée au recrutement des techniciens supérieurs des études et d'exploitation de l'aviation civile et de la capacité d'accueil dans les différentes promotions.",308
https://w3id.org/semleg/legimaintlex/resource/document/arrete-du-19-avril-2017-relatif-aux-conditions-d-acces-a-l-organisation-de-la-fo-5cb6cf2d9af9/article/article-JORFTEXT000034502655-226,article-JORFTEXT000034502655-226,https://w3id.org/semleg/legimaintlex/resource/document/arrete-du-19-avril-2017-relatif-aux-conditions-d-acces-a-l-organisation-de-la-fo-5cb6cf2d9af9,JORFTEXT000034502655,,['Accessibilité handicapés'],2017-04-19,https://w3id.org/semleg/legimaintlex/resource/document/arrete-du-19-avril-2017-relatif-aux-conditions-d-acces-a-l-organisation-de-la-fo-5cb6cf2d9af9/article/article-JORFTEXT000034502655-226/content,"L'admission en formation s'effectue en première ou en deuxième année du cursus. Peuvent être admis en deuxième année, les candidats ayant intégré la formation dans les conditions prévues aux a et c de l'article 1er qui remplissent les deux conditions cumulatives suivantes : 1° Justifier, au 1er septembre de l'année du concours, de l'obtention de soixante crédits ECTS (European Credit Transfer System) pour l'obtention d'un diplôme universitaire dans une filière scientifique et technique. Le jury des concours de l'Ecole nationale de l'aviation civile dont la composition est fixée par arrêté du ministre chargé de l'aviation civile vérifie l'adéquation du cursus du candidat admis avec la première année de scolarité dispensée à l'Ecole nationale de l'aviation civile ; 2° Avoir validé l'épreuve de connaissances aéronautiques par l'obtention des notes minimales suivantes : 16/20 à l'épreuve de connaissances aéronautiques ; 12/20 à l'épreuve orale d'anglais. Peuvent être admis en deuxième année les candidats ayant intégré la formation dans les conditions prévues au b de l'article 1er et qui justifient, au 1er septembre de l'année du recrutement, de l'obtention de soixante crédits ECTS (European Credit Transfer System) pour l'obtention d'un diplôme universitaire dans une filière scientifique et technique. Un jury dont la composition est fixée par une décision du directeur de l'Ecole nationale de l'aviation civile vérifie l'adéquation du cursus du candidat admis avec la première année de scolarité dispensée à l'Ecole nationale de l'aviation civile.",1564
https://w3id.org/semleg/legimaintlex/resource/document/arrete-du-19-avril-2017-relatif-aux-conditions-d-acces-a-l-organisation-de-la-fo-5cb6cf2d9af9/article/article-JORFTEXT000034502655-228,article-JORFTEXT000034502655-228,https://w3id.org/semleg/legimaintlex/resource/document/arrete-du-19-avril-2017-relatif-aux-conditions-d-acces-a-l-organisation-de-la-fo-5cb6cf2d9af9,JORFTEXT000034502655,,['Accessibilité handicapés'],2017-04-19,https://w3id.org/semleg/legimaintlex/resource/document/arrete-du-19-avril-2017-relatif-aux-conditions-d-acces-a-l-organisation-de-la-fo-5cb6cf2d9af9/article/article-JORFTEXT000034502655-228/content,III. - Conditions de délivrance du diplôme,42
https://w3id.org/semleg/legimaintlex/resource/document/arrete-du-19-avril-2017-relatif-aux-conditions-d-acces-a-l-organisation-de-la-fo-5cb6cf2d9af9/article/article-JORFTEXT000034502655-229,article-JORFTEXT000034502655-229,https://w3id.org/semleg/legimaintlex/resource/document/arrete-du-19-avril-2017-relatif-aux-conditions-d-acces-a-l-organisation-de-la-fo-5cb6cf2d9af9,JORFTEXT000034502655,,['Accessibilité handicapés'],2017-04-19,https://w3id.org/semleg/legimaintlex/resource/document/arrete-du-19-avril-2017-relatif-aux-conditions-d-acces-a-l-organisation-de-la-fo-5cb6cf2d9af9/article/article-JORFTEXT000034502655-229/content,I. - Conditions d'accès,23
https://w3id.org/semleg/legimaintlex/resource/document/arrete-du-19-avril-2017-relatif-aux-conditions-d-acces-a-l-organisation-de-la-fo-5cb6cf2d9af9/article/article-JORFTEXT000034502655-230,article-JORFTEXT000034502655-230,https://w3id.org/semleg/legimaintlex/resource/document/arrete-du-19-avril-2017-relatif-aux-conditions-d-acces-a-l-organisation-de-la-fo-5cb6cf2d9af9,JORFTEXT000034502655,,['Accessibilité handicapés'],2017-04-19,https://w3id.org/semleg/legimaintlex/resource/document/arrete-du-19-avril-2017-relatif-aux-conditions-d-acces-a-l-organisation-de-la-fo-5cb6cf2d9af9/article/article-JORFTEXT000034502655-230/content,"Le jury d'école examine les résultats obtenus par les étudiants et se prononce sur le déroulement et la sanction des études, au regard des conditions de délivrance du diplôme prévues au IV de l'annexe au présent arrêté. En cas de résultats insuffisants, il fixe les conditions de poursuite éventuelle de la scolarité selon les modalités fixées par le règlement de scolarité de l'école. Il établit la liste des étudiants qui satisfont aux conditions requises pour la délivrance du diplôme.",488
https://w3id.org/semleg/legimaintlex/resource/document/arrete-du-19-avril-2017-relatif-aux-conditions-d-acces-a-l-organisation-de-la-fo-5cb6cf2d9af9/article/article-JORFTEXT000034502655-231,article-JORFTEXT000034502655-231,https://w3id.org/semleg/legimaintlex/resource/document/arrete-du-19-avril-2017-relatif-aux-conditions-d-acces-a-l-organisation-de-la-fo-5cb6cf2d9af9,JORFTEXT000034502655,,['Accessibilité handicapés'],2017-04-19,https://w3id.org/semleg/legimaintlex/resource/document/arrete-du-19-avril-2017-relatif-aux-conditions-d-acces-a-l-organisation-de-la-fo-5cb6cf2d9af9/article/article-JORFTEXT000034502655-231/content,"La formation en gestion de la sécurité et exploitation aéronautique (GSEA) dispensée par l'Ecole nationale de l'aviation civile (ENAC) est ouverte : a) Aux fonctionnaires recrutés dans le corps des techniciens supérieurs des études et de l'exploitation de l'aviation civile selon les modalités fixées par l' article 4 du décret du 27 mars 1993 susvisé ; b) Aux candidats admis par le directeur de l'école à suivre la formation au profit de prestataires dans le transport aérien, dans le cadre de conventions ou de partenariats ; c) Aux lauréats civils du concours d'entrée en formation de gestion de la sécurité et exploitation aéronautique. L'Ecole nationale de l'aviation civile organise les concours de recrutement de la formation en gestion de la sécurité et exploitation aéronautique en liaison avec les services de la direction générale de l'aviation civile (DGAC).",871
https://w3id.org/semleg/legimaintlex/resource/document/arrete-du-19-avril-2017-relatif-aux-conditions-d-acces-a-l-organisation-de-la-fo-5cb6cf2d9af9/article/article-JORFTEXT000034502655-232,article-JORFTEXT000034502655-232,https://w3id.org/semleg/legimaintlex/resource/document/arrete-du-19-avril-2017-relatif-aux-conditions-d-acces-a-l-organisation-de-la-fo-5cb6cf2d9af9,JORFTEXT000034502655,,['Accessibilité handicapés'],2017-04-19,https://w3id.org/semleg/legimaintlex/resource/document/arrete-du-19-avril-2017-relatif-aux-conditions-d-acces-a-l-organisation-de-la-fo-5cb6cf2d9af9/article/article-JORFTEXT000034502655-232/content,Le jury d'école est présidé par le directeur de l'école ou son représentant. La composition du jury d'école ainsi que ses modalités de fonctionnement sont définies dans le règlement de scolarité.,195
https://w3id.org/semleg/legimaintlex/resource/document/arrete-du-19-avril-2017-relatif-aux-conditions-d-acces-a-l-organisation-de-la-fo-5cb6cf2d9af9/article/article-JORFTEXT000034502655-233,article-JORFTEXT000034502655-233,https://w3id.org/semleg/legimaintlex/resource/document/arrete-du-19-avril-2017-relatif-aux-conditions-d-acces-a-l-organisation-de-la-fo-5cb6cf2d9af9,JORFTEXT000034502655,,['Accessibilité handicapés'],2017-04-19,https://w3id.org/semleg/legimaintlex/resource/document/arrete-du-19-avril-2017-relatif-aux-conditions-d-acces-a-l-organisation-de-la-fo-5cb6cf2d9af9/article/article-JORFTEXT000034502655-233/content,"Le diplôme en gestion de la sécurité et exploitation aéronautique de l'Ecole nationale de l'aviation civile est délivré par le directeur de l'école au nom de l'Etat, aux étudiants qui satisfont aux conditions définies au règlement de scolarité.",244
https://w3id.org/semleg/legimaintlex/resource/document/arrete-du-19-avril-2017-relatif-aux-conditions-d-acces-a-l-organisation-de-la-fo-5cb6cf2d9af9/article/article-JORFTEXT000034502655-234,article-JORFTEXT000034502655-234,https://w3id.org/semleg/legimaintlex/resource/document/arrete-du-19-avril-2017-relatif-aux-conditions-d-acces-a-l-organisation-de-la-fo-5cb6cf2d9af9,JORFTEXT000034502655,,['Accessibilité handicapés'],2017-04-19,https://w3id.org/semleg/legimaintlex/resource/document/arrete-du-19-avril-2017-relatif-aux-conditions-d-acces-a-l-organisation-de-la-fo-5cb6cf2d9af9/article/article-JORFTEXT000034502655-234/content,L'enseignement en gestion de la sécurité et exploitation aéronautique a notamment pour objet de répondre : - aux exigences du règlement (UE) n° 2015/340 de la commission du 20 février 2015 susvisé ; - en tout ou partie aux exigences de l'arrêté du 2 juillet 2015 susvisé.,271
https://w3id.org/semleg/legimaintlex/resource/document/arrete-du-19-avril-2017-relatif-aux-conditions-d-acces-a-l-organisation-de-la-fo-5cb6cf2d9af9/article/article-JORFTEXT000034502655-235,article-JORFTEXT000034502655-235,https://w3id.org/semleg/legimaintlex/resource/document/arrete-du-19-avril-2017-relatif-aux-conditions-d-acces-a-l-organisation-de-la-fo-5cb6cf2d9af9,JORFTEXT000034502655,,['Accessibilité handicapés'],2017-04-19,https://w3id.org/semleg/legimaintlex/resource/document/arrete-du-19-avril-2017-relatif-aux-conditions-d-acces-a-l-organisation-de-la-fo-5cb6cf2d9af9/article/article-JORFTEXT000034502655-235/content,La durée de la formation en gestion de la sécurité et exploitation aéronautique est de trois ans. Elle est organisée en six semestres.,134
https://w3id.org/semleg/legimaintlex/resource/document/arrete-du-20-avril-2017-modifiant-l-arrete-du-30-avril-2007-fixant-le-montant-de-f6bec211887d/article/article-JORFTEXT000034454037-66,article-JORFTEXT000034454037-66,https://w3id.org/semleg/legimaintlex/resource/document/arrete-du-20-avril-2017-modifiant-l-arrete-du-30-avril-2007-fixant-le-montant-de-f6bec211887d,JORFTEXT000034454037,,['Accessibilité handicapés'],2017-04-20,https://w3id.org/semleg/legimaintlex/resource/document/arrete-du-20-avril-2017-modifiant-l-arrete-du-30-avril-2007-fixant-le-montant-de-f6bec211887d/article/article-JORFTEXT000034454037-66/content,"Au dernier alinéa de l'article 2 du même arrêté, l'année : « 2016 » est remplacée par l'année : « 2017 ».",105
https://w3id.org/semleg/legimaintlex/resource/document/arrete-du-20-avril-2017-modifiant-l-arrete-du-30-avril-2007-fixant-le-montant-de-f6bec211887d/article/article-JORFTEXT000034454037-67,article-JORFTEXT000034454037-67,https://w3id.org/semleg/legimaintlex/resource/document/arrete-du-20-avril-2017-modifiant-l-arrete-du-30-avril-2007-fixant-le-montant-de-f6bec211887d,JORFTEXT000034454037,,['Accessibilité handicapés'],2017-04-20,https://w3id.org/semleg/legimaintlex/resource/document/arrete-du-20-avril-2017-modifiant-l-arrete-du-30-avril-2007-fixant-le-montant-de-f6bec211887d/article/article-JORFTEXT000034454037-67/content,"Après l'article 1er du même arrêté, il est inséré un article 1.1 ainsi rédigé : « Art. 1.1. - L'allocation complémentaire d'accompagnement à la mobilité géographique dans les armées est attribuée, par décision du ministre de la défense et après avis d'une commission de suivi, dans la limite du plafond mentionné à l'article 1er. A titre exceptionnel et dérogatoire, le montant de cette allocation complémentaire peut être supérieur au plafond mentionné à l'alinéa précédent, sur décision motivée du ministre de la défense et après avis d'une commission de suivi. »",565
https://w3id.org/semleg/legimaintlex/resource/document/arrete-du-20-avril-2017-modifiant-l-arrete-du-30-avril-2007-fixant-le-montant-de-f6bec211887d/article/article-JORFTEXT000034454037-68,article-JORFTEXT000034454037-68,https://w3id.org/semleg/legimaintlex/resource/document/arrete-du-20-avril-2017-modifiant-l-arrete-du-30-avril-2007-fixant-le-montant-de-f6bec211887d,JORFTEXT000034454037,,['Accessibilité handicapés'],2017-04-20,https://w3id.org/semleg/legimaintlex/resource/document/arrete-du-20-avril-2017-modifiant-l-arrete-du-30-avril-2007-fixant-le-montant-de-f6bec211887d/article/article-JORFTEXT000034454037-68/content,"L'article 1er de l'arrêté du 30 avril 2007 susvisé est ainsi modifié : 1° Le quatrième alinéa est remplacé par les dispositions suivantes : « F représente le montant de la facture ou des justificatifs de transport de mobilier ou de bagages lourds acquittés par le militaire. » ; 2° Le dernier alinéa est remplacé par les dispositions suivantes : « Pour les changements de résidence effectués à compter du 1er janvier 2017, le montant de l'allocation d'accompagnement à la mobilité géographique dans les armées ainsi défini ne peut dépasser 15 % du montant plafond des frais de transport de mobilier ou de bagages lourds dans la limite de 3 400 euros. »",652
https://w3id.org/semleg/legimaintlex/resource/document/arrete-du-20-avril-2017-modifiant-l-arrete-du-30-juin-2014-portant-creation-de-l-a2ec5d423a22/article/article-JORFTEXT000034492188-63,article-JORFTEXT000034492188-63,https://w3id.org/semleg/legimaintlex/resource/document/arrete-du-20-avril-2017-modifiant-l-arrete-du-30-juin-2014-portant-creation-de-l-a2ec5d423a22,JORFTEXT000034492188,,['Accessibilité handicapés'],2017-04-20,https://w3id.org/semleg/legimaintlex/resource/document/arrete-du-20-avril-2017-modifiant-l-arrete-du-30-juin-2014-portant-creation-de-l-a2ec5d423a22/article/article-JORFTEXT000034492188-63/content,"Au 6e et au 7e alinéas de l'article 3 de l'arrêté du 30 juin 2014 susvisé, les mots : « deux enseignants » sont remplacés par les mots : « un enseignant ».",155
https://w3id.org/semleg/legimaintlex/resource/document/arrete-du-20-avril-2017-modifiant-l-arrete-du-30-mars-2017-fixant-la-liste-des-p-4ba547dcc68a/article/article-JORFTEXT000034475295-65,article-JORFTEXT000034475295-65,https://w3id.org/semleg/legimaintlex/resource/document/arrete-du-20-avril-2017-modifiant-l-arrete-du-30-mars-2017-fixant-la-liste-des-p-4ba547dcc68a,JORFTEXT000034475295,,['Accessibilité handicapés'],2017-04-20,https://w3id.org/semleg/legimaintlex/resource/document/arrete-du-20-avril-2017-modifiant-l-arrete-du-30-mars-2017-fixant-la-liste-des-p-4ba547dcc68a/article/article-JORFTEXT000034475295-65/content,"A l'article 1er de l'arrêté du 30 mars 2017 susvisé, les mots : « de l'arrêté du 28 juillet 2014 fixant la liste des postes » et les mots : « modifiée et » sont supprimés.",171
https://w3id.org/semleg/legimaintlex/resource/document/arrete-du-20-avril-2017-modifiant-l-arrete-du-31-mai-2011-relatif-a-l-exploitati-4e38051d7d1f/article/article-JORFTEXT000034519126-93,article-JORFTEXT000034519126-93,https://w3id.org/semleg/legimaintlex/resource/document/arrete-du-20-avril-2017-modifiant-l-arrete-du-31-mai-2011-relatif-a-l-exploitati-4e38051d7d1f,JORFTEXT000034519126,,['Accessibilité handicapés'],2017-04-20,https://w3id.org/semleg/legimaintlex/resource/document/arrete-du-20-avril-2017-modifiant-l-arrete-du-31-mai-2011-relatif-a-l-exploitati-4e38051d7d1f/article/article-JORFTEXT000034519126-93/content,L'annexe de l'arrêté du 31 mai 2011 susviséest complétée ainsi qu'il suit : « Jusqu'au 31 octobre 2022 : Paris-Chongqing (Chine). »,131
https://w3id.org/semleg/legimaintlex/resource/document/arrete-du-20-avril-2017-portant-organisation-et-fonctionnement-du-service-a-comp-75583a24ce10/article/article-JORFTEXT000034454146-57,article-JORFTEXT000034454146-57,https://w3id.org/semleg/legimaintlex/resource/document/arrete-du-20-avril-2017-portant-organisation-et-fonctionnement-du-service-a-comp-75583a24ce10,JORFTEXT000034454146,,['Accessibilité handicapés'],2017-04-20,https://w3id.org/semleg/legimaintlex/resource/document/arrete-du-20-avril-2017-portant-organisation-et-fonctionnement-du-service-a-comp-75583a24ce10/article/article-JORFTEXT000034454146-57/content,"Le directeur du « Commandement spécialisé pour la sécurité nucléaire » est assisté, pour l'ensemble de ses attributions, d'un directeur adjoint qui le supplée. Le service comprend, outre le cabinet : - le département de l'appui aux forces et aux opérateurs ; - le département des opérations et de l'emploi ; - le département du soutien opérationnel. Les bureaux composant le service peuvent être amenés à contribuer à la constitution d'une cellule ad hoc en cas d'événement inopiné ou programmé.",495
https://w3id.org/semleg/legimaintlex/resource/document/arrete-du-20-avril-2017-portant-organisation-et-fonctionnement-du-service-a-comp-75583a24ce10/article/article-JORFTEXT000034454146-58,article-JORFTEXT000034454146-58,https://w3id.org/semleg/legimaintlex/resource/document/arrete-du-20-avril-2017-portant-organisation-et-fonctionnement-du-service-a-comp-75583a24ce10,JORFTEXT000034454146,,['Accessibilité handicapés'],2017-04-20,https://w3id.org/semleg/legimaintlex/resource/document/arrete-du-20-avril-2017-portant-organisation-et-fonctionnement-du-service-a-comp-75583a24ce10/article/article-JORFTEXT000034454146-58/content,L'arrêté du 20 juillet 2016 portant création du commandement spécialisé pour la sécurité nucléaire est abrogé.,110
https://w3id.org/semleg/legimaintlex/resource/document/arrete-du-20-avril-2017-portant-organisation-et-fonctionnement-du-service-a-comp-75583a24ce10/article/article-JORFTEXT000034454146-59,article-JORFTEXT000034454146-59,https://w3id.org/semleg/legimaintlex/resource/document/arrete-du-20-avril-2017-portant-organisation-et-fonctionnement-du-service-a-comp-75583a24ce10,JORFTEXT000034454146,,['Accessibilité handicapés'],2017-04-20,https://w3id.org/semleg/legimaintlex/resource/document/arrete-du-20-avril-2017-portant-organisation-et-fonctionnement-du-service-a-comp-75583a24ce10/article/article-JORFTEXT000034454146-59/content,"I. - Le département du soutien opérationnel est chargé du soutien administratif et logistique de proximité des personnels du service. En liaison avec les administrations centrales concernées, il contribue à la définition des besoins spécifiques en matière de soutien opérationnel spécialisé des personnels des forces et services de sécurité intérieure concourant à la protection des matières nucléaires, de leurs installations et de leurs transports. II. - Le département comprend : - le bureau des ressources humaines chargé d'assurer la gestion de proximité de l'ensemble des personnels du service. Il contribue à la définition des référentiels et cursus métier ainsi qu'au suivi et à la programmation des formations au profit des unités et personnels susceptibles d'intervenir dans le domaine de la sécurité nucléaire ; - le bureau budget-administration chargé d'assurer le suivi du budget de fonctionnement alloué et de préparer et mettre en œuvre les actes administratifs nécessaires ; - le bureau équipement logistique chargé d'assurer le soutien logistique du service. Il contribue à l'évaluation des besoins et à l'harmonisation des dotations en matériels spécialisés des forces de sécurité intérieure ; - le bureau sécurité - protection du secret chargé de définir les mesures de sécurité applicables au service et d'en contrôler le respect ainsi que d'assurer la protection du secret de la défense nationale en son sein.",1430
https://w3id.org/semleg/legimaintlex/resource/document/arrete-du-20-avril-2017-portant-organisation-et-fonctionnement-du-service-a-comp-75583a24ce10/article/article-JORFTEXT000034454146-60,article-JORFTEXT000034454146-60,https://w3id.org/semleg/legimaintlex/resource/document/arrete-du-20-avril-2017-portant-organisation-et-fonctionnement-du-service-a-comp-75583a24ce10,JORFTEXT000034454146,,['Accessibilité handicapés'],2017-04-20,https://w3id.org/semleg/legimaintlex/resource/document/arrete-du-20-avril-2017-portant-organisation-et-fonctionnement-du-service-a-comp-75583a24ce10/article/article-JORFTEXT000034454146-60/content,"I. - Le département des opérations et de l'emploi est chargé d'harmoniser et de coordonner les principes et concepts opérationnels des forces et services concourant à la sécurité intérieure, placés sous la responsabilité du ministère de l'intérieur, engagés dans la protection des matières nucléaires, de leurs installations et de leurs transports. II. - Le département comprend : - le centre de recueil, analyse, exploitation du renseignement nucléaire chargé de centraliser, exploiter, analyser et synthétiser les renseignements et informations relatifs aux menaces et risques liés à la sécurité nucléaire et de diffuser les informations utiles aux services qui ont besoin d'en connaître ; - le bureau concept-cohérence chargé de proposer des évolutions des doctrines d'emploi des forces et services concourant à la sécurité intérieure en cohérence avec les normes contribuant à la protection des matières nucléaires, de leurs installations et de leurs transports ; - le bureau suivi et analyse de la réponse chargé de suivre et expertiser les activités de protection des matières nucléaires, de leurs installations et de leurs transports et de formuler si nécessaire des préconisations.",1189
https://w3id.org/semleg/legimaintlex/resource/document/arrete-du-20-avril-2017-portant-organisation-et-fonctionnement-du-service-a-comp-75583a24ce10/article/article-JORFTEXT000034454146-61,article-JORFTEXT000034454146-61,https://w3id.org/semleg/legimaintlex/resource/document/arrete-du-20-avril-2017-portant-organisation-et-fonctionnement-du-service-a-comp-75583a24ce10,JORFTEXT000034454146,,['Accessibilité handicapés'],2017-04-20,https://w3id.org/semleg/legimaintlex/resource/document/arrete-du-20-avril-2017-portant-organisation-et-fonctionnement-du-service-a-comp-75583a24ce10/article/article-JORFTEXT000034454146-61/content,I. - Le département de l'appui aux forces et aux opérateurs est chargé d'assurer le contrôle et le suivi administratif des personnes accédant aux installations nucléaires ainsi que la maîtrise des risques métier inhérents à la sécurité des activités nucléaires. II. - Le département comprend : - le bureau des accédants du nucléaire chargé d'assurer le suivi et le contrôle de toutes les personnes physiques et morales qui sont amenées à accéder aux installations concourant aux activités nucléaires ou à des informations classifiées à ce titre ; - le bureau analyse - maîtrise des risques métier chargé de concevoir et évaluer les conditions d'emploi des personnels des forces de sécurité intérieure concernées par les problématiques de sécurité nucléaire. Il vérifie la mise en œuvre des règles d'aptitude technique des locaux abritant du secret de la défense nationale.,872
https://w3id.org/semleg/legimaintlex/resource/document/arrete-du-20-avril-2017-portant-organisation-et-fonctionnement-du-service-a-comp-75583a24ce10/article/article-JORFTEXT000034454146-62,article-JORFTEXT000034454146-62,https://w3id.org/semleg/legimaintlex/resource/document/arrete-du-20-avril-2017-portant-organisation-et-fonctionnement-du-service-a-comp-75583a24ce10,JORFTEXT000034454146,,['Accessibilité handicapés'],2017-04-20,https://w3id.org/semleg/legimaintlex/resource/document/arrete-du-20-avril-2017-portant-organisation-et-fonctionnement-du-service-a-comp-75583a24ce10/article/article-JORFTEXT000034454146-62/content,"I. - Le directeur du Commandement spécialisé pour la sécurité nucléaire dispose d'un cabinet chargé d'être l'interface entre le commandement et les départements. Le chef du cabinet coordonne et anime le travail des pôles qui le composent. II. - Le cabinet comprend : - le pôle interface - relations extérieures chargé d'organiser et entretenir les relations extérieures du service avec les différents acteurs publics et privés du nucléaire ; - le pôle management de l'information chargé d'élaborer les éléments utiles à la compréhension de la réponse du ministère de l'intérieur aux problématiques de sécurité nucléaire et de concevoir et organiser la documentation interne et externe ; - le pôle conseil juridique - réglementation chargé d'apporter son expertise en matière d'élaboration, d'application et d'évolution de la réglementation en matière de sécurité nucléaire ; - le pôle veille-prospective chargé de contribuer à l'état des lieux des menaces, risques et vulnérabilités susceptibles de peser sur les activités nucléaires civiles et de proposer des pistes d'améliorations et des mesures d'anticipation.",1114
https://w3id.org/semleg/legimaintlex/resource/document/arrete-du-20-avril-2017-relatif-a-l-accessibilite-aux-personnes-handicapees-des-6f11433be464/article/article-JORFTEXT000034485459-69,article-JORFTEXT000034485459-69,https://w3id.org/semleg/legimaintlex/resource/document/arrete-du-20-avril-2017-relatif-a-l-accessibilite-aux-personnes-handicapees-des-6f11433be464,JORFTEXT000034485459,,['Accessibilité handicapés'],2017-04-20,https://w3id.org/semleg/legimaintlex/resource/document/arrete-du-20-avril-2017-relatif-a-l-accessibilite-aux-personnes-handicapees-des-6f11433be464/article/article-JORFTEXT000034485459-69/content,"Dispositions relatives aux accès à l'établissement ou à l'installation. I. - Usages attendus : Le niveau d'accès principal au bâtiment pour les occupants et les visiteurs est accessible en continuité avec le cheminement extérieur accessible. Tout dispositif visant à permettre ou restreindre l'accès au bâtiment ou à se signaler au personnel doit pouvoir être repéré, détecté, atteint et utilisé par une personne handicapée. L'utilisation du dispositif doit être la plus simple possible. II. - Caractéristiques minimales : Pour l'application du I du présent article, l'accès au bâtiment ou à des parties de l'établissement répond aux dispositions suivantes : 1° L'accès est horizontal et sans ressaut : Lorsqu'il ne peut être évité, un faible écart de niveau peut être traité par un ressaut à bord arrondi ou muni d'un chanfrein et dont la hauteur est inférieure ou égale à 2 cm. Cette hauteur peut être portée à 4 cm si le ressaut comporte sur toute sa hauteur une pente ne dépassant pas 33 %. 2° Repérage : Les entrées principales du bâtiment sont facilement repérables et détectables par des éléments architecturaux ou par un traitement utilisant des matériaux différents ou visuellement contrastés. S'il est prévu, le numéro ou la dénomination du bâtiment est situé dans le champ visuel et à proximité immédiate de la porte d'entrée. Il respecte les dispositions de l'annexe 3. Tout dispositif visant à permettre ou restreindre l'accès au bâtiment ou à se signaler au personnel est facilement repérable par un contraste visuel ou une signalétique répondant aux exigences définies à l'annexe 3, détectable et n'est pas situé dans une zone sombre. 3° Atteinte et usage : Les systèmes de communication entre le public et le personnel ainsi que les dispositifs de commande manuelle mis à la disposition du public répondent aux exigences suivantes : - ils sont situés à plus de 0,40 m d'un angle rentrant de parois ou de tout autre obstacle à l'approche d'un fauteuil roulant ; - ils sont situés à une hauteur comprise entre 0,90 m et 1,30 m ; - ils sont repérables et détectables. Le système d'ouverture des portes est utilisable en position « debout » comme en position « assis ». Lorsqu'il existe un dispositif de déverrouillage électrique, il permet à toute personne à mobilité réduite d'atteindre la porte et d'entamer la manœuvre d'ouverture avant que la porte ne soit à nouveau verrouillée. Le bouton de déverrouillage de la porte présente un contraste visuel et tactile par rapport à son environnement. Les éléments d'information relatifs à l'orientation dans le bâtiment répondent aux exigences définies à l'annexe 3. S'il existe un contrôle d'accès à l'établissement, le système permet à des personnes sourdes ou malentendantes ou des personnes muettes de signaler leur présence au personnel et d'être informées de la prise en compte de leur appel. En particulier et en l'absence d'une vision directe de ces accès par le personnel, les appareils d'interphonie sont munis d'un système permettant au personnel de l'établissement de visualiser le visiteur. Tout signal lié au fonctionnement d'un dispositif d'accès est sonore et visuel. Les appareils d'interphonie comportent : - une boucle d'induction magnétique respectant les dispositions décrites en annexe 9. Les spécifications de la norme NF EN 60118-4 : 2015 sont réputées satisfaire à ces exigences ; - un retour visuel des informations principales fournies oralement.",3432
https://w3id.org/semleg/legimaintlex/resource/document/arrete-du-20-avril-2017-relatif-a-l-accessibilite-aux-personnes-handicapees-des-6f11433be464/article/article-JORFTEXT000034485459-70,article-JORFTEXT000034485459-70,https://w3id.org/semleg/legimaintlex/resource/document/arrete-du-20-avril-2017-relatif-a-l-accessibilite-aux-personnes-handicapees-des-6f11433be464,JORFTEXT000034485459,,['Accessibilité handicapés'],2017-04-20,https://w3id.org/semleg/legimaintlex/resource/document/arrete-du-20-avril-2017-relatif-a-l-accessibilite-aux-personnes-handicapees-des-6f11433be464/article/article-JORFTEXT000034485459-70/content,"Dans toutes les dispositions de nature réglementaires et codes en vigueur, les références à l'arrêté du 1er août 2006 fixant les dispositions prises pour l'application des articles R. 111-19 à R. 111-19-3 et R. 111-19-6 du code de la construction et de l'habitation relatives à l'accessibilité aux personnes handicapées des établissements recevant du public et des installations ouvertes au public lors de leur construction ou de leur création s'entendent comme faisant référence au présent arrêté.",498
https://w3id.org/semleg/legimaintlex/resource/document/arrete-du-20-avril-2017-relatif-a-l-accessibilite-aux-personnes-handicapees-des-6f11433be464/article/article-JORFTEXT000034485459-71,article-JORFTEXT000034485459-71,https://w3id.org/semleg/legimaintlex/resource/document/arrete-du-20-avril-2017-relatif-a-l-accessibilite-aux-personnes-handicapees-des-6f11433be464,JORFTEXT000034485459,,['Accessibilité handicapés'],2017-04-20,https://w3id.org/semleg/legimaintlex/resource/document/arrete-du-20-avril-2017-relatif-a-l-accessibilite-aux-personnes-handicapees-des-6f11433be464/article/article-JORFTEXT000034485459-71/content,"Dispositions relatives aux circulations intérieures verticales. Les circulations intérieures verticales répondent aux dispositions suivantes : Toute dénivellation des circulations horizontales supérieure ou égale à 1,20 m détermine un niveau décalé considéré comme un étage. Lorsque le bâtiment comporte un ascenseur, tous les étages comportant des locaux ouverts au public sont desservis. Lorsque l'ascenseur, l'élévateur, l'escalier ou l'équipement mobile n'est pas visible depuis l'entrée ou le hall du niveau principal d'accès au bâtiment, il y est repéré par une signalisation adaptée répondant aux exigences définies à l'annexe 3. Lorsqu'il existe plusieurs ascenseurs, élévateurs, escaliers ou équipements desservant de façon sélective les différents niveaux, cette signalisation aide l'usager à choisir le dispositif qui lui convient. Pour les ascenseurs ou les élévateurs, cette information figure également à proximité des commandes d'appel. Le numéro ou la dénomination de chaque étage desservi par un ascenseur ou par un élévateur est installé sur chaque palier, à proximité immédiate de celui-ci, par une signalétique en relief visuellement contrastée par rapport à son environnement immédiat et fixée de telle sorte qu'une personne présentant une déficience visuelle puisse détecter sa signification par le toucher.",1329
https://w3id.org/semleg/legimaintlex/resource/document/arrete-du-20-avril-2017-relatif-a-l-accessibilite-aux-personnes-handicapees-des-6f11433be464/article/article-JORFTEXT000034485459-72,article-JORFTEXT000034485459-72,https://w3id.org/semleg/legimaintlex/resource/document/arrete-du-20-avril-2017-relatif-a-l-accessibilite-aux-personnes-handicapees-des-6f11433be464,JORFTEXT000034485459,,['Accessibilité handicapés'],2017-04-20,https://w3id.org/semleg/legimaintlex/resource/document/arrete-du-20-avril-2017-relatif-a-l-accessibilite-aux-personnes-handicapees-des-6f11433be464/article/article-JORFTEXT000034485459-72/content,"Les dispositions du présent arrêté entrent en vigueur à compter du 1er juillet 2017. Elles s'appliquent aux demandes de permis de construire et aux demandes d'autorisations de construire, aménager ou modifier un établissement recevant du public déposées à compter de cette date.",278
https://w3id.org/semleg/legimaintlex/resource/document/arrete-du-20-avril-2017-relatif-a-l-accessibilite-aux-personnes-handicapees-des-6f11433be464/article/article-JORFTEXT000034485459-73,article-JORFTEXT000034485459-73,https://w3id.org/semleg/legimaintlex/resource/document/arrete-du-20-avril-2017-relatif-a-l-accessibilite-aux-personnes-handicapees-des-6f11433be464,JORFTEXT000034485459,,['Accessibilité handicapés'],2017-04-20,https://w3id.org/semleg/legimaintlex/resource/document/arrete-du-20-avril-2017-relatif-a-l-accessibilite-aux-personnes-handicapees-des-6f11433be464/article/article-JORFTEXT000034485459-73/content,"Dispositions relatives aux escaliers. I. - Usages attendus : Les escaliers doivent pouvoir être utilisés en sécurité par les personnes handicapées y compris lorsqu'une aide appropriée est nécessaire. La sécurité des personnes est assurée par des aménagements ou équipements facilitant notamment le repérage des obstacles et l'équilibre tout au long de l'escalier. II. - Caractéristiques minimales : Les escaliers ouverts au public dans des conditions normales de fonctionnement répondent aux dispositions suivantes, que le bâtiment comporte ou non un ascenseur, un élévateur, un escalier mécanique ou un plan incliné mécanique : 1° Caractéristiques dimensionnelles : La largeur minimale entre mains courantes est de 1,20 m. Les marches répondent aux exigences suivantes : - leur hauteur est inférieure ou égale à 16 cm ; - la largeur du giron est supérieure ou égale à 28 cm. 2° Sécurité d'usage : En haut de l'escalier et sur chaque palier intermédiaire, un revêtement de sol permet l'éveil de la vigilance à une distance de 0,50 m de la première marche grâce à un contraste visuel et tactile. Cette distance peut être réduite à un giron de la première marche de l'escalier lorsque les dimensions ou la configuration de celui-ci ne permettent pas une installation efficace du dispositif à 0,50 m. La première et la dernière marche sont pourvues d'une contremarche d'une hauteur minimale de 0,10 m, visuellement contrastée par rapport à la marche sur au moins 0,10 m de hauteur. Les nez de marches répondent aux exigences suivantes : - être contrastés visuellement par rapport au reste de l'escalier sur au moins 3 cm en horizontal ; - être non glissants ; - ne pas présenter de débord excédant une dizaine de millimètres par rapport à la contremarche. L'escalier comporte un dispositif d'éclairage répondant aux exigences définies à l'article 14. 3° Atteinte et usage : L'escalier, quelle que soit sa conception, comporte une main courante de chaque côté. Dans les escaliers à fût central de diamètre inférieur ou égal à 0,40 m, une seule main courante est exigée et celle-ci est installée sur le mur extérieur. Toute main courante répond aux exigences suivantes : - elle est située à une hauteur comprise entre 0,80 m et 1,00 m mesurée depuis le nez de marche. Toutefois, lorsqu'un garde-corps tient lieu de main courante, celle-ci devra être située pour des motifs de sécurité à la hauteur minimale requise pour le garde-corps. Lorsque le garde-corps a une hauteur supérieure à 1 m, il est muni d'une main courante située à une hauteur comprise entre 0,80 m et 1,00 m ; - se prolonger horizontalement de la longueur d'un giron au-delà de la première et de la dernière marche de chaque volée sans pour autant créer d'obstacle au niveau des circulations horizontales. Dans les escaliers à fût central, cette disposition ne s'applique pas à la main courante côté fût si celle-ci présente un relief tactile permettant à une personne présentant une déficience visuelle de détecter la présence d'un palier ; - être continue, rigide et facilement préhensible y compris sur chaque palier intermédiaire. Dans les escaliers à fût central, une discontinuité de la main courante est autorisée côté mur dès lors qu'elle permet son utilisation sans danger et que sa longueur est inférieure à 0,10 m ; - -être différenciée de la paroi support grâce à un éclairage particulier ou à un contraste visuel.",3389
https://w3id.org/semleg/legimaintlex/resource/document/arrete-du-20-avril-2017-relatif-a-l-accessibilite-aux-personnes-handicapees-des-6f11433be464/article/article-JORFTEXT000034485459-74,article-JORFTEXT000034485459-74,https://w3id.org/semleg/legimaintlex/resource/document/arrete-du-20-avril-2017-relatif-a-l-accessibilite-aux-personnes-handicapees-des-6f11433be464,JORFTEXT000034485459,,['Accessibilité handicapés'],2017-04-20,https://w3id.org/semleg/legimaintlex/resource/document/arrete-du-20-avril-2017-relatif-a-l-accessibilite-aux-personnes-handicapees-des-6f11433be464/article/article-JORFTEXT000034485459-74/content,"Dispositions relatives à l'accueil du public. I. - Usages attendus : Tout aménagement, équipement ou mobilier situé aux points d'accueil du public et nécessaire pour accéder aux espaces ouverts au public, pour les utiliser ou pour les comprendre, doit pouvoir être repéré, détecté, atteint et utilisé par une personne handicapée. Lorsqu'il y a plusieurs points d'accueil à proximité l'un de l'autre, l'un au moins d'entre eux est rendu accessible dans les mêmes conditions d'accès et d'utilisation que celles offertes aux personnes valides, est prioritairement ouvert et est signalé de manière adaptée dès l'entrée. En particulier, le dispositif d'accueil bénéficie d'une ambiance visuelle et sonore adaptée et toute information strictement sonore nécessaire à l'utilisation normale du point d'accueil fait l'objet d'une transmission par des moyens adaptés ou est doublée par une information visuelle. Les espaces ou équipements destinés à la communication font l'objet d'une qualité d'éclairage renforcée. II. - Caractéristiques minimales : Pour l'application du I du présent article, les aménagements et équipements accessibles destinés à l'accueil du public répondent aux dispositions suivantes : Les banques d'accueil et mobiliers en faisant office sont utilisables par une personne en position « debout » comme en position « assis » et permettent la communication visuelle de face, en évitant l'effet d'éblouissement ou de contre-jour dû à l'éclairage naturel ou artificiel, entre les usagers et le personnel. Lorsque des usages tels que lire, écrire, utiliser un clavier sont requis, une partie au moins de l'équipement présente les caractéristiques suivantes : - la hauteur maximale est de 0,80 m ; - l'équipement présente un vide en partie inférieure d'au moins 0,30 m de profondeur, 0,60 m de largeur et 0,70 m de hauteur permettant le passage des pieds et des genoux d'une personne en fauteuil roulant. La disposition relative au vide en partie inférieure ne s'applique pas dès lors qu'un des points d'accueil est situé à un étage ou niveau non desservi par un ascenseur ou un élévateur. Lorsque l'accueil est sonorisé, il est équipé d'un système de transmission du signal acoustique par induction magnétique respectant les dispositions de l'annexe 9. Les spécifications de la norme NF EN 60118-4 : 2015 sont réputées satisfaire à ces exigences. Ce système est signalé par un pictogramme. Les accueils des établissements recevant du public remplissant une mission de service public ainsi que des établissements recevant du public de 1re à 4e catégorie sont équipés obligatoirement d'une telle boucle d'induction magnétique. Les postes d'accueil comportent un dispositif d'éclairage répondant aux exigences définies à l'article 14.",2740
https://w3id.org/semleg/legimaintlex/resource/document/arrete-du-20-avril-2017-relatif-a-l-accessibilite-aux-personnes-handicapees-des-6f11433be464/article/article-JORFTEXT000034485459-75,article-JORFTEXT000034485459-75,https://w3id.org/semleg/legimaintlex/resource/document/arrete-du-20-avril-2017-relatif-a-l-accessibilite-aux-personnes-handicapees-des-6f11433be464,JORFTEXT000034485459,,['Accessibilité handicapés'],2017-04-20,https://w3id.org/semleg/legimaintlex/resource/document/arrete-du-20-avril-2017-relatif-a-l-accessibilite-aux-personnes-handicapees-des-6f11433be464/article/article-JORFTEXT000034485459-75/content,L'arrêté du 1er août 2006 fixant les dispositions prises pour l'application des articles R. 111-19 à R. 111-19-3 et R. 111-19-6 du code de la construction et de l'habitation relatives à l'accessibilité aux personnes handicapées des établissements recevant du public et des installations ouvertes au public lors de leur construction ou de leur création est abrogé.,363
https://w3id.org/semleg/legimaintlex/resource/document/arrete-du-20-avril-2017-relatif-a-l-accessibilite-aux-personnes-handicapees-des-6f11433be464/article/article-JORFTEXT000034485459-76,article-JORFTEXT000034485459-76,https://w3id.org/semleg/legimaintlex/resource/document/arrete-du-20-avril-2017-relatif-a-l-accessibilite-aux-personnes-handicapees-des-6f11433be464,JORFTEXT000034485459,,['Accessibilité handicapés'],2017-04-20,https://w3id.org/semleg/legimaintlex/resource/document/arrete-du-20-avril-2017-relatif-a-l-accessibilite-aux-personnes-handicapees-des-6f11433be464/article/article-JORFTEXT000034485459-76/content,"Dispositions relatives aux circulations intérieures horizontales. I. - Usages attendus : Les circulations intérieures horizontales sont accessibles et sans danger pour les personnes handicapées. Les principaux éléments structurants du cheminement sont repérables par les personnes ayant une déficience visuelle. Les personnes handicapées peuvent accéder à l'ensemble des locaux ouverts au public et en ressortir de manière autonome. II. - Caractéristiques minimales : Les circulations intérieures horizontales répondent aux exigences applicables au cheminement extérieur accessible visées à l'article 2, à l'exception des dispositions concernant : - l'aménagement d'espaces de manœuvre avec possibilité de demi-tour pour une personne circulant en fauteuil roulant ; - le repérage et le guidage ; - le passage libre sous les obstacles en hauteur, qui est réduit à 2 m dans les parcs de stationnement. Dans les restaurants et les débits de boisson, des allées structurantes ainsi que les autres allées pourront être mises en place selon les caractéristiques suivantes : - les allées structurantes ont une largeur minimale de 1,40 m et permettent à une personne en fauteuil roulant d'accéder depuis l'entrée de l'établissement aux emplacements accessibles, aux prestations offertes par l'établissement et aux sanitaires adaptés ; - les autres allées respectent à minima les largeurs fixées par le règlement de sécurité contre les risques d'incendie et de panique dans les établissements recevant du public.",1503
https://w3id.org/semleg/legimaintlex/resource/document/arrete-du-20-avril-2017-relatif-a-l-accessibilite-aux-personnes-handicapees-des-6f11433be464/article/article-JORFTEXT000034485459-77,article-JORFTEXT000034485459-77,https://w3id.org/semleg/legimaintlex/resource/document/arrete-du-20-avril-2017-relatif-a-l-accessibilite-aux-personnes-handicapees-des-6f11433be464,JORFTEXT000034485459,,['Accessibilité handicapés'],2017-04-20,https://w3id.org/semleg/legimaintlex/resource/document/arrete-du-20-avril-2017-relatif-a-l-accessibilite-aux-personnes-handicapees-des-6f11433be464/article/article-JORFTEXT000034485459-77/content,"Dispositions spécifiques relatives aux caisses de paiement et aux dispositifs ou équipements disposées en batterie ou en série. I. - Usages attendus : Lorsqu'ils existent, un nombre minimum de caisses de paiement ou des dispositifs ou équipements disposés en batterie ou en série est adapté et accessible par un cheminement accessible et l'un d'entre eux est prioritairement ouvert. Ce nombre minimum est défini en fonction de leur nombre total. II. - Caractéristiques minimales : Les caisses de paiement et les dispositifs ou équipements adaptés sont répartis de manière uniforme. Lorsque ces caisses de paiement ou dispositifs ou équipements disposés en batterie ou en série sont localisés sur plusieurs niveaux, ces obligations s'appliquent à chaque niveau. 1° Nombre : Le nombre minimal de caisses de paiement ou de dispositifs ou équipements disposés en batterie ou en série adaptées est d'une caisse ou un dispositif ou équipement par tranche de vingt, arrondi à l'unité supérieure. Lorsqu'il n'existe qu'une seule caisse de paiement, celle-ci est accessible aux personnes handicapées. 2° Caractéristiques dimensionnelles : Les caisses de paiement ou dispositifs ou équipements disposés en batterie ou en série sont conçus et disposés de manière à permettre leur usage par une personne en fauteuil roulant. La largeur minimale du cheminement d'accès aux caisses de paiement ou dispositifs ou équipements disposés en batterie ou en série adaptés est de 0,90 m. Ces caisses de paiement ou dispositifs ou équipements disposés en batterie ou en série adaptés sont munis d'un affichage directement lisible par l'usager afin de permettre aux personnes sourdes ou malentendantes de recevoir l'information sur le prix à payer.",1724
https://w3id.org/semleg/legimaintlex/resource/document/arrete-du-20-avril-2017-relatif-a-l-accessibilite-aux-personnes-handicapees-des-6f11433be464/article/article-JORFTEXT000034485459-78,article-JORFTEXT000034485459-78,https://w3id.org/semleg/legimaintlex/resource/document/arrete-du-20-avril-2017-relatif-a-l-accessibilite-aux-personnes-handicapees-des-6f11433be464,JORFTEXT000034485459,,['Accessibilité handicapés'],2017-04-20,https://w3id.org/semleg/legimaintlex/resource/document/arrete-du-20-avril-2017-relatif-a-l-accessibilite-aux-personnes-handicapees-des-6f11433be464/article/article-JORFTEXT000034485459-78/content,"Dispositions relatives aux cheminements extérieurs. I. - Usages attendus : Un cheminement accessible permet d'accéder à l'entrée principale, ou à une des entrées principales, des bâtiments depuis l'accès au terrain. Le choix et l'aménagement de ce cheminement sont tels qu'ils facilitent la continuité de la chaîne du déplacement avec l'extérieur du terrain et notamment les services de transports en commun lorsqu'ils existent. Le cheminement accessible est le cheminement usuel, ou l'un des cheminements usuels. Le cheminement accessible permet notamment à une personne ayant une déficience visuelle ou auditive de se localiser, s'orienter et atteindre le bâtiment en sécurité et permet à une personne ayant une déficience motrice d'accéder à tout équipement ou aménagement donné à l'usage. Les caractéristiques d'un cheminement accessible sont définies au II ci-après. Lorsqu'il existe plusieurs cheminements, le ou les cheminements accessibles sont signalés de manière adaptée. Les principaux éléments structurants du cheminement sont visuellement repérables et détectables à la canne blanche ou au pied par les personnes ayant une déficience visuelle. Lorsque le cheminement courant se fait par un plan incliné, celui-ci offre des caractéristiques minimales définies au II ci-après. Lorsque les caractéristiques du terrain ne permettent pas la réalisation d'un cheminement accessible depuis l'extérieur du terrain, un espace de stationnement adapté tel que défini à l'article 3 est prévu à proximité de l'entrée du bâtiment et se trouve relié à celle-ci par un cheminement accessible. Pour indiquer que le cheminement extérieur n'a pu être rendu accessible, cet espace de stationnement adapté est signalé à l'entrée du terrain par une signalisation répondant aux exigences de l'annexe 3. II. - Caractéristiques minimales : Les cheminements extérieurs accessibles mentionnés au précédent I répondent aux dispositions suivantes : 1° Repérage et guidage : Une signalisation adaptée est mise en place à l'entrée du terrain de l'opération, à proximité des places de stationnement pour le public, ainsi qu'en chaque point du cheminement accessible où un choix d'itinéraire est donné à l'usager. Les éléments de signalisation répondent aux exigences définies à l'annexe 3. Le revêtement d'un cheminement accessible présente un contraste visuel et tactile par rapport à son environnement permettant sa détection à la canne blanche ou au pied. A défaut, le cheminement comporte sur toute sa longueur un repère continu, tactile pour le guidage à l'aide d'une canne blanche, et visuellement contrasté par rapport à son environnement pour faciliter le guidage des personnes malvoyantes. Dès lors que des bandes de guidage sont installées, elles respectent les dispositions décrites en annexe 6. Les spécifications de la norme NF P 98-352 : 2015 sont réputées satisfaire à ces exigences. 2° Caractéristiques dimensionnelles : a) Profil en long : Le cheminement accessible est horizontal et sans ressaut. Lorsqu'une dénivellation ne peut être évitée, un plan incliné de pente inférieure ou égale à 5 % est aménagé afin de la franchir. Les valeurs de pentes suivantes sont tolérées exceptionnellement : - jusqu'à 8 % sur une longueur inférieure ou égale à 2 m ; - jusqu'à 10 % sur une longueur inférieure ou égale à 0,50 m. Un palier de repos est nécessaire en haut et en bas de chaque plan incliné quelle qu'en soit la longueur. En cas de plan incliné de pente supérieure ou égale à 4 %, un palier de repos est nécessaire tous les 10 m. Les caractéristiques dimensionnelles du palier sont définies à l'annexe 2. Lorsqu'il ne peut être évité, un faible écart de niveau peut être traité par un ressaut à bord arrondi ou muni d'un chanfrein et dont la hauteur est inférieure ou égale à 2 cm. Cette hauteur maximale peut toutefois être portée à 4 cm si le ressaut comporte sur toute sa hauteur une pente ne dépassant pas 33 %. La distance minimale entre deux ressauts successifs est de 2,50 m. Ces ressauts successifs sont séparés par des paliers de repos. Les pentes comportant plusieurs ressauts successifs, dits « pas d'âne », sont interdites. Un plan incliné ne présente pas de ressaut, ni en haut ni en bas. Cette dernière disposition ne s'applique pas aux seuils de porte ni aux pas de porte. b) Profil en travers : Largeur de passage : La largeur minimale du cheminement accessible est de 1,40 m libre de tout obstacle afin de faciliter les croisements. Lorsqu'un rétrécissement ponctuel ne peut être évité, la largeur minimale du cheminement peut, sur une faible longueur, être comprise entre 1,20 m et 1,40 m de manière à conserver une possibilité de croisement entre un piéton et une personne en fauteuil roulant. Dévers : Le cheminement est conçu et mis en œuvre de manière à éviter la stagnation d'eau. Lorsqu'un dévers est nécessaire, il est inférieur ou égal à 2 %. c) Espaces de manœuvre et d'usage pour les personnes circulant en fauteuil roulant : Un espace de manœuvre avec possibilité de demi-tour est nécessaire en chaque point du cheminement accessible où un choix d'itinéraire est donné à l'usager. De même, un espace de manœuvre avec possibilité de demi-tour est nécessaire au droit du système de contrôle d'accès des portes d'entrée desservies par un cheminement accessible. Un espace de manœuvre de porte est nécessaire de part et d'autre de chaque porte ou portillon situé le long du cheminement, à l'exception : - des portes et des portillons automatiques coulissants dès lors qu'est prévue la détection de toute personne avant le passage de la porte et son passage de la porte en toute sécurité ; - des portes et des portillons ouvrant uniquement sur un escalier ; - des portes des sanitaires, des douches et des locaux non adaptés. Un espace d'usage est nécessaire devant chaque équipement ou aménagement situé le long du cheminement afin d'en permettre l'atteinte et l'usage. Les caractéristiques dimensionnelles de ces différents espaces sont définies à l'annexe 2. 3° Sécurité d'usage : Le sol ou le revêtement de sol du cheminement accessible est non meuble, non glissant, non réfléchissant et sans obstacle à la roue. Les trous et fentes situés dans le sol du cheminement ont une largeur ou un diamètre inférieur ou égal à 2 cm. Un cheminement accessible est libre de tout obstacle. Afin d'être repérables et d'éviter le danger de choc, les éléments éventuels qui ne peuvent pas être mis en dehors du cheminement accessible doivent répondre aux exigences suivantes : - s'ils sont suspendus au-dessus du cheminement, un passage libre d'au moins 2,20 m de hauteur au-dessus du sol est prévu ; - s'ils sont implantés sur le cheminement accessible quelle que soit leur hauteur, ou en saillie latérale de plus de 15 cm sur le cheminement, un dispositif de détection permettant de prévenir du danger de choc est prévu. Ce dispositif de détection est situé dans la zone de balayage d'une canne blanche, est contrasté par rapport à son environnement immédiat, présente des angles arrondis et ne présente pas d'arête vive. Les caractéristiques techniques de ce dispositif sont décrites en annexe 4. Afin de pouvoir être repérés et détectés par les personnes aveugles ou mal-voyantes, le mobilier, les bornes et poteaux respectent les dispositions de l'annexe 5. Lorsque le cheminement accessible est bordé à une distance inférieure à 0,90 m par une rupture de niveau vers le bas d'une hauteur de plus de 0,25 m, un dispositif de protection est implanté afin d'alerter les personnes du risque de chute. Lorsqu'un escalier est situé dans un espace de circulation, la partie située en dessous de 2,20 m, si elle n'est pas fermée, est visuellement contrastée, comporte un rappel tactile situé dans la zone de balayage d'une canne blanche et est réalisée de manière à prévenir les dangers de chocs pour des personnes aveugles ou malvoyantes. Les parois vitrées situées sur les cheminements ou en bordure immédiate de ceux-ci sont repérables par des personnes de toutes tailles à l'aide d'éléments visuels contrastés par rapport à l'environnement immédiat et visibles de part et d'autre de la paroi. Toute volée d'escalier comportant trois marches ou plus répond aux exigences applicables aux escaliers visées à l'article 7-1, à l'exception de la disposition concernant l'éclairage. Toute volée d'escalier comportant moins de trois marches répond aux exigences applicables aux escaliers visées au 2° du II de l'article 7-1, à l'exception de la disposition concernant l'éclairage. Le dispositif d'éveil de la vigilance prévu à l'article 7-1 respecte les dispositions décrites en annexe 7. Les spécifications de la norme NF P 98-351 : 2010 sont réputées satisfaire à ces exigences. Lorsqu'un cheminement accessible croise un itinéraire emprunté par des véhicules, la covisibilité entre les conducteurs des véhicules et les piétons est garantie afin de permettre à chacun de pouvoir évaluer la possibilité de franchir le croisement sans risque de collision. Pour cela, le cheminement comporte au droit de ce croisement : - un élément permettant l'éveil de la vigilance des piétons respectant les dispositions décrites en annexe 7. Les spécifications de la norme NF P 98-351 : 2010 sont réputées satisfaire à ces exigences ; - un marquage au sol et une signalisation qui indiquent également aux conducteurs des véhicules qu'ils croisent un cheminement pour piétons ; - si nécessaire, un dispositif complétant voire élargissant le champ de vision. Le cheminement accessible comporte un dispositif d'éclairage répondant aux exigences définies à l'article 14. Les feux tricolores installés sur les espaces extérieurs de l'établissement sont équipés de dispositifs répétiteurs de feux de circulation à l'usage des personnes aveugles ou malvoyantes respectant les dispositions décrites en annexe 8. Les spécifications de la norme NF S 32-002 : 2004 sont réputées satisfaire à ces exigences.",9887
https://w3id.org/semleg/legimaintlex/resource/document/arrete-du-20-avril-2017-relatif-a-l-accessibilite-aux-personnes-handicapees-des-6f11433be464/article/article-JORFTEXT000034485459-79,article-JORFTEXT000034485459-79,https://w3id.org/semleg/legimaintlex/resource/document/arrete-du-20-avril-2017-relatif-a-l-accessibilite-aux-personnes-handicapees-des-6f11433be464,JORFTEXT000034485459,,['Accessibilité handicapés'],2017-04-20,https://w3id.org/semleg/legimaintlex/resource/document/arrete-du-20-avril-2017-relatif-a-l-accessibilite-aux-personnes-handicapees-des-6f11433be464/article/article-JORFTEXT000034485459-79/content,"Les dispositions du présent arrêté sont prises pour l'application des dispositions des articles R. 111-19 à R. 111-19-4 du code de la construction et de l'habitation . Les dispositions architecturales et les aménagements propres à assurer l'accessibilité des établissements et installations neufs satisfont aux obligations définies aux articles 2 à 19. Des solutions d'effet équivalent peuvent être mises en œuvre dès lors que celles-ci satisfont aux mêmes objectifs que les solutions prescrites par le présent arrêté. Lorsqu'une solution d'effet équivalent est mise en œuvre, le maître d'ouvrage transmet au représentant de l'Etat dans le département, préalablement aux travaux, les éléments permettant de vérifier que cette solution satisfait aux objectifs d'accessibilité. Ces éléments sont transmis en trois exemplaires sauf s'ils sont transmis par voie électronique. Le représentant de l'Etat notifie sa décision motivée, dans les trois mois qui suivent la réception des éléments, après avoir consulté la commission compétente en application de l' article R.* 111-19-30 du code de la construction et de l'habitation . A défaut de réponse de la commission dans un délai de deux mois à compter de la transmission de la demande d'avis, celui-ci est réputé favorable. A défaut de réponse du représentant de l'Etat dans le département dans le délai de trois mois à compter de la date à laquelle il a reçu la demande d'accord, celui-ci est réputé acquis. Les dispositions des articles 5 à 19 concernant les espaces de manœuvre avec possibilité de demi-tour, les espaces de manœuvre de porte, les espaces d'usage devant, au droit, à l'aplomb ou situés latéralement par rapport aux équipements et la distance minimale entre la poignée de porte et un angle rentrant ne s'appliquent pas pour les étages ou niveaux non accessibles aux personnes circulant en fauteuil roulant.",1869
https://w3id.org/semleg/legimaintlex/resource/document/arrete-du-20-avril-2017-relatif-a-l-accessibilite-aux-personnes-handicapees-des-6f11433be464/article/article-JORFTEXT000034485459-80,article-JORFTEXT000034485459-80,https://w3id.org/semleg/legimaintlex/resource/document/arrete-du-20-avril-2017-relatif-a-l-accessibilite-aux-personnes-handicapees-des-6f11433be464,JORFTEXT000034485459,,['Accessibilité handicapés'],2017-04-20,https://w3id.org/semleg/legimaintlex/resource/document/arrete-du-20-avril-2017-relatif-a-l-accessibilite-aux-personnes-handicapees-des-6f11433be464/article/article-JORFTEXT000034485459-80/content,"Dispositions spécifiques relatives aux établissements comportant des locaux d'hébergement. I. - Usages attendus : Tout établissement disposant de locaux d'hébergement pour le public comporte des chambres ou locaux à sommeil accessibles et aménagés de manière à pouvoir être occupés par des personnes handicapées. Lorsque ces chambres ou locaux à sommeil comportent une salle d'eau, celle-ci est adaptée et accessible. S'ils ne comportent pas de salle d'eau et s'il existe au moins une salle d'eau d'étage, celle-ci est aménagée et est accessible depuis ces chambres par un cheminement accessible. Lorsque ces chambres ou locaux à sommeil comportent un cabinet d'aisances, celui-ci est adapté et accessible. S'ils ne comportent pas de cabinet d'aisances, un cabinet d'aisances indépendant et accessible de ces chambres par un cheminement accessible est aménagé à cet étage. Une chambre ou un local à sommeil non adapté peut être utilisé par une personne présentant une déficience visuelle, auditive ou mentale et visité par une personne circulant en fauteuil roulant, lorsque celle-ci ou celui-ci est situé à un étage accessible à une personne en fauteuil roulant. II. - Caractéristiques minimales : 1° Dispositions relatives à l'ensemble des chambres ou locaux à sommeil : Pour satisfaire aux exigences du I, toutes les chambres ou locaux à sommeil répondent aux dispositions suivantes : - la porte d'entrée a une largeur nominale minimale de 0,80 m correspondant à une largeur de passage utile de 0,77 m ; - une prise de courant au moins est située à proximité d'un lit et, pour les établissements disposant d'un réseau de téléphonie interne, une prise téléphone est reliée à ce réseau ; - le numéro ou la dénomination de chaque chambre ou local à sommeil figure en relief sur la porte, présente une taille dont les caractéristiques sont définies à l'annexe 3 et un contraste visuel par rapport à son environnement et est positionné dans le champ de vision du client. Les équipements installés en hauteur tels que les écrans de télévision sont installés en dehors du cheminement ou à une hauteur supérieure à 2,20 m. 2° Dispositions relatives aux chambres adaptées : Pour satisfaire aux exigences du I, les chambres ou locaux à sommeil adaptés répondent aux dispositions suivantes : Les établissements comportant des locaux d'hébergement pour le public, notamment les établissements d'hébergement hôtelier ainsi que tous les établissements comportant des locaux de repos, notamment les hôpitaux et les internats, comportent des chambres ou des locaux à sommeil adaptés aux personnes en fauteuil roulant. a) Nombre : Pour les établissements d'hébergement de personnes âgées ou de personnes présentant un handicap moteur, l'ensemble des chambres ou logements, salles d'eau, douches et cabinets d'aisances est adapté. Pour les autres établissements, le nombre minimal de chambres adaptées est défini de la façon suivante : 1 chambre si l'établissement ne comporte pas plus de 20 chambres ; 2 chambres si l'établissement ne compte pas plus de 50 chambres ; 1 chambre supplémentaire par tranche ou fraction de 50 chambres supplémentaire au-delà de 50 ; Les chambres adaptées sont répartis entre les différents niveaux desservis par ascenseur. b) Caractéristiques dimensionnelles : Une chambre adapte comporte en dehors du débattement de porte éventuel et de l'emprise d'un lit de 1,40 m × 1,90 m : - un espace de manœuvre avec possibilité de demi-tour dont les caractéristiques sont définies à l'annexe 2 ; - un passage d'au moins 0,90 m sur les deux grands côtés du lit et un passage d'au moins 1,20 m sur le petit côté libre du lit, ou un passage d'au moins 1,20 m sur les deux grands côtés du lit et un passage d'au moins 0,90 m sur le petit côté libre du lit. Dans les établissements où les règles d'occupation ne prévoient qu'une personne par chambre ou couchage, le lit à prendre en compte est de dimensions 0,90 m × 1,90 m. Lorsque le lit est fixé au sol, le plan de couchage est situé à une hauteur comprise entre 0,40 m et 0,50 m du sol. Le cabinet de toilette intégré à la chambre ou au local à sommeil ou l'une au moins des salles d'eau à usage collectif situées à l'étage comporte : - une douche adaptée sans ressaut de plus de 2 cm équipée : - de barres d'appui permettant le transfert d'une personne en fauteuil roulant ; - d'un équipement permettant de s'asseoir et de disposer d'un appui en position « debout » ; - d'un espace d'usage tel que défini à l'annexe 2, placé latéralement à l'équipement permettant de s'asseoir ; - un espace de manœuvre avec possibilité de demi-tour dont les caractéristiques dimensionnelles sont définies à l'annexe 2. - un lavabo accessible présentant un vide en partie inférieure d'au moins 0,30 m de profondeur, 0,60 m de largeur et 0,70 m de hauteur permettant le passage des pieds et des genoux d'une personne en fauteuil roulant. Le choix de l'équipement ainsi que le choix et le positionnement de la robinetterie permettent un usage complet du lavabo en position assis en veillant notamment à la facilité de leur préhension. Le cabinet d'aisances intégré à la chambre ou au local à sommeil ou l'un au moins des cabinets d'aisances à usage collectif situés à l'étage offre dès la livraison, un espace d'usage accessible à une personne en fauteuil roulant tel que défini à l'annexe 2, situé latéralement par rapport à la cuvette. Ce cabinet est équipé d'une barre d'appui latérale permettant le transfert de la personne depuis le fauteuil vers la cuvette et réciproquement. La barre est située à une hauteur comprise entre 0,70 m et 0,80 m. Sa fixation ainsi que le support permettent à un adulte de prendre appui de tout son poids.",5678
https://w3id.org/semleg/legimaintlex/resource/document/arrete-du-20-avril-2017-relatif-a-l-accessibilite-aux-personnes-handicapees-des-6f11433be464/article/article-JORFTEXT000034485459-81,article-JORFTEXT000034485459-81,https://w3id.org/semleg/legimaintlex/resource/document/arrete-du-20-avril-2017-relatif-a-l-accessibilite-aux-personnes-handicapees-des-6f11433be464,JORFTEXT000034485459,,['Accessibilité handicapés'],2017-04-20,https://w3id.org/semleg/legimaintlex/resource/document/arrete-du-20-avril-2017-relatif-a-l-accessibilite-aux-personnes-handicapees-des-6f11433be464/article/article-JORFTEXT000034485459-81/content,"Dispositions spécifiques relatives aux cabines et aux espaces à usage individuel. I. - Usages attendus : Lorsque des prestations identiques sont offertes dans des cabines ou des espaces à usage individuel, tels que des cabines d'habillage ou de déshabillage, de soins ou de douche, l'établissement comporte des cabines ou des espaces adaptés aux personnes handicapées et desservis par un cheminement accessible. Ces cabines ou ces espaces adaptés sont installés au même emplacement que les autres cabines ou espaces lorsque ceux-ci sont regroupés. Lorsqu'il existe des cabines ou espaces à usage individuel séparés pour chaque sexe, au moins une cabine ou espace adapté et séparé pour chaque sexe est installé. II. - Caractéristiques minimales : Pour satisfaire aux exigences du I, les cabines ou espaces adaptés respectent les dispositions suivantes : 1° Nombre : Le nombre minimal de cabines ou d'espaces adaptés est défini de la façon suivante : 1 cabine ou espace adapté si l'établissement n'en comporte pas plus de 20 ; 2 cabines ou espaces adaptés si l'établissement n'en comporte plus de 50 ; 1 cabine ou espace adapté supplémentaire par tranche ou portion de 50. 2° Atteinte et usage Les cabines ou espaces à usage individuel adaptés comportent : - un espace de manœuvre avec possibilité de demi-tour dont les caractéristiques dimensionnelles sont définies à l'annexe 2 ; - un équipement permettant de s'asseoir et de disposer d'un appui en position « debout ». Les douches adaptées comportent : - un siphon de sol ; - un équipement permettant de s'asseoir et de disposer d'un appui en position « debout » ; - un espace d'usage tel que défini à l'annexe 2, situé latéralement par rapport à l'équipement permettant de s'asseoir ; - un espace de manœuvre avec possibilité de demi-tour dont les caractéristiques dimensionnelles sont définies à l'annexe 2 ; - des équipements accessibles en position « assis », notamment des patères, robinetterie, sèche-cheveux, miroirs, dispositif de fermeture des portes.",2011
https://w3id.org/semleg/legimaintlex/resource/document/arrete-du-20-avril-2017-relatif-a-l-accessibilite-aux-personnes-handicapees-des-6f11433be464/article/article-JORFTEXT000034485459-82,article-JORFTEXT000034485459-82,https://w3id.org/semleg/legimaintlex/resource/document/arrete-du-20-avril-2017-relatif-a-l-accessibilite-aux-personnes-handicapees-des-6f11433be464,JORFTEXT000034485459,,['Accessibilité handicapés'],2017-04-20,https://w3id.org/semleg/legimaintlex/resource/document/arrete-du-20-avril-2017-relatif-a-l-accessibilite-aux-personnes-handicapees-des-6f11433be464/article/article-JORFTEXT000034485459-82/content,"Dispositions relatives au stationnement automobile. Le présent article s'applique à tout parc de stationnement automobile intérieur ou extérieur à l'usage du public et dépendant d'un établissement recevant du public ou d'une installation ouverte au public, ainsi qu'aux parcs de stationnement en ouvrage, enterrés ou aériens. I. - Usages attendus : Tout parc de stationnement visé par le présent article comporte une ou plusieurs places de stationnement adaptées pour les personnes handicapées et réservées à leur usage. Les caractéristiques de ces places sont définies au II du présent article. Une place de stationnement adaptée est aisément repérable par tous à partir de l'entrée du parc de stationnement, est positionnée, dimensionnée et équipée de façon à permettre aux personnes titulaires de la carte « mobilité inclusion » portant la mention « stationnement pour personnes handicapées » mentionnée à l' article L. 241-3 du code de l'action sociale et des familles et en particulier à une personne en fauteuil roulant ou à son accompagnateur, de stationner son véhicule au plus proche d'un cheminement accessible conduisant à une entrée ou d'une sortie accessible de l'établissement. Les places adaptées, quelle que soit leur configuration et notamment lorsqu'elles sont réalisées dans un volume fermé, sont telles qu'un usager en fauteuil roulant peut quitter l'emplacement une fois le véhicule garé. II. - Caractéristiques minimales : Les places des parcs de stationnement automobile adaptées pour les personnes handicapées répondent aux dispositions suivantes : 1° Situation : Les places de stationnement adaptées sont localisées à proximité d'une entrée, de la sortie accessible, du hall d'accueil ou de l'ascenseur et reliées à ceux-ci par un cheminement accessible tel que défini selon les cas à l'article 2 ou à l'article 6 du présent arrêté à l'exception de la disposition relative au repérage et au guidage mentionnée au premier alinéa du 1° du II de l'article 2. La borne de paiement est située dans un espace accessible. Dans les parcs de stationnement en ouvrage enterrés ou aériens, les places de stationnement adaptées et réservées aux personnes handicapées peuvent être concentrées sur les deux niveaux les plus proches de la surface. 2° Repérage : Dans le respect des prescriptions définies à l'annexe 3 concernant l'information et la signalisation, les emplacements adaptés et réservés sont signalés. Chaque place adaptée destinée au public est repérée par un marquage au sol ainsi qu'une signalisation verticale. 3° Nombre : Les places adaptées destinées à l'usage du public représentent au minimum 2 % du nombre total de places prévues pour le public. Le nombre minimal de places adaptées est arrondi à l'unité supérieure. Au-delà de 500 places, le nombre de places adaptées, qui ne saurait être inférieur à 10, est fixé par arrêté municipal. 4° Caractéristiques dimensionnelles : Une place de stationnement adaptée correspond à un espace horizontal au dévers près, inférieur ou égal à 2 %. La largeur minimale des places adaptées est de 3,30 m et leur longueur minimale est de 5 m. Pour les places situées en épi ou en bataille, une surlongueur de 1,20 m est matérialisée sur la voie de circulation des parcs de stationnement par une peinture ou une signalisation adaptée au sol afin de signaler la possibilité pour une personne en fauteuil roulant d'entrer ou de sortir par l'arrière de son véhicule. Qu'elle soit à l'extérieur ou à l'intérieur du bâtiment, une place de stationnement adaptée se raccorde sans ressaut de plus de 2 cm au cheminement d'accès à l'entrée du bâtiment ou à l'ascenseur. Sur une longueur d'au moins 1,40 m à partir de la place de stationnement adaptée, ce cheminement est horizontal au dévers près. 5° Atteinte et usage : S'il existe un contrôle d'accès ou de sortie du parc de stationnement, le système permet à des personnes sourdes ou malentendantes ou des personnes muettes de signaler leur présence au personnel et d'être informées de la prise en compte de leur appel. En particulier et en l'absence d'une vision directe de ces accès ou sorties par le personnel : - tout signal lié au fonctionnement du dispositif d'accès est sonore et visuel ; - les appareils d'interphonie sont munis d'un système permettant au personnel de l'établissement de visualiser le conducteur. Les appareils d'interphonie comportent : - une boucle d'induction magnétique respectant les dispositions décrites en annexe 9. Les spécifications de la norme NF EN 60118-4 : 2015 sont réputées satisfaire à ces exigences ; - un retour visuel des informations principales fournies oralement.",4621
https://w3id.org/semleg/legimaintlex/resource/document/arrete-du-20-avril-2017-relatif-a-l-accessibilite-aux-personnes-handicapees-des-6f11433be464/article/article-JORFTEXT000034485459-83,article-JORFTEXT000034485459-83,https://w3id.org/semleg/legimaintlex/resource/document/arrete-du-20-avril-2017-relatif-a-l-accessibilite-aux-personnes-handicapees-des-6f11433be464,JORFTEXT000034485459,,['Accessibilité handicapés'],2017-04-20,https://w3id.org/semleg/legimaintlex/resource/document/arrete-du-20-avril-2017-relatif-a-l-accessibilite-aux-personnes-handicapees-des-6f11433be464/article/article-JORFTEXT000034485459-83/content,"Dispositions relatives aux locaux ouverts au public, aux équipements et dispositifs de commande. I. - Usages attendus : Les personnes handicapées peuvent accéder à l'ensemble des locaux ouverts au public et en ressortir de manière autonome. Les équipements, le mobilier, les dispositifs de commande et de service situés dans les établissements recevant du public ou dans les installations ouvertes au public doivent être repérés, détectés, atteints et utilisés par les personnes handicapées. La disposition des équipements ne crée pas d'obstacle ou de danger pour les personnes ayant une déficience visuelle. Lorsque plusieurs équipements ou éléments de mobilier ayant la même fonction sont mis à la disposition du public, un au moins par groupe d'équipements ou d'éléments de mobilier peut être repéré, détectés, atteint et utilisé par les personnes handicapées. Dans le cas d'équipements soumis à des horaires de fonctionnement, l'équipement adapté fonctionne en priorité. II. - Caractéristiques minimales : Pour satisfaire aux exigences du I, les équipements, le mobilier ainsi que les dispositifs de commande, de service et d'information fixes destinés au public, qu'ils soient situés à l'intérieur ou à l'extérieur, respectent les dispositions suivantes : 1° Repérage : Les équipements et le mobilier sont repérables grâce notamment à un éclairage particulier ou à un contraste visuel. Les dispositifs de commande sont repérables par un contraste visuel et tactile. 2° Atteinte et usage : Un espace d'usage dont les caractéristiques dimensionnelles sont définies à l'annexe 2 est nécessaire au droit de tout équipement, mobilier, dispositif de commande et de service situé à chaque étage accessible aux personnes en fauteuil roulant. Un équipement ou un élément de mobilier au moins par groupe d'équipements ou d'éléments de mobilier est utilisable par une personne en position « debout » comme en position « assis ». Pour être utilisable en position « assis », un équipement ou élément de mobilier présente les caractéristiques suivantes : a) Hauteur comprise entre 0,90 m et 1,30 m et à plus de 0,40 m d'un angle rentrant de parois ou de tout autre obstacle à l'approche d'un fauteuil roulant : - pour une commande manuelle ; - lorsque l'utilisation de l'équipement nécessite de voir, lire, entendre, parler. b) Hauteur maximale de 0,80 m et vide en partie inférieure d'au moins 0,30 m de profondeur, 0,60 m de largeur et 0,70 m de hauteur permettant le passage des pieds et des genoux d'une personne en fauteuil roulant, lorsqu'un élément de mobilier permet de lire un document, écrire, utiliser un clavier. Dans le cas de guichets d'information ou de vente manuelle, lorsque la communication avec le personnel est sonorisée, le dispositif de sonorisation est équipé d'un système de transmission du signal acoustique par induction magnétique signalé par un pictogramme. Les salles de réunion des établissements recevant du public de 1re à 4e catégories sont telles qu'au moins une de ces salles est équipée d'une boucle à induction magnétique respectant les dispositions décrites en annexe 9. Les spécifications de la norme NF EN 60118-4 : 2015 sont réputées satisfaire à ces exigences. Cette disposition ne s'applique pas aux salles modulables. Les éléments de signalisation et d'information répondent aux exigences définies à l'annexe 3. Lorsqu'il existe un ou plusieurs points d'affichage instantané, toute information sonore est doublée par une information visuelle sur ce support. Les interrupteurs et les boutons de commande mis à disposition du public ne sont pas à effleurement.",3594
https://w3id.org/semleg/legimaintlex/resource/document/arrete-du-20-avril-2017-relatif-a-l-accessibilite-aux-personnes-handicapees-des-6f11433be464/article/article-JORFTEXT000034485459-84,article-JORFTEXT000034485459-84,https://w3id.org/semleg/legimaintlex/resource/document/arrete-du-20-avril-2017-relatif-a-l-accessibilite-aux-personnes-handicapees-des-6f11433be464,JORFTEXT000034485459,,['Accessibilité handicapés'],2017-04-20,https://w3id.org/semleg/legimaintlex/resource/document/arrete-du-20-avril-2017-relatif-a-l-accessibilite-aux-personnes-handicapees-des-6f11433be464/article/article-JORFTEXT000034485459-84/content,"Dispositions relatives aux sanitaires. I. - Usages attendus : Chaque niveau accessible, lorsque des sanitaires y sont prévus pour le public, comporte au moins un cabinet d'aisances adapté pour les personnes handicapées circulant en fauteuil roulant et comportant un lavabo accessible. Les cabinets d'aisances adaptés sont installés au même emplacement que les autres cabinets d'aisances lorsque ceux-ci sont regroupés. Lorsqu'il existe des cabinets d'aisances séparés pour chaque sexe, un cabinet d'aisances accessible séparé pour chaque sexe est aménagé par étage contenant des cabinets d'aisance. Les lavabos ou un lavabo au moins par groupe de lavabos sont accessibles aux personnes handicapées ainsi que les divers aménagements tels que notamment miroir, distributeur de savon, sèche-mains, patères. II. - Caractéristiques minimales : Pour satisfaire aux exigences du I, les sanitaires ouverts au public répondent aux dispositions suivantes : 1° Caractéristiques dimensionnelles : Un cabinet d'aisances adapté pour les personnes handicapées présente les caractéristiques suivantes : - il comporte, en dehors du débattement de porte, un espace d'usage accessible à une personne en fauteuil roulant tel que défini à l'annexe 2, situé latéralement par rapport à la cuvette. Cet espace d'usage peut être situé à droite ou à gauche du cabinet d'aisance pour permettre le transfert à gauche ou à droite d'une personne handicapée sur la cuvette ; - il comporte un espace de manœuvre avec possibilité de demi-tour dont les caractéristiques dimensionnelles sont définies à l'annexe 2, situé à l'intérieur du cabinet ou, à défaut, en extérieur devant la porte. Lorsqu'il est prévu plusieurs cabinets d'aisances adaptés par sexe, les cabinets d'aisances permettant le transfert à droite et les cabinets d'aisances permettant le transfert à gauche sont équitablement répartis parmi les cabinets d'aisances adaptés. Un cabinet d'aisances accessible peut permettre les deux types de transfert. Pour cela, il contient soit : - un espace d'usage de part et d'autre de la cuvette pour permettre le transfert des deux côtés. Dans ce cas, deux barres d'appui latérales amovibles et rabattables le long du mur permettant le transfert d'une personne en fauteuil roulant et apportant une aide au relevage sont installées de part et d'autre de la cuvette. Ces barres d'appui répondent aux exigences mentionnées au 2° ci-dessous ; - deux cuvettes situées de part et d'autre d'un espace d'usage. Le sens de transfert est indiqué sur la porte de chaque cabinet d'aisances adapté par un pictogramme adapté. 2° Atteinte et usage : Un cabinet d'aisances adapté pour les personnes handicapées présente les caractéristiques suivantes : - il comporte un dispositif permettant de refermer la porte derrière soi une fois entré ; - il comporte un lave-mains dont le plan supérieur est situé à une hauteur maximale de 0,85 m équipé d'une robinetterie dont la commande ou la cellule de déclenchement est située à plus de 0,40 m de tout angle rentrant de parois ou de tout autre obstacle à l'approche d'un fauteuil roulant ; - la surface d'assise de la cuvette est située à une hauteur comprise entre 0,45 m et 0,50 m du sol, abattant inclus, à l'exception des sanitaires destinés spécifiquement à l'usage d'enfants ; - une barre d'appui latérale est prévue à côté de la cuvette, permettant le transfert d'une personne en fauteuil roulant et apportant une aide au relevage. La barre est située à une hauteur comprise entre 0,70 m et 0,80 m. Sa fixation ainsi que le support permettent à un adulte de prendre appui de tout son poids ; - la distance entre l'axe de la cuvette et la barre d'appui est comprise entre 0,40 m et 0,45 m. Un lavabo accessible présente un vide en partie inférieure d'au moins 0,30 m de profondeur, 0,60 m de largeur et 0,70 m de hauteur permettant le passage des pieds et des genoux d'une personne en fauteuil roulant. Le choix de l'équipement ainsi que le choix et le positionnement de la robinetterie permettent un usage complet du lavabo en position assis en veillant notamment à la facilité de leur préhension. Lorsque des urinoirs ou des sèche-mains sont disposés en batterie, ils sont positionnés à des hauteurs différentes.",4221
https://w3id.org/semleg/legimaintlex/resource/document/arrete-du-20-avril-2017-relatif-a-l-accessibilite-aux-personnes-handicapees-des-6f11433be464/article/article-JORFTEXT000034485459-85,article-JORFTEXT000034485459-85,https://w3id.org/semleg/legimaintlex/resource/document/arrete-du-20-avril-2017-relatif-a-l-accessibilite-aux-personnes-handicapees-des-6f11433be464,JORFTEXT000034485459,,['Accessibilité handicapés'],2017-04-20,https://w3id.org/semleg/legimaintlex/resource/document/arrete-du-20-avril-2017-relatif-a-l-accessibilite-aux-personnes-handicapees-des-6f11433be464/article/article-JORFTEXT000034485459-85/content,"Dispositions spécifiques applicables à certains types d'établissements. Les dispositions architecturales et les aménagements des établissements recevant du public ou installations ouvertes au public et des équipements visés aux articles 16 à 19, en raison de leur spécificité, satisfont à des obligations spécifiques définies par les articles suivants.",352
https://w3id.org/semleg/legimaintlex/resource/document/arrete-du-20-avril-2017-relatif-a-l-accessibilite-aux-personnes-handicapees-des-6f11433be464/article/article-JORFTEXT000034485459-86,article-JORFTEXT000034485459-86,https://w3id.org/semleg/legimaintlex/resource/document/arrete-du-20-avril-2017-relatif-a-l-accessibilite-aux-personnes-handicapees-des-6f11433be464,JORFTEXT000034485459,,['Accessibilité handicapés'],2017-04-20,https://w3id.org/semleg/legimaintlex/resource/document/arrete-du-20-avril-2017-relatif-a-l-accessibilite-aux-personnes-handicapees-des-6f11433be464/article/article-JORFTEXT000034485459-86/content,"Dispositions spécifiques relatives aux établissements recevant du public assis. I. - Usages attendus : Tout établissement ou installation recevant du public assis reçoit des personnes handicapées dans les mêmes conditions d'accès et d'utilisation que celles offertes aux personnes valides. A cet effet, des emplacements accessibles par un cheminement adapté sont aménagés. Le nombre, les caractéristiques et la disposition de ces emplacements est défini en fonction du nombre total de places offertes. Dans les restaurants ainsi que dans les salles à usage polyvalent ne comportant pas d'aménagements spécifiques, ces emplacements peuvent être dégagés lors de l'arrivée des personnes handicapées. II. - Caractéristiques minimales : Pour satisfaire aux exigences du I, les emplacements accessibles aux personnes en fauteuil roulant dans les établissements et installations recevant du public assis répondent aux dispositions suivantes : 1° Nombre : Le nombre d'emplacements accessibles est d'au moins 2 jusqu'à 50 places et d'un emplacement supplémentaire par tranche ou fraction de 50 places en sus. Au-delà de 1 000 places, le nombre d'emplacements accessibles, qui ne saurait être inférieur à 20, est fixé par arrêté municipal. 2° Répartition : Lorsque plusieurs places s'imposent et que la nature des prestations offertes par l'établissement présente des différences importantes selon l'endroit où le public est admis, les places adaptées sont réparties en fonction des différentes catégories de places offertes au public. 3° Caractéristiques dimensionnelles : Chaque emplacement accessible correspond à un espace d'usage dont les caractéristiques dimensionnelles sont définies à l'annexe 2. Le cheminement d'accès à ces emplacements présente les mêmes caractéristiques que les circulations intérieures visées à l'article 6. Les emmarchements des gradins et les gradins ne sont pas considérés comme des circulations intérieures verticales ou horizontales au sens du présent arrêté. Toutefois, les emmarchements de gradins respectent les dispositions du 2° de l'article 7-1 à l'exception de la disposition concernant l'éclairage.",2131
https://w3id.org/semleg/legimaintlex/resource/document/arrete-du-20-avril-2017-relatif-a-l-accessibilite-aux-personnes-handicapees-des-6f11433be464/article/article-JORFTEXT000034485459-87,article-JORFTEXT000034485459-87,https://w3id.org/semleg/legimaintlex/resource/document/arrete-du-20-avril-2017-relatif-a-l-accessibilite-aux-personnes-handicapees-des-6f11433be464,JORFTEXT000034485459,,['Accessibilité handicapés'],2017-04-20,https://w3id.org/semleg/legimaintlex/resource/document/arrete-du-20-avril-2017-relatif-a-l-accessibilite-aux-personnes-handicapees-des-6f11433be464/article/article-JORFTEXT000034485459-87/content,"Dispositions relatives aux sorties. I. - Usages attendus : Les sorties peuvent être aisément repérées, détectées, atteintes et utilisées par les personnes handicapées. II. - Caractéristiques minimales : Pour satisfaire aux exigences du I, les sorties utilisées par les usagers dans des conditions normales de fonctionnement de l'établissement ou de l'installation respectent les dispositions suivantes : - chaque sortie est repérable de tout point où le public est admis, soit directement, soit par l'intermédiaire d'une signalisation adaptée répondant aux exigences définies à l'annexe 3. - la signalisation indiquant la sortie ne présente aucun risque de confusion avec le repérage des issues de secours.",706
https://w3id.org/semleg/legimaintlex/resource/document/arrete-du-20-avril-2017-relatif-a-l-accessibilite-aux-personnes-handicapees-des-6f11433be464/article/article-JORFTEXT000034485459-88,article-JORFTEXT000034485459-88,https://w3id.org/semleg/legimaintlex/resource/document/arrete-du-20-avril-2017-relatif-a-l-accessibilite-aux-personnes-handicapees-des-6f11433be464,JORFTEXT000034485459,,['Accessibilité handicapés'],2017-04-20,https://w3id.org/semleg/legimaintlex/resource/document/arrete-du-20-avril-2017-relatif-a-l-accessibilite-aux-personnes-handicapees-des-6f11433be464/article/article-JORFTEXT000034485459-88/content,"Dispositions relatives à l'éclairage. I. - Usages attendus : La qualité de l'éclairage, artificiel ou naturel, des circulations intérieures et extérieures est telle que l'ensemble du cheminement est traité sans créer de gêne visuelle. Les parties du cheminement qui peuvent être source de perte d'équilibre pour les personnes handicapées, les dispositifs d'accès et les informations fournies par la signalétique font l'objet d'une qualité d'éclairage renforcée. II. - Caractéristiques minimales : Pour satisfaire aux exigences du I, le dispositif d'éclairage artificiel répond aux caractéristiques suivantes : Il permet d'assurer des valeurs d'éclairement moyen horizontal mesurées au sol le long du parcours usuel de circulation en tenant compte des zones de transition entre les tronçons d'un parcours, d'au moins : 20 lux pour le cheminement extérieur accessible ainsi que les parcs de stationnement extérieurs et leurs circulations piétonnes accessibles ; 20 lux pour les parcs de stationnement intérieurs et leurs circulations piétonnes accessibles ; 200 lux au droit des postes d'accueil ou des mobiliers en faisant office ; 100 lux pour les circulations intérieures horizontales ; 150 lux pour chaque escalier et équipement mobile. Lorsque la durée de fonctionnement d'un système d'éclairage est temporisée, l'extinction est progressive. Dans le cas d'un fonctionnement par détection de présence, la détection couvre l'ensemble de l'espace concerné et deux zones de détection successives se chevauchent obligatoirement. La mise en œuvre des points lumineux évite tout effet d'éblouissement direct des usagers en position « debout » comme « assis » ou de reflet sur la signalétique.",1688
https://w3id.org/semleg/legimaintlex/resource/document/arrete-du-20-avril-2017-relatif-a-l-accessibilite-aux-personnes-handicapees-des-6f11433be464/article/article-JORFTEXT000034485459-89,article-JORFTEXT000034485459-89,https://w3id.org/semleg/legimaintlex/resource/document/arrete-du-20-avril-2017-relatif-a-l-accessibilite-aux-personnes-handicapees-des-6f11433be464,JORFTEXT000034485459,,['Accessibilité handicapés'],2017-04-20,https://w3id.org/semleg/legimaintlex/resource/document/arrete-du-20-avril-2017-relatif-a-l-accessibilite-aux-personnes-handicapees-des-6f11433be464/article/article-JORFTEXT000034485459-89/content,"Dispositions relatives aux tapis roulants, escaliers et plans inclinés mécaniques. I. - Usages attendus : Lorsque le cheminement courant se fait par un tapis roulant, un escalier mécanique ou un plan incliné mécanique, celui-ci peut être repéré, détecté et utilisé par des personnes ayant une déficience visuelle ou des difficultés à conserver leur équilibre. Un tapis roulant, un escalier mécanique ou un plan incliné mécanique est doublé par un cheminement accessible non mobile ou par un ascenseur. II. - Caractéristiques minimales : Pour l'application du I du présent article, ces équipements répondent aux dispositions suivantes : 1° Repérage : Une signalisation adaptée répondant aux exigences définies à l'annexe 3 permet à un usager de choisir entre l'équipement mobile et un autre cheminement accessible. 2° Atteinte et usage : Les mains courantes situées de part et d'autre de l'équipement accompagnent le déplacement et dépassent d'au moins 0,30 m le départ et l'arrivée de la partie en mouvement. La commande d'arrêt d'urgence est facilement repérable et manœuvrable. Elle est située à une hauteur comprise entre 0,80 m et 1,30 m. L'équipement comporte un dispositif d'éclairage répondant aux exigences définies à l'article 14. Le départ et l'arrivée des parties en mouvement sont mis en évidence par un contraste de couleur ou de lumière. Un dispositif d'éveil à la vigilance est installé en amont et en aval de l'équipement. Lorsque l'équipement est situé sur un cheminement extérieur, l'éveil à la vigilance respecte les dispositions décrites en annexe 7. Les spécifications de la norme NF P 98-351 sont réputées satisfaire à ces exigences. En outre, dans le cas des tapis roulants et plans inclinés mécaniques, un signal tactile ou sonore permet d'indiquer à une personne déficiente visuelle l'arrivée sur la partie fixe.",1837
https://w3id.org/semleg/legimaintlex/resource/document/arrete-du-20-avril-2017-relatif-a-l-accessibilite-aux-personnes-handicapees-des-6f11433be464/article/article-JORFTEXT000034485459-90,article-JORFTEXT000034485459-90,https://w3id.org/semleg/legimaintlex/resource/document/arrete-du-20-avril-2017-relatif-a-l-accessibilite-aux-personnes-handicapees-des-6f11433be464,JORFTEXT000034485459,,['Accessibilité handicapés'],2017-04-20,https://w3id.org/semleg/legimaintlex/resource/document/arrete-du-20-avril-2017-relatif-a-l-accessibilite-aux-personnes-handicapees-des-6f11433be464/article/article-JORFTEXT000034485459-90/content,"Dispositions relatives aux revêtements des sols, murs et plafonds. I. - Usages attendus : Les revêtements de sol et les équipements situés sur le sol des cheminements sont sûrs et permettent une circulation aisée des personnes handicapées. Sous réserve de la prise en compte de contraintes particulières liées à l'hygiène ou à l'ambiance hygrométrique des locaux, les revêtements des sols, murs et plafonds ne créent pas de gêne visuelle ou sonore pour les personnes ayant une déficience sensorielle. II. - Caractéristiques minimales : Pour l'application du I du présent article, les dispositions suivantes sont respectées : - qu'ils soient posés ou encastrés, les tapis fixes présentent la dureté nécessaire pour ne pas gêner la progression d'un fauteuil roulant. Ils ne créent pas de ressaut de plus de 2 cm ; - les valeurs réglementaires de temps de réverbération et de surface équivalente de matériaux absorbants définies par les exigences acoustiques en vigueur sont respectées. Lorsqu'il n'existe pas de texte pour définir ces exigences, quel que soit le type d'établissement concerné, l'aire d'absorption équivalente des revêtements et éléments absorbants représente au moins 25 % de la surface au sol des espaces réservés à l'accueil et à l'attente du public ainsi que des salles de restauration. L'aire d'absorption équivalente A d'un revêtement absorbant est donnée par la formule : A=S x αw où S désigne la surface du revêtement absorbant et αw son indice d'évaluation unique de l'absorption acoustique.",1514
https://w3id.org/semleg/legimaintlex/resource/document/arrete-du-20-avril-2017-relatif-a-l-accessibilite-aux-personnes-handicapees-des-6f11433be464/article/article-JORFTEXT000034485459-91,article-JORFTEXT000034485459-91,https://w3id.org/semleg/legimaintlex/resource/document/arrete-du-20-avril-2017-relatif-a-l-accessibilite-aux-personnes-handicapees-des-6f11433be464,JORFTEXT000034485459,,['Accessibilité handicapés'],2017-04-20,https://w3id.org/semleg/legimaintlex/resource/document/arrete-du-20-avril-2017-relatif-a-l-accessibilite-aux-personnes-handicapees-des-6f11433be464/article/article-JORFTEXT000034485459-91/content,"Dispositions relatives aux ascenseurs. I. - Usages attendus : Tous les ascenseurs peuvent être utilisés par les personnes handicapées. Les caractéristiques et la disposition des commandes extérieures et intérieures à la cabine permettent, notamment, leur repérage et leur utilisation par ces personnes. Dans les ascenseurs, des dispositifs permettent de prendre appui et de recevoir par des moyens adaptés les informations liées aux mouvements de la cabine, aux étages desservis et au système d'alarme. II. - Caractéristiques minimales : 1° S'il est procédé à l'installation d'un ascenseur, celui-ci respecte les dispositions décrites au I. Les spécifications de la norme NF EN 81-70 : 2003 sont réputées satisfaire à ces exigences. 2° Un ascenseur est obligatoire : - si l'effectif du public admis aux étages supérieurs ou inférieurs atteint ou dépasse cinquante personnes ; - lorsque l'effectif admis aux étages supérieurs ou inférieurs n'atteint pas cinquante personnes et que certaines prestations ne peuvent être offertes au rez-de-chaussée. Le seuil de cinquante personnes est porté à cent personnes pour les établissements d'enseignement. Un escalier mécanique ou un plan incliné mécanique ne peut en aucun cas remplacer un ascenseur obligatoire. Les ascenseurs sont libres d'accès. Cette disposition ne s'applique pas aux établissements scolaires sous réserve qu'un dispositif permettant d'utiliser l'appareil en toute autonomie soit remis aux élèves concernés. 3° Appareils élévateurs verticaux : a) Pour accéder à l'établissement, un appareil élévateur vertical peut être installé dans les cas suivants : - l'établissement est situé dans une zone où un plan de prévention du risque inondation, tel que prévu par le code de l'environnement ou la topographie du terrain ne permet pas l'aménagement d'un cheminement accessible ou ne garantit pas l'accessibilité de l'entrée de l'établissement ; - à l'intérieur d'un établissement. b) Le choix du type de matériel se fait en fonction de la hauteur de course : - un appareil élévateur vertical avec nacelle et sans gaine peut être installé jusqu'à une hauteur de 0,50 m ; - un appareil élévateur vertical avec nacelle, gaine et portillon peut être installé jusqu'à une hauteur de 1,20 m ; - un appareil élévateur vertical avec gaine fermée et avec porte peut être installé jusqu'à une hauteur de 3,20 m. Un appareil élévateur satisfait aux règles de sécurité en vigueur. Notamment, un dispositif de protection empêche l'accès sous l'appareil lorsque celui-ci est en position haute. c) Un appareil élévateur vertical respecte les caractéristiques minimales suivantes : - la plate-forme élévatrice a une dimension utile de 0,90 m × 1,40 m dans le cas d'un service simple ou opposé et de 1,10 m × 1,40 m dans le cas d'un service en angle ; - la plate-forme élévatrice peut soulever une charge de 250 kg/m2 correspondant à une masse de 315 kg pour une plate-forme de dimension 0,90 m × 1,40 m ; - la commande est centrée sur la plate-forme élévatrice ; - la commande d'appel d'un appareil élévateur vertical avec gaine fermée est à enregistrement. Elle est située hors du débattement de la porte et ne gêne pas la circulation ; - la porte ou le portillon d'entrée a une largeur nominale minimale de 0,90 m correspondant à une largeur de passage utile de 0,83 m. Pour pouvoir être installé jusqu'à une hauteur de 3,20 m, un appareil élévateur vertical avec gaine fermée et avec portillon présente une vitesse nominale comprise entre 0,13 et 0,15 m/s. A l'intérieur d'un appareil élévateur vertical avec nacelle, les commandes à pression maintenue respectent les conditions suivantes : - l'inclinaison de leur support est comprise entre 30° et 45° par rapport à la verticale ; - la force de pression nécessaire pour activer les commandes est comprise entre 2 N et 5 N ; d) Les appareils élévateurs verticaux sont autant que possible libres d'accès. A défaut, un appareil élévateur est assorti d'un dispositif permettant à la personne handicapée de signaler sa présence au personnel de l'établissement. Ce dispositif de signalement répond aux critères suivants : - il est situé à proximité du portillon ou de la porte d'entrée de l'appareil ; - il est facilement repérable ; - il est visuellement contrasté vis-à-vis de son support ; - il est situé au droit d'une signalisation visuelle, tel qu'un panneau, pour expliciter sa signification ; - il est situé à une hauteur comprise entre 0,90 m et 1,30 m et à plus de 0,40 m d'un angle rentrant de parois ou de tout autre obstacle à l'approche d'un fauteuil roulant. L'usager est informé de la prise en compte de son appel.",4619
https://w3id.org/semleg/legimaintlex/resource/document/arrete-du-20-avril-2017-relatif-a-l-accessibilite-aux-personnes-handicapees-des-6f11433be464/article/article-JORFTEXT000034485459-92,article-JORFTEXT000034485459-92,https://w3id.org/semleg/legimaintlex/resource/document/arrete-du-20-avril-2017-relatif-a-l-accessibilite-aux-personnes-handicapees-des-6f11433be464,JORFTEXT000034485459,,['Accessibilité handicapés'],2017-04-20,https://w3id.org/semleg/legimaintlex/resource/document/arrete-du-20-avril-2017-relatif-a-l-accessibilite-aux-personnes-handicapees-des-6f11433be464/article/article-JORFTEXT000034485459-92/content,"Dispositions relatives aux portes, portiques et sas. I. - Usages attendus : Toutes les portes situées sur les cheminements permettent le passage des personnes handicapées et peuvent être manœuvrées par des personnes ayant des capacités physiques réduites, y compris en cas de système d'ouverture complexe. Les portes comportant une partie vitrée importante peuvent être repérées par les personnes malvoyantes de toutes tailles et ne pas créer de gêne visuelle. Les portes battantes et les portes automatiques peuvent être utilisées sans danger par les personnes handicapées. Les sas permettent le passage et la manœuvre des portes pour les personnes handicapées. Toutefois, lorsqu'un dispositif rendu nécessaire du fait de contraintes liées notamment à la sécurité ou à la sûreté s'avère incompatible avec les contraintes liées à un handicap ou à l'utilisation d'une aide technique, notamment dans le cas de portes à tambour, tourniquets ou sas cylindriques, une porte adaptée est installée à proximité de ce dispositif. II. - Caractéristiques minimales : Pour satisfaire aux exigences du I, les portes et sas répondent aux dispositions suivantes : 1° Caractéristiques dimensionnelles : Les portes principales desservant des locaux ou zones pouvant recevoir 100 personnes ou plus ont une largeur de passage utile minimale de 1,40 m. Si les portes sont composées de plusieurs vantaux, la largeur nominale minimale du vantail couramment utilisé est de 0,90 m, correspondant à une largeur de passage utile de 0,83 m. Les portes principales desservant des locaux pouvant recevoir moins de 100 personnes ont une largeur nominale minimale de 0,90 m, correspondant à une largeur de passage utile de 0,83 m. Les portes des sanitaires non adaptées et des cabines et espaces à usage individuel non adaptés ont une largeur nominale minimale de 0,80 m correspondant une largeur de passage utile de 0,77 m. Les portiques de sécurité ont une largeur de passage utile minimale de 0,77 m. Un espace de manœuvre de porte dont les caractéristiques dimensionnelles sont définies à l'annexe 2 est nécessaire devant chaque porte, à l'exception de celles ouvrant uniquement sur un escalier, et à l'exception des portes des sanitaires, cabines et espaces à usage individuel non adaptés. Les sas sont tels que : - à l'intérieur du sas, un espace de manœuvre de porte existe devant chaque porte, hors débattement éventuel de la porte non manœuvrée ; - à l'extérieur du sas, un espace de manœuvre de porte existe devant chaque porte. Les caractéristiques dimensionnelles de ces espaces sont définies à l'annexe 2. 2° Atteinte et usage : Les poignées de porte sont facilement préhensibles et manœuvrables en position « debout » comme « assis », ainsi que par une personne ayant des difficultés à saisir et à faire un geste de rotation du poignet. L'extrémité des poignées des portes, à l'exception de celles ouvrant uniquement sur un escalier, et à l'exception des portes des sanitaires, cabines et espaces à usage individuel non adaptés, est située à plus de 0,40 m d'un angle rentrant de parois ou de tout autre obstacle à l'approche d'un fauteuil roulant. Lorsqu'une porte est à ouverture automatique, la durée d'ouverture permet le passage de personnes à mobilité réduite. Le système est conçu pour pouvoir détecter des personnes de toutes tailles ainsi que les animaux d'assistance. Lorsqu'une porte comporte un système d'ouverture électrique, le déverrouillage est signalé par un signal sonore et lumineux. L'effort nécessaire pour ouvrir la porte est inférieur ou égal à 50 N, que la porte soit ou non équipée d'un dispositif de fermeture automatique. En cas de dispositifs liés à la sécurité ou la sûreté de l'établissement ou de l'installation, les personnes mises en difficulté par ces dispositifs peuvent se signaler à l'accueil, repérer la porte adaptée et la franchir sans difficulté. 3° Sécurité d'usage : Les portes ou leur encadrement ainsi que leur dispositif de manœuvre présentent un contraste visuel par rapport à leur environnement. Les portes comportant une partie vitrée importante doivent être repérables ouvertes comme fermées à l'aide d'éléments visuels contrastés par rapport à l'environnement immédiat et visibles de part et d'autre de la paroi vitrée.",4253
https://w3id.org/semleg/legimaintlex/resource/document/arrete-du-20-avril-2017-relatif-a-l-organisation-et-au-fonctionnement-du-comite-2c2a55f47f2d/article/article-JORFTEXT000034503204-100,article-JORFTEXT000034503204-100,https://w3id.org/semleg/legimaintlex/resource/document/arrete-du-20-avril-2017-relatif-a-l-organisation-et-au-fonctionnement-du-comite-2c2a55f47f2d,JORFTEXT000034503204,,['Accessibilité handicapés'],2017-04-20,https://w3id.org/semleg/legimaintlex/resource/document/arrete-du-20-avril-2017-relatif-a-l-organisation-et-au-fonctionnement-du-comite-2c2a55f47f2d/article/article-JORFTEXT000034503204-100/content,"Les membres du comité de sélection sont nommés, pour chaque sélection, par arrêté du maire de Paris.",100
https://w3id.org/semleg/legimaintlex/resource/document/arrete-du-20-avril-2017-relatif-a-l-organisation-et-au-fonctionnement-du-comite-2c2a55f47f2d/article/article-JORFTEXT000034503204-101,article-JORFTEXT000034503204-101,https://w3id.org/semleg/legimaintlex/resource/document/arrete-du-20-avril-2017-relatif-a-l-organisation-et-au-fonctionnement-du-comite-2c2a55f47f2d,JORFTEXT000034503204,,['Accessibilité handicapés'],2017-04-20,https://w3id.org/semleg/legimaintlex/resource/document/arrete-du-20-avril-2017-relatif-a-l-organisation-et-au-fonctionnement-du-comite-2c2a55f47f2d/article/article-JORFTEXT000034503204-101/content,L'arrêté du 13 avril 2008 relatif à l'organisation et au fonctionnement du comité de sélection prévu à l'article 4 du décret n° 2007-1444 du 8 octobre 2007 portant statut particulier du corps des administrateurs de la ville de Paris est abrogé.,244
https://w3id.org/semleg/legimaintlex/resource/document/arrete-du-20-avril-2017-relatif-a-l-organisation-et-au-fonctionnement-du-comite-2c2a55f47f2d/article/article-JORFTEXT000034503204-102,article-JORFTEXT000034503204-102,https://w3id.org/semleg/legimaintlex/resource/document/arrete-du-20-avril-2017-relatif-a-l-organisation-et-au-fonctionnement-du-comite-2c2a55f47f2d,JORFTEXT000034503204,,['Accessibilité handicapés'],2017-04-20,https://w3id.org/semleg/legimaintlex/resource/document/arrete-du-20-avril-2017-relatif-a-l-organisation-et-au-fonctionnement-du-comite-2c2a55f47f2d/article/article-JORFTEXT000034503204-102/content,"Les candidats à la sélection pour l'accès au corps des administrateurs de la ville de Paris présentent leur candidature au maire de Paris, sous le couvert de leur autorité hiérarchique.",185
https://w3id.org/semleg/legimaintlex/resource/document/arrete-du-20-avril-2017-relatif-a-l-organisation-et-au-fonctionnement-du-comite-2c2a55f47f2d/article/article-JORFTEXT000034503204-103,article-JORFTEXT000034503204-103,https://w3id.org/semleg/legimaintlex/resource/document/arrete-du-20-avril-2017-relatif-a-l-organisation-et-au-fonctionnement-du-comite-2c2a55f47f2d,JORFTEXT000034503204,,['Accessibilité handicapés'],2017-04-20,https://w3id.org/semleg/legimaintlex/resource/document/arrete-du-20-avril-2017-relatif-a-l-organisation-et-au-fonctionnement-du-comite-2c2a55f47f2d/article/article-JORFTEXT000034503204-103/content,Le secrétariat du comité de sélection est assuré par la direction des ressources humaines de la ville de Paris.,111
https://w3id.org/semleg/legimaintlex/resource/document/arrete-du-20-avril-2017-relatif-a-l-organisation-et-au-fonctionnement-du-comite-2c2a55f47f2d/article/article-JORFTEXT000034503204-94,article-JORFTEXT000034503204-94,https://w3id.org/semleg/legimaintlex/resource/document/arrete-du-20-avril-2017-relatif-a-l-organisation-et-au-fonctionnement-du-comite-2c2a55f47f2d,JORFTEXT000034503204,,['Accessibilité handicapés'],2017-04-20,https://w3id.org/semleg/legimaintlex/resource/document/arrete-du-20-avril-2017-relatif-a-l-organisation-et-au-fonctionnement-du-comite-2c2a55f47f2d/article/article-JORFTEXT000034503204-94/content,"Le comité de sélection établit, par ordre alphabétique, la liste des candidats qu'il estime aptes à exercer les fonctions d'administrateur de la ville de Paris. Cette liste est transmise, le cas échéant assortie des observations du comité, au maire de Paris, qui arrête la liste d'aptitude conformément à l' article 4 du décret du 8 octobre 2007 susvisé .",355
https://w3id.org/semleg/legimaintlex/resource/document/arrete-du-20-avril-2017-relatif-a-l-organisation-et-au-fonctionnement-du-comite-2c2a55f47f2d/article/article-JORFTEXT000034503204-95,article-JORFTEXT000034503204-95,https://w3id.org/semleg/legimaintlex/resource/document/arrete-du-20-avril-2017-relatif-a-l-organisation-et-au-fonctionnement-du-comite-2c2a55f47f2d,JORFTEXT000034503204,,['Accessibilité handicapés'],2017-04-20,https://w3id.org/semleg/legimaintlex/resource/document/arrete-du-20-avril-2017-relatif-a-l-organisation-et-au-fonctionnement-du-comite-2c2a55f47f2d/article/article-JORFTEXT000034503204-95/content,"Le comité de sélection mentionné à l' article 4 du décret du 8 octobre 2007 susvisé est composé comme suit : - un membre du Conseil d'Etat, président, désigné par le vice-président du Conseil d'Etat ; - deux représentants du maire de Paris, dont un fonctionnaire de la ville de Paris ayant au moins rang de sous-directeur, désignés par le maire ; - deux représentants des administrations centrales de l'Etat, ayant ou ayant eu au moins rang de sous-directeur, désignés respectivement par le ministre chargé des collectivités locales et par le préfet de Paris ; - deux administrateurs de la ville de Paris ou administrateurs détachés dans un emploi d'administrateur de la ville de Paris désignés par le maire parmi les représentants titulaires ou suppléants de la commission administrative paritaire du corps ; - deux personnalités qualifiées reconnues pour leur compétence en matière de recrutement désignées pour participer aux travaux du comité de sélection avec voix consultative. Les membres du comité de sélection sont soumis aux obligations définies par l' article 26 de la loi n° 83-634 du 13 juillet 1983 modifiée portant droits et obligations des fonctionnaires.",1171
https://w3id.org/semleg/legimaintlex/resource/document/arrete-du-20-avril-2017-relatif-a-l-organisation-et-au-fonctionnement-du-comite-2c2a55f47f2d/article/article-JORFTEXT000034503204-96,article-JORFTEXT000034503204-96,https://w3id.org/semleg/legimaintlex/resource/document/arrete-du-20-avril-2017-relatif-a-l-organisation-et-au-fonctionnement-du-comite-2c2a55f47f2d,JORFTEXT000034503204,,['Accessibilité handicapés'],2017-04-20,https://w3id.org/semleg/legimaintlex/resource/document/arrete-du-20-avril-2017-relatif-a-l-organisation-et-au-fonctionnement-du-comite-2c2a55f47f2d/article/article-JORFTEXT000034503204-96/content,"Le comité de sélection examine les dossiers mentionnés à l'article 7 en appréciant, pour chaque candidat, son parcours professionnel antérieur, sa motivation et son aptitude à exercer les missions dévolues aux membres du corps des administrateurs de la ville de Paris, telles que définies à l' article 1er du décret du 8 octobre 2007 susvisé . Il tient compte, notamment, des fonctions d'encadrement ou d'expertise déjà exercées par les candidats.",447
https://w3id.org/semleg/legimaintlex/resource/document/arrete-du-20-avril-2017-relatif-a-l-organisation-et-au-fonctionnement-du-comite-2c2a55f47f2d/article/article-JORFTEXT000034503204-97,article-JORFTEXT000034503204-97,https://w3id.org/semleg/legimaintlex/resource/document/arrete-du-20-avril-2017-relatif-a-l-organisation-et-au-fonctionnement-du-comite-2c2a55f47f2d,JORFTEXT000034503204,,['Accessibilité handicapés'],2017-04-20,https://w3id.org/semleg/legimaintlex/resource/document/arrete-du-20-avril-2017-relatif-a-l-organisation-et-au-fonctionnement-du-comite-2c2a55f47f2d/article/article-JORFTEXT000034503204-97/content,"Pour chaque candidat, la direction des ressources humaines de la ville de Paris constitue un dossier, en liaison avec l'établissement, la direction ou le service dans lequel l'agent est affecté, ou, le cas échéant, l'organisme auprès duquel l'agent est détaché. Ce dossier comporte notamment les notes obtenues au cours des cinq dernières années ainsi qu'une appréciation motivée et circonstanciée sur sa manière de servir, sur les emplois qu'il a occupés, sur ses aptitudes à remplir les fonctions d'administrateur et sur le type de fonctions qu'il semble le mieux à même d'assumer. Elle y joint les éléments rédigés par le candidat, à savoir : 1° Un curriculum vitae ; 2° Une lettre de motivation ; 3° Un rapport présentant une réalisation professionnelle de son choix.",771
https://w3id.org/semleg/legimaintlex/resource/document/arrete-du-20-avril-2017-relatif-a-l-organisation-et-au-fonctionnement-du-comite-2c2a55f47f2d/article/article-JORFTEXT000034503204-98,article-JORFTEXT000034503204-98,https://w3id.org/semleg/legimaintlex/resource/document/arrete-du-20-avril-2017-relatif-a-l-organisation-et-au-fonctionnement-du-comite-2c2a55f47f2d,JORFTEXT000034503204,,['Accessibilité handicapés'],2017-04-20,https://w3id.org/semleg/legimaintlex/resource/document/arrete-du-20-avril-2017-relatif-a-l-organisation-et-au-fonctionnement-du-comite-2c2a55f47f2d/article/article-JORFTEXT000034503204-98/content,"La durée de l'audition prévue au 2° de l'article 4 du décret du 8 octobre 2007 susvisé est de trente minutes. Cette épreuve comporte : 1° Une première phase de dix minutes qui doit, notamment, permettre aux membres du comité de sélection d'apprécier les acquis de l'expérience professionnelle du candidat, au vu des éléments présents dans le dossier du candidat ; 2° Une seconde phase de vingt minutes qui doit, notamment, permettre aux membres du comité de sélection d'apprécier l'aptitude du candidat à intégrer le corps des administrateurs de la ville de Paris au regard des critères mentionnés à l'article 8.",612
https://w3id.org/semleg/legimaintlex/resource/document/arrete-du-20-avril-2017-relatif-a-l-organisation-et-au-fonctionnement-du-comite-2c2a55f47f2d/article/article-JORFTEXT000034503204-99,article-JORFTEXT000034503204-99,https://w3id.org/semleg/legimaintlex/resource/document/arrete-du-20-avril-2017-relatif-a-l-organisation-et-au-fonctionnement-du-comite-2c2a55f47f2d,JORFTEXT000034503204,,['Accessibilité handicapés'],2017-04-20,https://w3id.org/semleg/legimaintlex/resource/document/arrete-du-20-avril-2017-relatif-a-l-organisation-et-au-fonctionnement-du-comite-2c2a55f47f2d/article/article-JORFTEXT000034503204-99/content,La composition du comité de sélection doit rester la même pour la sélection de la totalité des candidats.,105
https://w3id.org/semleg/legimaintlex/resource/document/arrete-du-20-avril-2017-relatif-au-pretraitement-par-desinfection-des-dechets-d-30d4133b870d/article/article-JORFTEXT000034455698-46,article-JORFTEXT000034455698-46,https://w3id.org/semleg/legimaintlex/resource/document/arrete-du-20-avril-2017-relatif-au-pretraitement-par-desinfection-des-dechets-d-30d4133b870d,JORFTEXT000034455698,,['Accessibilité handicapés'],2017-04-20,https://w3id.org/semleg/legimaintlex/resource/document/arrete-du-20-avril-2017-relatif-au-pretraitement-par-desinfection-des-dechets-d-30d4133b870d/article/article-JORFTEXT000034455698-46/content,"I. - Les appareils de prétraitement par désinfection des déchets d'activités des soins à risques infectieux et assimilés solides et des déchets d'activités des soins à risques infectieux et assimilés liquides conditionnés sont soumis à des essais réalisés conformément à la norme NF X 30-503:2016 « Réduction des risques microbiologiques et mécaniques des déchets d'activités de soins à risques infectieux et assimilés par les appareils de prétraitement par désinfection - partie 1 », ou à toute autre norme d'un Etat membre de l'Union européenne ou d'un autre Etat partie à l'accord instituant l'Espace économique européen, pour autant que cette dernière offre un niveau de sécurité au moins équivalent à la norme. II. - Ces essais, prévus par la norme mentionnée au I, sont réalisés par des laboratoires indépendants du pétitionnaire, en conformité avec les exigences de la norme NF EN ISO/CEI 17025:2005 « Exigences générales concernant la compétence des laboratoires d'étalonnage et d'essais ». III. - Les résultats de ces essais sont conformes aux critères d'acceptation prévus par la norme mentionnée au I ou à toute autre norme d'un Etat membre de l'Union européenne ou d'un autre Etat partie à l'accord instituant l'Espace économique européen, pour autant que cette dernière offre un niveau de sécurité au moins équivalent à la norme. IV. - L'organisme agréé mentionné au III du R. 1335-8-1 A du code de la santé publique apprécie l'équivalence des normes, mentionnée au I. V. - Les essais, réalisés sur les appareils de prétraitement par désinfection ayant fait l'objet depuis le 1er janvier 2011 d'une demande à l'administration et mis en service, sont réputés satisfaire aux exigences de la norme NF X 30-503:2016.",1725
https://w3id.org/semleg/legimaintlex/resource/document/arrete-du-20-avril-2017-relatif-au-pretraitement-par-desinfection-des-dechets-d-30d4133b870d/article/article-JORFTEXT000034455698-47,article-JORFTEXT000034455698-47,https://w3id.org/semleg/legimaintlex/resource/document/arrete-du-20-avril-2017-relatif-au-pretraitement-par-desinfection-des-dechets-d-30d4133b870d,JORFTEXT000034455698,,['Accessibilité handicapés'],2017-04-20,https://w3id.org/semleg/legimaintlex/resource/document/arrete-du-20-avril-2017-relatif-au-pretraitement-par-desinfection-des-dechets-d-30d4133b870d/article/article-JORFTEXT000034455698-47/content,"Les organismes agréés par le ministère chargé de la santé mentionnés au III de l'article R. 1335-8-1 A du code de la santé publique doivent satisfaire aux exigences du cahier des charges figurant à l'annexe 1 du présent arrêté. Le responsable de l'organisme candidat à l'agrément pour la délivrance des attestations de conformité mentionnées au III de l'article R. 1335-8-1 A du code de la santé publique adresse au ministère chargé de la santé (par voie postale à l'adresse suivante : sous direction de la prévention des risques liés à l'environnement et à l'alimentation, bureau EA1, 14, avenue Duquesne, 75350 Paris 07 SP, ou par voie électronique) une demande d'agrément, accompagnée des informations et pièces figurant à l'annexe 2 du présent arrêté. Toute demande de renouvellement d'agrément, accompagnée des informations et pièces figurant à l'annexe 2 du présent arrêté, est adressée par le responsable de l'organisme au ministre chargé de la santé (sous-direction de la prévention des risques liés à l'environnement et à l'alimentation, bureau EA1, 14, avenue Duquesne, 75350 Paris 07 SP, ou par voie électronique), au plus tard cent quatre-vingts jours avant la date d'expiration de l'agrément. L'agrément est délivré par décision du ministre chargé de la santé pour une durée de cinq ans, dans un délai de deux mois à compter de la date de réception de la demande d'agrément. Les fausses déclarations ou le non-respect d'une des prescriptions prévues par le cahier des charges mentionné à l'annexe 1 du présent arrêté constituent un motif de suspension ou de retrait de l'agrément par le ministre chargé de la santé.",1628
https://w3id.org/semleg/legimaintlex/resource/document/arrete-du-20-avril-2017-relatif-au-pretraitement-par-desinfection-des-dechets-d-30d4133b870d/article/article-JORFTEXT000034455698-48,article-JORFTEXT000034455698-48,https://w3id.org/semleg/legimaintlex/resource/document/arrete-du-20-avril-2017-relatif-au-pretraitement-par-desinfection-des-dechets-d-30d4133b870d,JORFTEXT000034455698,,['Accessibilité handicapés'],2017-04-20,https://w3id.org/semleg/legimaintlex/resource/document/arrete-du-20-avril-2017-relatif-au-pretraitement-par-desinfection-des-dechets-d-30d4133b870d/article/article-JORFTEXT000034455698-48/content,Les conditions de délivrance des attestations de conformité mentionnées au I de l'article R. 1335-8-1 A du code de la santé publique figurent à l'annexe 1 du présent arrêté.,173
https://w3id.org/semleg/legimaintlex/resource/document/arrete-du-20-avril-2017-relatif-au-pretraitement-par-desinfection-des-dechets-d-30d4133b870d/article/article-JORFTEXT000034455698-49,article-JORFTEXT000034455698-49,https://w3id.org/semleg/legimaintlex/resource/document/arrete-du-20-avril-2017-relatif-au-pretraitement-par-desinfection-des-dechets-d-30d4133b870d,JORFTEXT000034455698,,['Accessibilité handicapés'],2017-04-20,https://w3id.org/semleg/legimaintlex/resource/document/arrete-du-20-avril-2017-relatif-au-pretraitement-par-desinfection-des-dechets-d-30d4133b870d/article/article-JORFTEXT000034455698-49/content,"ANNEXE 5 PRESCRIPTIONS RELATIVES À LA SURVEILLANCE DES INSTALLATIONS DE PRÉTRAITEMENT PAR DÉSINFECTION MENTIONNÉE À L'ARTICLE 5 (DEUXIÈME PARAGRAPHE) 1. Surveillance de l'efficacité antimicrobienne des appareils de prétraitement par désinfection de DASRIA Enregistrement des paramètres L'exploitant d'un appareil de prétraitement par désinfection des déchets d'activités de soins à risques infectieux et assimilés procède à l'enregistrement en continu des paramètres de désinfection définis dans l'attestation de conformité. Essais sur déchets prétraités Des essais sur porte-germes contenant une spore de Bacillus athrophaeus ou une spore de Geobacillus stearothermophilus, sont réalisés par l'exploitant d'un appareil de prétraitement par désinfection : - une fois par trimestre pour les appareils de prétraitement par désinfection qui traitent plus de cinquante tonnes de déchets d'activités de soins à risques infectieux par an (en moyenne annuelle) ; - une fois par semestre pour les appareils de prétraitement par désinfection qui traitent moins de cinquante tonnes de déchets d'activités de soins à risques infectieux par an (en moyenne annuelle). Les modalités techniques sont celles décrites par la norme NF X 30-503-1:2016. Les essais sont réalisés un jour donné avec trois porte-germes. Le dénombrement des germes est réalisé le jour de l'essai (J0) et après vingt-huit jours d'entreposage dans le laboratoire (J28), pour s'assurer de l'absence de reviviscence des germes. Les critères d'acceptation sont ceux définis par la norme précitée. 2. Surveillance des paramètres mécaniques Des essais de broyage sont réalisés par l'exploitant d'un appareil de prétraitement : - une fois par trimestre pour les appareils de prétraitement par désinfection qui traitent plus de cinquante tonnes de déchets d'activités de soins à risques infectieux par an (en moyenne annuelle) ; - une fois par semestre pour les appareils de prétraitement par désinfection qui traitent moins de cinquante tonnes de déchets d'activités de soins à risques infectieux par an (en moyenne annuelle). Les modalités techniques sont celles décrites par la norme NF X 30-503-1:2016 ; les essais portent sur neuf cycles de DASRIA tout-venant. Les critères d'acceptation sont ceux définis par la norme précitée. 3. Conditions de réalisation des essais Les essais mentionnés aux 1 et 2 de la présente annexe sont effectués selon les modalités décrites par la norme mentionnée au I de l'article 1er du présent arrêté. Les essais mentionnés aux 1 et 2 de la présente annexe sont réalisés par des laboratoires remplissant les conditions prévues au II de l'article 1er du présent arrêté. 4. Résultats non conformes aux critères d'acceptation (essais d'efficacité antimicrobienne et essais de broyage) Si le résultat d'un essai n'est pas conforme aux critères d'acceptation de la norme mentionnée au I de l'article 1er du présent arrêté, l'exploitant procède : - à la mise en œuvre des actions correctives nécessaires pour y remédier ; - à la réalisation de nouveaux essais. Si les résultats de ces nouveaux essais ne sont pas conformes aux critères d'acceptation de la norme mentionnée au I de l'article 1er du présent arrêté, alors l'exploitant, sans délai : - suspend l'utilisation de l'appareil de prétraitement des DASRIA à l'origine de la non-conformité ; - met en œuvre la solution de secours, mentionnée au 7 de l'annexe 4 ; - en avise le directeur général de l'agence régionale de santé du lieu d'implantation de l'installation. Ces actions, ainsi que leurs dates de mise en œuvre, sont formalisées et conservées dans le registre d'exploitation mentionné au 8 de l'annexe 4. 5. Conservation des résultats L'exploitant conserve les résultats des essais pendant au moins trois ans.",3755
https://w3id.org/semleg/legimaintlex/resource/document/arrete-du-20-avril-2017-relatif-au-pretraitement-par-desinfection-des-dechets-d-30d4133b870d/article/article-JORFTEXT000034455698-50,article-JORFTEXT000034455698-50,https://w3id.org/semleg/legimaintlex/resource/document/arrete-du-20-avril-2017-relatif-au-pretraitement-par-desinfection-des-dechets-d-30d4133b870d,JORFTEXT000034455698,,['Accessibilité handicapés'],2017-04-20,https://w3id.org/semleg/legimaintlex/resource/document/arrete-du-20-avril-2017-relatif-au-pretraitement-par-desinfection-des-dechets-d-30d4133b870d/article/article-JORFTEXT000034455698-50/content,"ANNEXE 3 DÉCLARATION MENTIONNÉE À L'ARTICLE 4 La déclaration d'une installation de prétraitement par désinfection des déchets d'activités de soins à risques infectieux et assimilés auprès du directeur général de l'agence régionale de santé comprend les éléments suivants : 1. Informations générales a) Les coordonnées de l'exploitant ; b) L'identification et les coordonnées d'un correspondant. 2. Informations relatives à l'appareil de prétraitement par désinfection Une copie de l'attestation de conformité prévue au III de l'article R.1335-8-1 A du code de la santé publique. 3. Informations relatives à l'installation a) Les caractéristiques de l'installation : - la dénomination et l'adresse du lieu d'implantation ; - le plan de l'installation faisant apparaître les différentes unités ; - le nombre d'appareils de prétraitement par désinfection présents au sein de l'installation ; - les caractéristiques du local d'implantation de l'(des) appareil(s) de prétraitement par désinfection ; - les modalités d'évacuation des rejets liquides et gazeux ; - la quantité de déchets d'activités de soins à risques infectieux et assimilés prétraités dans l'installation par an ; - la capacité maximale annuelle de prétraitement de l'installation (en tonnes par an) ; - la liste des divers équipements connexes nécessaires au fonctionnement de l'installation (notamment les zones de stockage des grands récipients pour vrac/grands emballages pleins et désinfectés, les dispositifs de lavage et de désinfection des grands récipients pour vrac/grands emballages) ; b) Les coordonnées (nom, adresse, téléphone) de la (ou des) installation(s) de traitement des déchets qui recevront tout ou partie des déchets prétraités par désinfection et une copie du contrat avec cette (ces) installation(s) ; c) Les coordonnées (nom, adresse, téléphone) de la filière de secours identifiée et une copie du contrat avec cette installation ; d) Les conditions d'élimination ou d'évacuation des eaux résiduaires (ou autorisation de déversement d'eaux usées autres que domestiques, conformément à l' article L. 1331-10 du code de la santé publique ).",2126
https://w3id.org/semleg/legimaintlex/resource/document/arrete-du-20-avril-2017-relatif-au-pretraitement-par-desinfection-des-dechets-d-30d4133b870d/article/article-JORFTEXT000034455698-51,article-JORFTEXT000034455698-51,https://w3id.org/semleg/legimaintlex/resource/document/arrete-du-20-avril-2017-relatif-au-pretraitement-par-desinfection-des-dechets-d-30d4133b870d,JORFTEXT000034455698,,['Accessibilité handicapés'],2017-04-20,https://w3id.org/semleg/legimaintlex/resource/document/arrete-du-20-avril-2017-relatif-au-pretraitement-par-desinfection-des-dechets-d-30d4133b870d/article/article-JORFTEXT000034455698-51/content,"ANNEXE 4 PRESCRIPTIONS RELATIVES À L'AMÉNAGEMENT ET L'EXPLOITATION DES INSTALLATIONS DE PRÉTRAITEMENT PAR DÉSINFECTION MENTIONNÉES À L'ARTICLE 5 (PREMIER PARAGRAPHE) 1. Objet Toute installation de prétraitement est aménagée et exploitée conformément aux indications figurant dans la présente annexe. 2. Nature des déchets admissibles et interdits sur les installations de prétraitement par désinfection des déchets d'activités de soins à risques infectieux et assimilés Les déchets admissibles sur l'installation de prétraitement, dans les appareils de prétraitement par désinfection, sont les déchets définis à l' article R. 1335-1 du code de la santé publique . Ces déchets d'activités de soins à risques infectieux et assimilés (DASRIA) ne sont acceptés que s'ils sont préalablement conditionnés dans les emballages à usage unique mentionnés par l'arrêté du 24 novembre 2003 relatif aux emballages des déchets d'activités de soins à risques infectieux et assimilés et des pièces anatomiques d'origine humaine. Les DASRIA emballés produits par un service d'un établissement peuvent être placés dans des appareils de prétraitement par désinfection sans sur-emballage dans un grand récipient pour vrac lorsque l'appareil de prétraitement par désinfection est situé à proximité immédiate de ce service. Sont exclus des appareils de prétraitement par désinfection les déchets d'activités de soins à risques infectieux et assimilés : - susceptibles de contenir des agents biologiques du groupe 4 mentionnés par l'arrêté du 18 juillet 1994 fixant la liste des agents biologiques pathogènes, des agents transmissibles non conventionnels ou des agents de la peste ; - contaminés par des radionucléides ou susceptibles de l'être ; - susceptible de contenir des résidus de médicaments ayant des propriétés cytostatiques ou cytotoxiques. Sont également exclus des appareils de prétraitement par désinfection : - les médicaments périmés ou non utilisés ; - les déchets qui présentent une ou plusieurs des propriétés de danger HP1 à HP8 et HP10 à HP15 telles que définies dans le règlement UE n° 1357/2014 et la décision de la Commission du 18 décembre 2014 modifiant la décision 2000/532/CE établissant la liste des déchets, conformément à la directive 2008/98/CE du Parlement européen et du Conseil. Les déchets d'activités de soins à risques infectieux présentant également au moins une propriété de danger HP 1 à HP 8 ou HP 10 à HP 15, telles que définies dans le règlement UE n° 1357/2014 et la décision de la Commission du 18 décembre 2014, sont identifiés par le producteur du déchet responsable de l'identification de la dangerosité du déchet et de son élimination, conformément aux articles L. 541-1-1 et suivants du code de l'environnement . 3. Vérification des déchets Toute arrivée de déchets sur l'installation de prétraitement fait l'objet, de la part de l'exploitant, des vérifications suivantes : - examen visuel du chargement et contrôle de la conformité des emballages, notamment vis-à-vis des prescriptions de l'arrêté du 24 novembre 2003 susvisé ; - vérification de l'absence de contamination radioactive des déchets destinés au prétraitement par désinfection. L'identification de déchets exclus du prétraitement, tels que prévus au 2, parmi les déchets remis pour prétraitement, conduit à refuser l'ensemble des déchets présents dans le même conditionnement des opérations de prétraitement par désinfection. La gestion des déchets refusés au prétraitement par désinfection fait l'objet de procédures écrites de la part de l'exploitant. En particulier, l'identification de déchets radioactifs conduit à les exclure du prétraitement et à mettre en œuvre les règles de gestion conformément à l'arrêté du 23 juillet 2008 portant homologation de la décision n° 2008-DC-0095 de l'Autorité de sûreté nucléaire du 29 janvier 2008 fixant les règles techniques auxquelles doit satisfaire l'élimination des effluents et des déchets contaminés par les radionucléides, ou susceptibles de l'être du fait d'une activité nucléaire, prise en application des dispositions de l'article R. 1333-12 du code de la santé publique . 4. Fonctionnement de l'installation Le fonctionnement de l'installation ne doit pas être à l'origine de poussières ou d'odeurs susceptibles de nuire à son voisinage. 5. Entreposage Entreposage des DASRIA dans l'attente du prétraitement par désinfection Il est conforme aux dispositions de l'arrêté du 7 septembre 1999 relatif aux modalités d'entreposage des déchets d'activités de soins à risques infectieux et assimilés, en particulier celles concernant les locaux d'entreposage. Les déchets d'activités de soins à risques infectieux et assimilés sont prétraités au plus tard quarante huit heures après leur arrivée dans l'installation de prétraitement par désinfection, dans le respect des dispositions de l'arrêté du 7 septembre 1999 relatif au contrôle des filières d'élimination des déchets d'activités de soins à risques infectieux et assimilés et des pièces anatomiques. Entreposage des grands emballages (GE) ou grands récipients pour vrac (GRV) vides et des déchets prétraités Les GE ou GRV, après qu'ils ont été vidés, sont lavés, désinfectés, et entreposés dans une zone distincte et séparée de celle dédiée à l'entreposage des déchets prétraités. Implantation de l'appareil de prétraitement par désinfection L'appareil de prétraitement par désinfection est implanté sur une aire aménagée de manière à récupérer toute fuite éventuelle. L'implantation de l'appareil est conçue de manière à pouvoir effectuer le nettoyage de l'appareil. Elle fait l'objet d'un nettoyage régulier et chaque fois que cela est nécessaire. 6. Devenir des déchets prétraités par désinfection Les déchets, après leur prétraitement par désinfection, font l'objet d'un traitement, conformément aux dispositions de l'article R. 1335-8 du code de la santé publique . Lorsqu'ils sont collectés et traités par les communes et les groupements de communes, la fréquence d'enlèvement est conforme aux dispositions des articles R. 2224-23 et suivants du code général des collectivités territoriales . 7. Défaillance de l'installation de prétraitement par désinfection En cas de défaillance ou de dysfonctionnement de l'installation de prétraitement supérieure à quarante-huit heures, l'exploitant est tenu de recourir à une autre installation permettant le traitement des déchets d'activités de soins à risques infectieux et assimilés conformément aux dispositions de l'article R. 1335-8 du code de la santé publique . Cette installation, dite « installation de secours », est conforme à la réglementation en vigueur. 8. Registre d'exploitation et bilan annuel L'exploitant tient à jour un registre des déchets entrants et sortants conformément aux dispositions mentionnées aux articles R. 541-43 et R. 541-46 du code de l'environnement. Ce registre comprend en outre les éléments relatifs à l'exploitation : a) Les opérations de maintenance réalisées sur l'appareil de prétraitement ; b) Les éléments relatifs à la surveillance effectuée. Ce registre donne lieu à un bilan d'exploitation annuel précisant : a) Les quantités de déchets admis sur le site, les quantités de déchets prétraités ; les quantités de déchets ayant fait l'objet d'un refus de traitement (nature, quantité, motif et destination finale) ; b) La destination finale des déchets prétraités par désinfection, en précisant le cas échéant le tonnage de déchets dirigés vers l'installation de secours ; c) Le nombre de jours d'arrêt de l'installation de prétraitement en précisant la cause (incidents, pannes, arrêts techniques…) ; d) Le(s) rapport(s) de l'organisme ayant effectué la surveillance, mentionnée aux 1 et 2 de l'annexe 5 du présent arrêté ; e) La gestion des résultats non conformes, mentionnée au 4 de l'annexe 5 du présent arrêté. Le bilan annuel de l'année n est transmis au directeur général de l'agence régionale de santé du lieu d'implantation de l'installation, au plus tard le 15 mars de l'année n + 1.",7985
https://w3id.org/semleg/legimaintlex/resource/document/arrete-du-20-avril-2017-relatif-au-pretraitement-par-desinfection-des-dechets-d-30d4133b870d/article/article-JORFTEXT000034455698-52,article-JORFTEXT000034455698-52,https://w3id.org/semleg/legimaintlex/resource/document/arrete-du-20-avril-2017-relatif-au-pretraitement-par-desinfection-des-dechets-d-30d4133b870d,JORFTEXT000034455698,,['Accessibilité handicapés'],2017-04-20,https://w3id.org/semleg/legimaintlex/resource/document/arrete-du-20-avril-2017-relatif-au-pretraitement-par-desinfection-des-dechets-d-30d4133b870d/article/article-JORFTEXT000034455698-52/content,"ANNEXE 1 CAHIER DES CHARGES AUQUEL DOIVENT SATISFAIRE LES ORGANISMES AGRÉÉS MENTIONNÉS À L'ARTICLE 2 ET CONDITIONS DE DÉLIVRANCE DES ATTESTATIONS DE CONFORMITÉ MENTIONNÉES À L'ARTICLE 3 1. Statut de l'organisme 1.1. Identité de l'organisme L'organisme a une structure juridique connue. Il possède un ensemble de moyens et de compétences permettant à celui-ci de réaliser les examens et épreuves relevant de son domaine d'activité, ainsi que de délivrer les attestations de conformité correspondantes. 1.2. Impartialité, indépendance et intégrité L'organisme est indépendant des parties engagées. L'organisme et son personnel ne doivent être soumis à aucune pression commerciale, financière ou autre pouvant influencer leur jugement technique. L'organisme et son personnel ne doivent s'engager dans aucune activité pouvant mettre en péril la confiance dans leur indépendance de jugement et dans leur intégrité en ce qui concerne leurs activités dans le domaine relevant de l'agrément de l'organisme. En particulier, ils ne doivent pas être directement impliqués dans la conception, la fabrication, l'achat, l'utilisation ou la maintenance des appareils de prétraitement par désinfection soumis à examen. 2. Domaine d'activité L'organisme exerce une activité relative à la délivrance d'attestations de conformité, aux déchets d'activités de soins à risques infectieux et assimilés notamment dans les domaines suivants : - l'évaluation dans le domaine de la santé, et notamment des dispositifs médicaux susceptibles de devenir des déchets d'activités de soins à risques infectieux (DASRIA) ; - le domaine des déchets d'activités de soins, en matière notamment de normalisation et de réglementation. 3. Gestion et organisation L'organisme est compétent pour réaliser l'ensemble des opérations nécessaires à l'exercice de son activité dans le domaine de l'évaluation de la conformité des appareils de prétraitement par désinfection à la norme NF X 30-503:2016, et être organisé de façon que chaque membre du personnel soit informé de l'étendue et des limites de ses responsabilités. Au sein de l'organisation, un encadrement est assuré par des personnes connaissant les méthodes d'évaluation, l'objectif des essais (réglementations en vigueur) et l'évaluation des résultats d'essais. La proportion du personnel d'encadrement par rapport au personnel non cadre est telle qu'un encadrement satisfaisant sur les plans technique et réglementaire soit assuré. Un document décrivant l'organisation de l'organisme est disponible et tenu à jour. 4. Personnel L'organisme dispose d'un personnel en nombre suffisant pour couvrir l'ensemble des besoins résultant de l'exercice de son activité dont le domaine a été défini au paragraphe 2. Ce personnel possède les connaissances techniques et réglementaires nécessaires, ainsi que l'expérience utile, pour les fonctions qui lui sont assignées. L'organisme pourvoit, en tant que de besoin, à la formation de son personnel et assure la continuité de cette formation. Un document nominatif décrivant la répartition des fonctions et tâches du personnel est disponible et tenu à jour. Il sera complété par les pièces justificatives, tenues elles aussi à jour, témoignant de la qualification du personnel vis-à-vis de ses fonctions et tâches. 5. Exploitation et approfondissement des compétences L'organisme, dans toute la mesure du possible, participe aux travaux menant à la confection des textes réglementaires et normatifs, y compris internationaux, relatifs aux déchets d'activités de soins à risques infectieux. 6. Procédures de travail Les examens effectués par l'organisme agréé dans le cadre de son domaine d'activité défini au paragraphe 2, doivent faire l'objet de rapports qui présentent avec clarté, exactitude et sans ambiguïté les résultats de ces opérations et toutes autres informations utiles. Sans préjudice des indications requises par les prescriptions réglementaires, chaque rapport comporte a minima les mentions suivantes : a) Nom et adresse de l'organisme agréé ; b) Numéro d'identification unique du rapport, numéro de chaque page du rapport et nombre total de pages ; c) Nom et adresse du requérant ; d) Identification de l'appareil de prétraitement par désinfection des DASRIA présenté, et description comprenant au moins les éléments nécessaires à la rédaction de l'attestation de conformité de son modèle type ; e) Date de réception de l'objet présenté et date de réalisation des essais, si nécessaire ; f) Toute adjonction, modification ou suppression apportée à la méthode d'évaluation, avec sa justification, ainsi que toute information utile relative à une opération spécifique ; g) Résultats des essais, appuyés si besoin par des tableaux, des graphiques, des dessins et des photographies, ainsi que toutes défaillances détectées ; h) Date d'émission du rapport ; signature et titre ou toute autre marque équivalente de la personne ayant la responsabilité de la validité du rapport ; Des adjonctions ou compléments à un rapport peuvent être faits après son émission, mais seulement au moyen d'un document faisant référence à ce rapport et ne remettant pas en cause ses conclusions. 7. Conditions de délivrance des attestations de conformité 7.1 Attestations de conformité La délivrance des attestations de conformité des appareils de prétraitement porte mention de la date de délivrance, de sa durée de validité et est validée par l'organisme. 7.2 Enregistrements L'organisme entretient un système d'enregistrements permettant de conserver toutes les observations originales, les compte rendus de réunions, pendant au moins dix ans. Tous les comptes rendus, rapports et attestations de conformité doivent être conservés en lieu sûr et être traités de manière à préserver les intérêts du requérant, sauf disposition légale contraire. 7.3. Confidentialité Le personnel de l'organisme agréé est tenu au secret professionnel sur toutes les informations recueillies au cours de l'accomplissement de ses tâches. L'organisme respecte les termes et conditions prescrits par l'utilisateur de ses services afin d'assurer le caractère confidentiel de ses pratiques.",6116
https://w3id.org/semleg/legimaintlex/resource/document/arrete-du-20-avril-2017-relatif-au-pretraitement-par-desinfection-des-dechets-d-30d4133b870d/article/article-JORFTEXT000034455698-53,article-JORFTEXT000034455698-53,https://w3id.org/semleg/legimaintlex/resource/document/arrete-du-20-avril-2017-relatif-au-pretraitement-par-desinfection-des-dechets-d-30d4133b870d,JORFTEXT000034455698,,['Accessibilité handicapés'],2017-04-20,https://w3id.org/semleg/legimaintlex/resource/document/arrete-du-20-avril-2017-relatif-au-pretraitement-par-desinfection-des-dechets-d-30d4133b870d/article/article-JORFTEXT000034455698-53/content,"ANNEXE 2 INFORMATIONS ET PIÈCES À FOURNIR LORS D'UNE DEMANDE D'AGRÉMENT OU DE RENOUVELLEMENT D'AGRÉMENT POUR DÉLIVRER LES ATTESTATIONS DE CONFORMITÉ MENTIONNÉES À L'ARTICLE 2 Au titre du paragraphe 1 de l'annexe 1 « statut de l'organisme » : Le nom, l'adresse, la date de création de l'organisme demandeur. Les statut, structure juridique et, le cas échéant, la composition du conseil d'administration de l'organisme demandeur. Les nom et prénom du directeur de l'organisme et, le cas échéant, du président du conseil d'administration. Au titre du paragraphe 2 de l'annexe 1 « Domaine d'activité » : Un rapport décrivant l'activité mentionnée au paragraphe 2 de l'annexe 1, au cours des douze mois précédant la date de demande de l'agrément, ainsi que la liste des principales références. Au titre du paragraphe 3 de l'annexe 1 « Gestion et organisation » : L'organigramme du personnel de l'organisme. Un document décrivant l'organisation de l'unité en charge de la délivrance des attestations de conformité. Les nom, qualité et qualification du responsable technique de l'unité en charge de la délivrance des attestations de conformité. Au titre du paragraphe 4 de l'annexe 1 « Personnel » : Un document nominatif prévu dans ce paragraphe décrivant la répartition et tâches du personnel. L'adéquation de celles-ci avec les besoins résultant de l'activité liée à la délivrance d'attestations de conformité. Formation du personnel, permettant de juger de sa qualification. Au titre du paragraphe 5 de l'annexe 1 « Exploitation et approfondissement des compétences » : La participation aux travaux de normalisation dans le domaine des déchets d'activités de soins à risques infectieux et assimilés. La participation aux travaux d'élaboration de textes réglementaires dans le domaine des déchets d'activités de soins à risques infectieux et assimilés. Au titre du paragraphe 6 de l'annexe 1 « Procédures de travail » : Un référentiel décrivant les exigences applicables et le processus de délivrance d'une attestation de conformité et de suivi associées. Le recueil des procédures et modes opératoires mentionnés dans ce paragraphe. Au titre du paragraphe 7 de l'annexe 1 « Conditions de délivrance des attestations de conformité » : Le système d'enregistrement mis en place. La description des dispositions pour la gestion de la confidentialité.",2343
https://w3id.org/semleg/legimaintlex/resource/document/arrete-du-20-avril-2017-relatif-au-pretraitement-par-desinfection-des-dechets-d-30d4133b870d/article/article-JORFTEXT000034455698-54,article-JORFTEXT000034455698-54,https://w3id.org/semleg/legimaintlex/resource/document/arrete-du-20-avril-2017-relatif-au-pretraitement-par-desinfection-des-dechets-d-30d4133b870d,JORFTEXT000034455698,,['Accessibilité handicapés'],2017-04-20,https://w3id.org/semleg/legimaintlex/resource/document/arrete-du-20-avril-2017-relatif-au-pretraitement-par-desinfection-des-dechets-d-30d4133b870d/article/article-JORFTEXT000034455698-54/content,"La déclaration d'implantation, de modification ou de transfert d'une installation de prétraitement des déchets d'activités de soins à risques infectieux et assimilés auprès du directeur général de l'agence régionale de santé, prévue au III de l'article R. 1335-8-1 B du code de la santé publique, comprend les éléments figurant en annexe 3.",340
https://w3id.org/semleg/legimaintlex/resource/document/arrete-du-20-avril-2017-relatif-au-pretraitement-par-desinfection-des-dechets-d-30d4133b870d/article/article-JORFTEXT000034455698-55,article-JORFTEXT000034455698-55,https://w3id.org/semleg/legimaintlex/resource/document/arrete-du-20-avril-2017-relatif-au-pretraitement-par-desinfection-des-dechets-d-30d4133b870d,JORFTEXT000034455698,,['Accessibilité handicapés'],2017-04-20,https://w3id.org/semleg/legimaintlex/resource/document/arrete-du-20-avril-2017-relatif-au-pretraitement-par-desinfection-des-dechets-d-30d4133b870d/article/article-JORFTEXT000034455698-55/content,"Les prescriptions relatives à l'aménagement et à l'exploitation d'une installation de prétraitement par désinfection, prévues au IV de l'article R. 1335-8-B du code de la santé publique, figurent en annexe 4. Les prescriptions relatives à la surveillance d'une installation de prétraitement par désinfection, prévue au IV de l'article R. 1335-8-1 B. du code de la santé publique, figurent en annexe 5.",401
https://w3id.org/semleg/legimaintlex/resource/document/arrete-du-20-avril-2017-relatif-au-pretraitement-par-desinfection-des-dechets-d-30d4133b870d/article/article-JORFTEXT000034455698-56,article-JORFTEXT000034455698-56,https://w3id.org/semleg/legimaintlex/resource/document/arrete-du-20-avril-2017-relatif-au-pretraitement-par-desinfection-des-dechets-d-30d4133b870d,JORFTEXT000034455698,,['Accessibilité handicapés'],2017-04-20,https://w3id.org/semleg/legimaintlex/resource/document/arrete-du-20-avril-2017-relatif-au-pretraitement-par-desinfection-des-dechets-d-30d4133b870d/article/article-JORFTEXT000034455698-56/content,Les dispositions de l'article 5 du présent arrêté entrent en vigueur le 1er juillet 2017.,89
https://w3id.org/semleg/legimaintlex/resource/document/arrete-du-21-decembre-1993-modifiant-l-arrete-du-10-juin-1987-fixant-le-modele-d-c4145134c7af/article/1er-JORFTEXT000000362974-3515,1er-JORFTEXT000000362974-3515,https://w3id.org/semleg/legimaintlex/resource/document/arrete-du-21-decembre-1993-modifiant-l-arrete-du-10-juin-1987-fixant-le-modele-d-c4145134c7af,JORFTEXT000000362974,1er,['Portes et portails'],1993-12-21,https://w3id.org/semleg/legimaintlex/resource/document/arrete-du-21-decembre-1993-modifiant-l-arrete-du-10-juin-1987-fixant-le-modele-d-c4145134c7af/article/1er-JORFTEXT000000362974-3515/content,"Art. 1er. - Au premier alinéa de l'article 2 de l'arrêté du 10 juin 1987 susvisé, les mots: > sont remplacés par les mots: >.",125
https://w3id.org/semleg/legimaintlex/resource/document/arrete-du-21-decembre-1993-modifiant-l-arrete-du-10-juin-1987-fixant-le-modele-d-c4145134c7af/article/2-JORFTEXT000000362974-3519,2-JORFTEXT000000362974-3519,https://w3id.org/semleg/legimaintlex/resource/document/arrete-du-21-decembre-1993-modifiant-l-arrete-du-10-juin-1987-fixant-le-modele-d-c4145134c7af,JORFTEXT000000362974,2,['Portes et portails'],1993-12-21,https://w3id.org/semleg/legimaintlex/resource/document/arrete-du-21-decembre-1993-modifiant-l-arrete-du-10-juin-1987-fixant-le-modele-d-c4145134c7af/article/2-JORFTEXT000000362974-3519/content,Art. 2. - Le second alinéa de l'article 2 de l'arrêté du 10 juin 1987 précité est remplacé par les dispositions suivantes: les effets de la modification des bases de calcul des provisions mathématiques. >,204
https://w3id.org/semleg/legimaintlex/resource/document/arrete-du-21-decembre-1993-modifiant-l-arrete-du-10-juin-1987-fixant-le-modele-d-c4145134c7af/article/3-JORFTEXT000000362974-3517,3-JORFTEXT000000362974-3517,https://w3id.org/semleg/legimaintlex/resource/document/arrete-du-21-decembre-1993-modifiant-l-arrete-du-10-juin-1987-fixant-le-modele-d-c4145134c7af,JORFTEXT000000362974,3,['Portes et portails'],1993-12-21,https://w3id.org/semleg/legimaintlex/resource/document/arrete-du-21-decembre-1993-modifiant-l-arrete-du-10-juin-1987-fixant-le-modele-d-c4145134c7af/article/3-JORFTEXT000000362974-3517/content,"Art. 3. - Après l'article 2 de l'arrêté du 10 juin 1987 précité, il est créé un article 2 bis ainsi rédigé: >",109
https://w3id.org/semleg/legimaintlex/resource/document/arrete-du-21-decembre-1993-modifiant-l-arrete-du-10-juin-1987-fixant-le-modele-d-c4145134c7af/article/4-JORFTEXT000000362974-3518,4-JORFTEXT000000362974-3518,https://w3id.org/semleg/legimaintlex/resource/document/arrete-du-21-decembre-1993-modifiant-l-arrete-du-10-juin-1987-fixant-le-modele-d-c4145134c7af,JORFTEXT000000362974,4,['Portes et portails'],1993-12-21,https://w3id.org/semleg/legimaintlex/resource/document/arrete-du-21-decembre-1993-modifiant-l-arrete-du-10-juin-1987-fixant-le-modele-d-c4145134c7af/article/4-JORFTEXT000000362974-3518/content,"Art. 4. - Après les articles 2 et 2 bis de l'arrêté du 10 juin 1987 précité, il est créé un article 2 ter ainsi rédigé: sans pouvoir excéder 60 p. 100 du taux moyen visé à l'alinéa précédent. Il en est de même pour les contrats à primes périodiques. >",251
https://w3id.org/semleg/legimaintlex/resource/document/arrete-du-21-decembre-1993-modifiant-l-arrete-du-10-juin-1987-fixant-le-modele-d-c4145134c7af/article/5-JORFTEXT000000362974-3514,5-JORFTEXT000000362974-3514,https://w3id.org/semleg/legimaintlex/resource/document/arrete-du-21-decembre-1993-modifiant-l-arrete-du-10-juin-1987-fixant-le-modele-d-c4145134c7af,JORFTEXT000000362974,5,['Portes et portails'],1993-12-21,https://w3id.org/semleg/legimaintlex/resource/document/arrete-du-21-decembre-1993-modifiant-l-arrete-du-10-juin-1987-fixant-le-modele-d-c4145134c7af/article/5-JORFTEXT000000362974-3514/content,Art. 5. - Les dispositions du présent arrêté sont applicables à compter du 31 décembre 1993.,92
https://w3id.org/semleg/legimaintlex/resource/document/arrete-du-21-decembre-1993-modifiant-l-arrete-du-10-juin-1987-fixant-le-modele-d-c4145134c7af/article/article-JORFTEXT000000362974-3516,article-JORFTEXT000000362974-3516,https://w3id.org/semleg/legimaintlex/resource/document/arrete-du-21-decembre-1993-modifiant-l-arrete-du-10-juin-1987-fixant-le-modele-d-c4145134c7af,JORFTEXT000000362974,,['Portes et portails'],1993-12-21,https://w3id.org/semleg/legimaintlex/resource/document/arrete-du-21-decembre-1993-modifiant-l-arrete-du-10-juin-1987-fixant-le-modele-d-c4145134c7af/article/article-JORFTEXT000000362974-3516/content,A N N E X E S TABLE DE MORTALITE TD 88-90 (L x nombre de vivants à l'âge X)   Vous pouvez consulter le tableau dans le JO no 0020 du 25/01/94 Page 1282 a 1284   TABLE DE MORTALITE TV 88-90 (L x nombre de vivants à l'âge X)   Vous pouvez consulter le tableau dans le JO no 0020 du 25/01/94 Page 1282 a 1284,305
https://w3id.org/semleg/legimaintlex/resource/document/arrete-du-21-decembre-1993-modifiant-l-arrete-du-18-juillet-1975-relatif-aux-con-2a46982f0bf3/article/1er-JORFTEXT000000546075-3531,1er-JORFTEXT000000546075-3531,https://w3id.org/semleg/legimaintlex/resource/document/arrete-du-21-decembre-1993-modifiant-l-arrete-du-18-juillet-1975-relatif-aux-con-2a46982f0bf3,JORFTEXT000000546075,1er,['Portes et portails'],1993-12-21,https://w3id.org/semleg/legimaintlex/resource/document/arrete-du-21-decembre-1993-modifiant-l-arrete-du-18-juillet-1975-relatif-aux-con-2a46982f0bf3/article/1er-JORFTEXT000000546075-3531/content,Art. 1er. - L'article 2 de l'arrêté du 18 juillet 1975 susvisé est abrogé.,74
https://w3id.org/semleg/legimaintlex/resource/document/arrete-du-21-decembre-1993-modifiant-l-arrete-du-18-juillet-1975-relatif-aux-con-2a46982f0bf3/article/2-JORFTEXT000000546075-3532,2-JORFTEXT000000546075-3532,https://w3id.org/semleg/legimaintlex/resource/document/arrete-du-21-decembre-1993-modifiant-l-arrete-du-18-juillet-1975-relatif-aux-con-2a46982f0bf3,JORFTEXT000000546075,2,['Portes et portails'],1993-12-21,https://w3id.org/semleg/legimaintlex/resource/document/arrete-du-21-decembre-1993-modifiant-l-arrete-du-18-juillet-1975-relatif-aux-con-2a46982f0bf3/article/2-JORFTEXT000000546075-3532/content,Art. 2. - L'arrêté du 18 juillet 1975 susvisé est complété par un article 4-1 ainsi rédigé: >,93
https://w3id.org/semleg/legimaintlex/resource/document/arrete-du-21-decembre-1993-precisant-les-modalites-techniques-d-execution-des-el-07a4cf687fb9/article/article-JORFTEXT000000728300-3513,article-JORFTEXT000000728300-3513,https://w3id.org/semleg/legimaintlex/resource/document/arrete-du-21-decembre-1993-precisant-les-modalites-techniques-d-execution-des-el-07a4cf687fb9,JORFTEXT000000728300,,['Portes et portails'],1993-12-21,https://w3id.org/semleg/legimaintlex/resource/document/arrete-du-21-decembre-1993-precisant-les-modalites-techniques-d-execution-des-el-07a4cf687fb9/article/article-JORFTEXT000000728300-3513/content,"Arrêtent : Art. 1er. - Les annexes I, II, III et IV jointes au présent arrêté précisent les modalités techniques d'exécution des éléments de missions de maîtrise d'oeuvre définis par le décret du 29 novembre 1993 susvisé.",221
https://w3id.org/semleg/legimaintlex/resource/document/arrete-du-21-decembre-1993-relatif-aux-portes-et-portails-automatiques-et-semi-a-8c4960801fd5/article/10-JORFTEXT000000728236-3527,10-JORFTEXT000000728236-3527,https://w3id.org/semleg/legimaintlex/resource/document/arrete-du-21-decembre-1993-relatif-aux-portes-et-portails-automatiques-et-semi-a-8c4960801fd5,JORFTEXT000000728236,10,['Portes et portails'],1993-12-21,https://w3id.org/semleg/legimaintlex/resource/document/arrete-du-21-decembre-1993-relatif-aux-portes-et-portails-automatiques-et-semi-a-8c4960801fd5/article/10-JORFTEXT000000728236-3527/content,"Art. 10. - Les dispositions des articles 1er, 2, 3, 4, 8 et 9 entrent en vigueur six mois après la date de publication du présent arrêté. Les dispositions des articles 5, 6 et 7 entrent en vigueur le 1er janvier 1996.",217
https://w3id.org/semleg/legimaintlex/resource/document/arrete-du-21-decembre-1993-relatif-aux-portes-et-portails-automatiques-et-semi-a-8c4960801fd5/article/1er-JORFTEXT000000728236-3522,1er-JORFTEXT000000728236-3522,https://w3id.org/semleg/legimaintlex/resource/document/arrete-du-21-decembre-1993-relatif-aux-portes-et-portails-automatiques-et-semi-a-8c4960801fd5,JORFTEXT000000728236,1er,['Portes et portails'],1993-12-21,https://w3id.org/semleg/legimaintlex/resource/document/arrete-du-21-decembre-1993-relatif-aux-portes-et-portails-automatiques-et-semi-a-8c4960801fd5/article/1er-JORFTEXT000000728236-3522/content,"Art. 1er. - Pour l'application du présent arrêté: - les portes ou portails automatiques et semi-automatiques sont des fermetures automatiques et semi-automatiques; - les termes: fermeture automatique, fermeture semi-automatique, volume de débattement, aire de débattement, zone de fin de fermeture, zone de fin d'ouverture, zones de cisaillement, zones d'écrasement, zones de coincement, dispositif de détection de présence, dispositif de détection de contact, sécurité positive, effort de poussée sur obstacle sont définis en annexe du présent arrêté; - le terme > englobe les véhicules visés par le code de la route et les chariots automoteurs à conducteur porté; - une porte automatique pour piétons est une porte, normalement utilisée par les piétons, qui s'ouvre et se ferme automatiquement sans action volontaire des utilisateurs; - l'évaluation des efforts de poussée sur obstacle, si une installation comporte un limiteur de couple ou d'effort, est effectuée avec le réglage maximal. Section 2 Installations nouvelles",1025
https://w3id.org/semleg/legimaintlex/resource/document/arrete-du-21-decembre-1993-relatif-aux-portes-et-portails-automatiques-et-semi-a-8c4960801fd5/article/2-JORFTEXT000000728236-3526,2-JORFTEXT000000728236-3526,https://w3id.org/semleg/legimaintlex/resource/document/arrete-du-21-decembre-1993-relatif-aux-portes-et-portails-automatiques-et-semi-a-8c4960801fd5,JORFTEXT000000728236,2,['Portes et portails'],1993-12-21,https://w3id.org/semleg/legimaintlex/resource/document/arrete-du-21-decembre-1993-relatif-aux-portes-et-portails-automatiques-et-semi-a-8c4960801fd5/article/2-JORFTEXT000000728236-3526/content,"Art. 2. - 1. Les installations nouvelles de portes ou portails automatiques et semi-automatiques sur les lieux de travail destinées au passage de véhicules doivent satisfaire aux prescriptions suivantes: a) La porte ou le portail doit rester solidaire de son support; b) Un dispositif à sécurité positive doit interrompre immédiatement tout mouvement d'ouverture ou de fermeture de la porte ou du portail lorsque ce mouvement peut causer un dommage à une personne; c) Une défaillance, une panne ou une détérioration des dispositifs de sécurité, une coupure ou une réalimentation après coupure du système d'alimentation en énergie, notamment, ne doivent pas provoquer une situation dangereuse; d) Les dispositifs à sécurité positive doivent protéger les zones d'écrasement et de cisaillement et, le cas échéant, les zones de coincement; ces dispositifs sont des détections de présence et des détections de contact; e) La présence et la position de ces dispositifs de détection est fonction des efforts exercés, du type de porte et de portail et des zones à protéger; f) Le chant du tablier ou du vantail balayant la zone de fin de fermeture doit être muni d'un joint élastique; g) Le volume de débattement de la porte ou du portail doit être correctement éclairé; un niveau d'éclairement de 50 lux mesuré au sol doit être assuré et l'aire de débattement doit faire l'objet d'un marquage au sol; h) Tout mouvement de la porte ou du portail doit être signalé par un feu orange clignotant visible de chaque côté; i) Ce marquage et cette signalisation lumineuse doivent être conformes à l'arrêté prévu par l'article R. 232-1-13 du code du travail; j) La porte ou le portail doit pouvoir être ouvert manuellement afin de pouvoir dégager une personne accidentée. 2. Lorsque ces portes sont accessibles au public, elles doivent satisfaire aux prescriptions complémentaires suivantes: a) La présence et la position des détecteurs doit prendre en compte la présence d'un enfant se suspendant au tablier ou au vantail de la porte ou du portail; b) Le feu orange clignotant doit se déclencher au moins 2 secondes avant le mouvement de la porte ou du portail.",2146
https://w3id.org/semleg/legimaintlex/resource/document/arrete-du-21-decembre-1993-relatif-aux-portes-et-portails-automatiques-et-semi-a-8c4960801fd5/article/3-JORFTEXT000000728236-3521,3-JORFTEXT000000728236-3521,https://w3id.org/semleg/legimaintlex/resource/document/arrete-du-21-decembre-1993-relatif-aux-portes-et-portails-automatiques-et-semi-a-8c4960801fd5,JORFTEXT000000728236,3,['Portes et portails'],1993-12-21,https://w3id.org/semleg/legimaintlex/resource/document/arrete-du-21-decembre-1993-relatif-aux-portes-et-portails-automatiques-et-semi-a-8c4960801fd5/article/3-JORFTEXT000000728236-3521/content,"Art. 3. - Sur les lieux de travail, toute nouvelle installation de porte ou portail automatique ou semi-automatique réalisée, selon qu'elle est accessible ou non au public, conformément à l'une des normes citées en annexe du présent arrêté et mise en place conformément aux règles de l'art, est réputée satisfaire aux prescriptions définies à l'article précédent. Pour toute porte ne répondant pas aux dispositions des normes précitées, le maître d'ouvrage doit joindre au dossier prévu à l'article 8 une note technique justifiant la conformité au présent arrêté.",563
https://w3id.org/semleg/legimaintlex/resource/document/arrete-du-21-decembre-1993-relatif-aux-portes-et-portails-automatiques-et-semi-a-8c4960801fd5/article/4-JORFTEXT000000728236-3530,4-JORFTEXT000000728236-3530,https://w3id.org/semleg/legimaintlex/resource/document/arrete-du-21-decembre-1993-relatif-aux-portes-et-portails-automatiques-et-semi-a-8c4960801fd5,JORFTEXT000000728236,4,['Portes et portails'],1993-12-21,https://w3id.org/semleg/legimaintlex/resource/document/arrete-du-21-decembre-1993-relatif-aux-portes-et-portails-automatiques-et-semi-a-8c4960801fd5/article/4-JORFTEXT000000728236-3530/content,"Art. 4. - Les installations nouvelles de portes automatiques pour piétons sur les lieux de travail doivent satisfaire aux prescriptions 1 a, 1 b et 1 c de l'article 2 du présent arrêté. Elles doivent en outre satisfaire aux dispositions suivantes: 1. Sauf à être équipées d'autres dispositifs assurant une sécurité égale ou supérieure, les portes coulissantes doivent comporter: a) Au minimum un dispositif de détection de présence placé à 0,50 mètre du sol lorsque l'effort de poussée est inférieur à 15 daN; b) Au minimum deux dispositifs de détection de présence, l'un placé à 0,20 mètre du sol, l'autre à 1,20 mètre lorsque l'effort de poussée est supérieur ou égal à 15 daN. 2. L'interstice maximum entre deux plans de coulissement pouvant occasionner un pincement doit être de 8 millimètres si l'effort de poussée est supérieur ou égal à 15 daN; 3. Les portes battantes ou tournantes dont l'effort de poussée est supérieur ou égal à 15 daN, entre leurs vantaux ou entre un vantail et une partie fixe, doivent être équipées d'un dispositif arrêtant ou inversant, si nécessaire, le mouvement; 4. Tout mauvais fonctionnement, tel que défini à l'article 2, alinéa 1 c, des portes comptant dans le nombre des dégagements réglementaires au sens de l'article R. 235-4-3 du code du travail doit, selon la fonction de ces portes: a) Soit entraîner une mise en position > de celles-ci laissant les passages libres réglementaires; b) Soit entraîner leur fermeture, celles-ci restant manoeuvrables dans les conditions définies à l'article R. 232-12-4 du code du travail. Section 3 Installations existantes",1599
https://w3id.org/semleg/legimaintlex/resource/document/arrete-du-21-decembre-1993-relatif-aux-portes-et-portails-automatiques-et-semi-a-8c4960801fd5/article/5-JORFTEXT000000728236-3520,5-JORFTEXT000000728236-3520,https://w3id.org/semleg/legimaintlex/resource/document/arrete-du-21-decembre-1993-relatif-aux-portes-et-portails-automatiques-et-semi-a-8c4960801fd5,JORFTEXT000000728236,5,['Portes et portails'],1993-12-21,https://w3id.org/semleg/legimaintlex/resource/document/arrete-du-21-decembre-1993-relatif-aux-portes-et-portails-automatiques-et-semi-a-8c4960801fd5/article/5-JORFTEXT000000728236-3520/content,"Art. 5. - Les installations de portes ou portails automatiques et semi-automatiques destinées au passage de véhicules et accessibles au public mises en place sur les lieux de travail avant l'entrée en vigueur des précédents articles doivent satisfaire aux dispositions suivantes: 1. La porte, ou le portail, doit rester solidaire de son support; 2. La porte, ou le portail, doit, pour éviter qu'une personne ne puisse rester bloquée: a) Soit n'exercer en tout point du chant du tablier ou des vantaux, dans les zones de fin d'ouverture et de fin de fermeture, qu'une force inférieure à 15 daN; dans ce cas, les installations doivent, de plus, satisfaire aux dispositions relatives à l'éclairage du volume de débattement, aux feux clignotants et au marquage au sol définies à l'article 2; b) Soit satisfaire à l'ensemble des dispositions de l'article 2.",852
https://w3id.org/semleg/legimaintlex/resource/document/arrete-du-21-decembre-1993-relatif-aux-portes-et-portails-automatiques-et-semi-a-8c4960801fd5/article/6-JORFTEXT000000728236-3525,6-JORFTEXT000000728236-3525,https://w3id.org/semleg/legimaintlex/resource/document/arrete-du-21-decembre-1993-relatif-aux-portes-et-portails-automatiques-et-semi-a-8c4960801fd5,JORFTEXT000000728236,6,['Portes et portails'],1993-12-21,https://w3id.org/semleg/legimaintlex/resource/document/arrete-du-21-decembre-1993-relatif-aux-portes-et-portails-automatiques-et-semi-a-8c4960801fd5/article/6-JORFTEXT000000728236-3525/content,"Art. 6. - Lorsque les autres portes et portails automatiques doivent être modifiés pour répondre aux dispositions de l'article R. 232-1-2, dernier alinéa, du code du travail, les prescriptions prévues à l'article 5 pour les portes et portails destinés au passage de véhicules et à l'article 4 pour les portes pour piétons doivent être appliquées. Toutefois, pour ces dernières, en cas de difficultés techniques pour respecter la dimension maximale de l'interstice entre deux plans de coulissement, cette disposition n'est pas exigée.",533
https://w3id.org/semleg/legimaintlex/resource/document/arrete-du-21-decembre-1993-relatif-aux-portes-et-portails-automatiques-et-semi-a-8c4960801fd5/article/7-JORFTEXT000000728236-3523,7-JORFTEXT000000728236-3523,https://w3id.org/semleg/legimaintlex/resource/document/arrete-du-21-decembre-1993-relatif-aux-portes-et-portails-automatiques-et-semi-a-8c4960801fd5,JORFTEXT000000728236,7,['Portes et portails'],1993-12-21,https://w3id.org/semleg/legimaintlex/resource/document/arrete-du-21-decembre-1993-relatif-aux-portes-et-portails-automatiques-et-semi-a-8c4960801fd5/article/7-JORFTEXT000000728236-3523/content,"Art. 7. - Sur les lieux de travail, toute mise en conformité des portes ou portails automatiques ou semi-automatiques effectuée dans le respect des dispositions de la norme, précisées en annexe, et dans le cadre des exigences de l'article 5 est réputée satisfaire aux prescriptions définies audit article. Pour toute mise en conformité des portes ne respectant pas les dispositions de la norme précitée, le maître d'ouvrage doit faire élaborer une note technique justifiant de la conformité au présent arrêté et la transmettre, lorsque celui-ci est distinct, à l'utilisateur. Cette note est annexée au dossier prévu à l'article R. 232-1-12 du code du travail. Section 4 Maintenance et vérifications",698
https://w3id.org/semleg/legimaintlex/resource/document/arrete-du-21-decembre-1993-relatif-aux-portes-et-portails-automatiques-et-semi-a-8c4960801fd5/article/8-JORFTEXT000000728236-3529,8-JORFTEXT000000728236-3529,https://w3id.org/semleg/legimaintlex/resource/document/arrete-du-21-decembre-1993-relatif-aux-portes-et-portails-automatiques-et-semi-a-8c4960801fd5,JORFTEXT000000728236,8,['Portes et portails'],1993-12-21,https://w3id.org/semleg/legimaintlex/resource/document/arrete-du-21-decembre-1993-relatif-aux-portes-et-portails-automatiques-et-semi-a-8c4960801fd5/article/8-JORFTEXT000000728236-3529/content,"Art. 8. - En application de l'article R. 235-5 du code du travail, le maître d'ouvrage doit élaborer et transmettre à l'utilisateur un dossier de maintenance des portes et portails qui doit préciser: 1. Les caractéristiques principales des portes et portails; 2. Les informations permettant d'entretenir et de vérifier le fonctionnement et notamment la périodicité des opérations d'entretien et de vérification en fonction de la nature des portes et portails et de leur utilisation, les éléments à entretenir et à vérifier.",523
https://w3id.org/semleg/legimaintlex/resource/document/arrete-du-21-decembre-1993-relatif-aux-portes-et-portails-automatiques-et-semi-a-8c4960801fd5/article/9-JORFTEXT000000728236-3528,9-JORFTEXT000000728236-3528,https://w3id.org/semleg/legimaintlex/resource/document/arrete-du-21-decembre-1993-relatif-aux-portes-et-portails-automatiques-et-semi-a-8c4960801fd5,JORFTEXT000000728236,9,['Portes et portails'],1993-12-21,https://w3id.org/semleg/legimaintlex/resource/document/arrete-du-21-decembre-1993-relatif-aux-portes-et-portails-automatiques-et-semi-a-8c4960801fd5/article/9-JORFTEXT000000728236-3528/content,"Art. 9. - Les portes ou portails automatiques ou semi-automatiques installés sur les lieux de travail doivent être entretenus et vérifiés périodiquement et à la suite de toute défaillance. La périodicité des visites est au minimum semestrielle et adaptée à la fréquence de l'utilisation et à la nature de la porte ou du portail. Les personnes compétentes désignées à cet effet sont: - soit des techniciens dûment qualifiés et spécialisés appartenant à l'entreprise et spécialement formés à cette tâche; ces opérations doivent alors faire l'objet d'un document précisant les méthodes et procédures; - soit, au terme d'un contrat écrit, un prestataire extérieur à l'entreprise exerçant cette activité. Les méthodes et procédures ou le contrat d'entretien précisent les opérations d'entretien et de vérification prévues en fonction de la nature de la porte et du portail et de son utilisation. Ces documents mentionnent notamment l'entretien et la vérification: - des éléments de guidage (rails, galets .); - des articulations (charnières, pivots .); - des fixations; - des systèmes d'équilibrage; - de tous les équipements concourant à la sécurité de fonctionnement. Toutes les interventions (visites périodiques, travaux divers, dépannages) sont consignées dans un livret d'entretien. Il y est indiqué la nature de l'intervention, la date et le nom de la personne ou de la société qui est intervenue. Les méthodes et procédures internes ou le contrat d'entretien et le livret d'entretien doivent être joints au dossier prévu à l'article R. 232-1-12 du code du travail.",1567
https://w3id.org/semleg/legimaintlex/resource/document/arrete-du-21-decembre-1993-relatif-aux-portes-et-portails-automatiques-et-semi-a-8c4960801fd5/article/article-JORFTEXT000000728236-3524,article-JORFTEXT000000728236-3524,https://w3id.org/semleg/legimaintlex/resource/document/arrete-du-21-decembre-1993-relatif-aux-portes-et-portails-automatiques-et-semi-a-8c4960801fd5,JORFTEXT000000728236,,['Portes et portails'],1993-12-21,https://w3id.org/semleg/legimaintlex/resource/document/arrete-du-21-decembre-1993-relatif-aux-portes-et-portails-automatiques-et-semi-a-8c4960801fd5/article/article-JORFTEXT000000728236-3524/content,A N N E X E I. - Les termes cités à l'article 1er sont définis par la norme NF P. 25.362 >. II. - Les normes visées à l'article 3 sont: - la norme NF P. 25.362 >; - toute autre norme en vigueur dans un autre Etat membre de la Communauté économique européenne justifiant d'une équivalence avec la norme française. III. - Les dispositions visées au premier alinéa de l'article 7 sont celles du chapitre 9-5 de la norme NF P. 25.362 précitée.,439
https://w3id.org/semleg/legimaintlex/resource/document/arrete-du-22-janvier-2015-creant-un-regime-national-de-gestion-pour-la-pecherie-d1aaa4675e7a/article/article-JORFTEXT000030171931-455,article-JORFTEXT000030171931-455,https://w3id.org/semleg/legimaintlex/resource/document/arrete-du-22-janvier-2015-creant-un-regime-national-de-gestion-pour-la-pecherie-d1aaa4675e7a,JORFTEXT000030171931,,['Accessibilité handicapés'],2015-01-22,https://w3id.org/semleg/legimaintlex/resource/document/arrete-du-22-janvier-2015-creant-un-regime-national-de-gestion-pour-la-pecherie-d1aaa4675e7a/article/article-JORFTEXT000030171931-455/content,"Modalités de transfert. 1. La capacité du navire éligible à l'autorisation nationale de pêche de la sole commune (Solea solea) en Manche Est d'un producteur, adhérant ou non à une organisation de producteurs, est rendue disponible et peut être réattribuée si : - aucun effort de pêche n'est développé dans l'année de gestion précédant l'établissement de la liste des navires éligibles à l'autorisation nationale de pêche de la sole commune (Solea solea) en Manche Est pour l'année de gestion en cours ; - le producteur du navire éligible à l'autorisation nationale de pêche de la sole commune (Solea solea) en Manche Est est modifié ; - le navire éligible à l'autorisation nationale de pêche de la sole commune (Solea solea) en Manche Est est cédé ; - les caractéristiques du navire éligible à l'autorisation sont modifiées ; - le producteur du navire éligible à l'autorisation nationale de pêche de la sole commune (Solea solea) en Manche Est n'a pas déposé de demande d'autorisation nationale de pêche européenne pour l'année de gestion précédente. 2. Les capacités rendues disponibles sont réattribuées en tenant compte des possibilités de pêches (quotas de captures et quotas d'effort de pêche) affectées à chaque organisation de producteurs ou groupement de navires ou aux navires non adhérant à une organisation de producteurs. 3. Sur demande expresse du producteur, l'éligibilité sera conservée pour l'année de gestion suivante, si ce dernier apporte la preuve que l'absence d'un effort de pêche ou l'absence de dépôt de demande d'autorisation nationale de pêche sur l'année en cours est provisoire et motivée par des circonstances indépendantes de sa volonté. 4. En cas de cession entre producteurs d'un navire figurant sur la liste établie conformément à l'article 4, point 3, du présent arrêté, les modalités concernant le devenir des antériorités de captures et d'effort, telles que prévues par l' article R. 921-45 du du livre IX du code rural et de la pêche maritime , s'appliquent également aux droits de pêche (au sens du point 1 de l'article 6 du présent arrêté) associés à ce navire. 5. Lorsque le producteur d'un navire éligible à l'autorisation nationale de pêche de la sole commune (Solea solea) en Manche Est, adhérant à une organisation de producteurs, cesse définitivement son activité dans la pêcherie visée à l'article 1er du présent arrêté, la capacité du navire ainsi libérée est réattribuée préférentiellement à un navire d'un producteur adhérant à la même organisation de producteurs. 6. Lorsque le producteur d'un navire éligible à l'autorisation nationale de pêche de la sole commune (Solea solea) en Manche Est, non adhérant à une organisation de producteurs, cesse définitivement son activité dans la pêcherie visée à l'article 2 du présent arrêté, la capacité du navire ainsi libérée est réattribuée préférentiellement à un navire d'un producteur non adhérant à une organisation de producteurs. 7. Le tonnage du navire éligible à l'autorisation nationale de pêche de la sole commune (Solea solea) en Manche Est du producteur bénéficiaire d'un plan de sortie de flotte est déduit du contingent national et ne peut pas être réattribué. 8. L'autorisation nationale de pêche de la sole commune (Solea solea) en Manche Est peut être réattribuée dans les conditions prévues aux points 2 à 6 ci-dessus à titre provisoire ou définitif. Le navire titulaire d'une autorisation nationale de pêche réattribuée à titre provisoire ne peut être inscrit sur la liste des navires éligibles mentionnée au point 3 de l'article 4 du présent arrêté.",3562
https://w3id.org/semleg/legimaintlex/resource/document/arrete-du-22-janvier-2015-creant-un-regime-national-de-gestion-pour-la-pecherie-d1aaa4675e7a/article/article-JORFTEXT000030171931-456,article-JORFTEXT000030171931-456,https://w3id.org/semleg/legimaintlex/resource/document/arrete-du-22-janvier-2015-creant-un-regime-national-de-gestion-pour-la-pecherie-d1aaa4675e7a,JORFTEXT000030171931,,['Accessibilité handicapés'],2015-01-22,https://w3id.org/semleg/legimaintlex/resource/document/arrete-du-22-janvier-2015-creant-un-regime-national-de-gestion-pour-la-pecherie-d1aaa4675e7a/article/article-JORFTEXT000030171931-456/content,"Procédure d'instruction. 1. Une autorisation nationale de pêche de la sole commune (Solea solea) en Manche Est est délivrée à tout producteur qui en fait la demande conformément à l'article 5 si le navire figure sur la liste des navires éligibles à l'autorisation nationale de pêche de la sole en Manche Est pour l'année en cours. 2. Les demandes présentées pour des navires non inscrits sur la liste visée à l'article 4, point 3, du présent arrêté sont transmises par la direction interrégionale de la mer du lieu d'immatriculation du navire, à la direction des pêches maritimes et de l'aquaculture. 3. Toutes les demandes d'autorisation nationale de pêche présentées pour des navires non inscrits sur la liste visée à l'article 4 point 3 du présent arrêté sont instruites et classées en commission consultative de la gestion des ressources halieutiques, conformément à l' article D. 921-5 du livre IX du code rural et de la pêche maritime , en tenant compte du plafond de capacité visé à l'article 1er, point 2, du présent arrêté, des orientations du marché, des possibilités de pêche, des équilibres socio-économiques et environnementaux.",1141
https://w3id.org/semleg/legimaintlex/resource/document/arrete-du-22-janvier-2015-creant-un-regime-national-de-gestion-pour-la-pecherie-d1aaa4675e7a/article/article-JORFTEXT000030171931-457,article-JORFTEXT000030171931-457,https://w3id.org/semleg/legimaintlex/resource/document/arrete-du-22-janvier-2015-creant-un-regime-national-de-gestion-pour-la-pecherie-d1aaa4675e7a,JORFTEXT000030171931,,['Accessibilité handicapés'],2015-01-22,https://w3id.org/semleg/legimaintlex/resource/document/arrete-du-22-janvier-2015-creant-un-regime-national-de-gestion-pour-la-pecherie-d1aaa4675e7a/article/article-JORFTEXT000030171931-457/content,"Autorisation nationale de pêche. 1. Tout débarquement annuel, par un navire de pêche professionnelle, de plus de 300 kilogrammes de sole commune (Solea solea) en Manche Est est conditionné à la détention d'une autorisation de nationale de pêche, ci-après nommée « autorisation nationale de pêche de la sole en Manche Est ». 2. La capacité totale des navires détenteurs de l'autorisation nationale de pêche de la sole commune (Solea solea) en Manche Est ne doit pas être supérieure, par groupe d'engins réglementés mentionnés à l'annexe I, au plafond de tonnage maximal, exprimé en jauge UMS ou GT, des navires ayant développée l'activité réglementée mentionnée au point 1 du présent article en 2011, 2012 ou 2013. 3. L'autorisation mentionnée au point 1 du présent article est valable sur la période de gestion du 1er février de l'année en cours au 31 janvier de l'année suivante.",880
https://w3id.org/semleg/legimaintlex/resource/document/arrete-du-22-janvier-2015-creant-un-regime-national-de-gestion-pour-la-pecherie-d1aaa4675e7a/article/article-JORFTEXT000030171931-459,article-JORFTEXT000030171931-459,https://w3id.org/semleg/legimaintlex/resource/document/arrete-du-22-janvier-2015-creant-un-regime-national-de-gestion-pour-la-pecherie-d1aaa4675e7a,JORFTEXT000030171931,,['Accessibilité handicapés'],2015-01-22,https://w3id.org/semleg/legimaintlex/resource/document/arrete-du-22-janvier-2015-creant-un-regime-national-de-gestion-pour-la-pecherie-d1aaa4675e7a/article/article-JORFTEXT000030171931-459/content,"Protection des zones de nourricerie et des juvéniles. 1. Afin de protéger les zones de nourriceries où se regroupent les juvéniles de sole commune (Solea solea) pour se nourrir et poursuivre leur développement, il est interdit de capturer, de débarquer et de transborder la sole commune (Solea solea) au moyen d'engins remorqués de fond dans les zones définies à l'annexe III. La liste de ces engins est détaillée dans l'annexe III. 2. Les dispositions des arrêtés du préfet de région Haute-Normandie qui autorisent, en application de l' article D922-17 du livre IX du code rural et de la pêche maritime , l'usage d'engins remorqués de fond à moins de trois milles de la laisse de basse mer ou des lignes de base droite des côtes situées entre la pointe de Barfleur et la ligne séparative des eaux sous souveraineté ou juridiction française et belge des engins remorqués de fond visés à l'annexe III du présent article sont abrogés pour ce qui concerne les zones définies dans l'annexe III.",990
https://w3id.org/semleg/legimaintlex/resource/document/arrete-du-22-janvier-2015-creant-un-regime-national-de-gestion-pour-la-pecherie-d1aaa4675e7a/article/article-JORFTEXT000030171931-460,article-JORFTEXT000030171931-460,https://w3id.org/semleg/legimaintlex/resource/document/arrete-du-22-janvier-2015-creant-un-regime-national-de-gestion-pour-la-pecherie-d1aaa4675e7a,JORFTEXT000030171931,,['Accessibilité handicapés'],2015-01-22,https://w3id.org/semleg/legimaintlex/resource/document/arrete-du-22-janvier-2015-creant-un-regime-national-de-gestion-pour-la-pecherie-d1aaa4675e7a/article/article-JORFTEXT000030171931-460/content,"Critères d'éligibilité à l'autorisation nationale de pêche de la sole commune (Solea solea) en Manche Est. 1. La liste des navires pouvant bénéficier d'une autorisation nationale de pêche de la sole commune (Solea solea) en Manche Est est établie par le ministre chargé des pêches maritimes et dénommée « liste des navires éligibles à l'autorisation de pêche nationale de pêche de la sole en Manche Est ». 2. La liste initiale des navires pouvant bénéficier d'une autorisation nationale de pêche de la sole commune (Solea solea) en Manche Est au 1er février 2015 est constituée par les navires ayant eu l'activité réglementée au point 1 de l'article 1er du présent arrêté en 2011, 2012 ou 2013. 3. Pour les années suivantes, la liste des navires éligibles à l'autorisation nationale de pêche de la sole commune (Solea solea) en Manche Est ne comprend que les navires ayant eu une autorisation nationale de pêche de la sole commune (Solea solea) en Manche Est et ayant développé un effort de pêche pour la pêche de la sole commune (Solea solea) en Manche Est au 31 janvier de l'année de gestion précédente, dans le respect des modalités fixées à l'article 7, points 7 et 8, du présent arrêté.",1191
https://w3id.org/semleg/legimaintlex/resource/document/arrete-du-22-janvier-2015-creant-un-regime-national-de-gestion-pour-la-pecherie-d1aaa4675e7a/article/article-JORFTEXT000030171931-461,article-JORFTEXT000030171931-461,https://w3id.org/semleg/legimaintlex/resource/document/arrete-du-22-janvier-2015-creant-un-regime-national-de-gestion-pour-la-pecherie-d1aaa4675e7a,JORFTEXT000030171931,,['Accessibilité handicapés'],2015-01-22,https://w3id.org/semleg/legimaintlex/resource/document/arrete-du-22-janvier-2015-creant-un-regime-national-de-gestion-pour-la-pecherie-d1aaa4675e7a/article/article-JORFTEXT000030171931-461/content,"Dispositions de contrôle et sanctions. Les infractions aux dispositions du présent arrêté sont, sans préjudice des sanctions pénales encourues, passibles d'une suspension de l'autorisation délivrée en application du présent arrêté dans les conditions définies par le titre IV du livre IX du code rural et de la pêche maritime susvisé.",334
https://w3id.org/semleg/legimaintlex/resource/document/arrete-du-22-janvier-2015-creant-un-regime-national-de-gestion-pour-la-pecherie-d1aaa4675e7a/article/article-JORFTEXT000030171931-462,article-JORFTEXT000030171931-462,https://w3id.org/semleg/legimaintlex/resource/document/arrete-du-22-janvier-2015-creant-un-regime-national-de-gestion-pour-la-pecherie-d1aaa4675e7a,JORFTEXT000030171931,,['Accessibilité handicapés'],2015-01-22,https://w3id.org/semleg/legimaintlex/resource/document/arrete-du-22-janvier-2015-creant-un-regime-national-de-gestion-pour-la-pecherie-d1aaa4675e7a/article/article-JORFTEXT000030171931-462/content,"Gestion de l'autorisation nationale de pêche de la sole commune (Solea solea) en Manche Est. 1. L'autorisation nationale de pêche n'est ni transmissible ni cessible. Elle est délivrée à la demande d'un producteur pour l'exploitation d'un navire donné. 2. Toute demande d'autorisation nationale de pêche au sens du présent arrêté doit être déposée, dûment complétée et signée par le producteur pour chacun de ses navires en activité ou dont l'entrée en activité est prévue dans un délai maximum d'un an, auprès de la délégation à la mer et au littoral de la direction départementale des territoires et de la mer ou de la direction interrégionale de la mer du port d'immatriculation du navire avant le 1er février de l'année en cours. L'autorisation nationale de pêche est délivrée par le préfet de la région compétent. Celui-ci peut déléguer cette compétence aux chefs de services déconcentrés dans les conditions fixées par le décret du 29 avril 2004. 3. Les imprimés de demande d'autorisation nationale de pêche sont disponibles sur le site du ministère chargé des pêches maritimes et de l'aquaculture. 4. Tout couple navire-armateur éligible à cette autorisation nationale de pêche pour laquelle aucune demande n'est déposée avant le 1er février de l'année en cours est supprimé, pour l'année de gestion en cours, de la liste d'éligibilité visée au paragraphe 3 de l'article 4 du présent arrêté. Les demandes déposées au-delà de la date limite de dépôt seront instruites dans la mesure où la capacité disponible fixée au paragraphe 2 de l'article 1er du présent arrêté est suffisante. 5. L'autorisation nationale de pêche pourra être réattribuée pour l'année de gestion en cours à d'autres couples producteurs-navires dans les conditions prévues à l'article 6 du présent arrêté. 6. La demande d'un producteur, adhérant à une ou des organisations de producteurs, doit être visée par la ou les organisations concernées. La demande du producteur qui n'est pas adhérent à une organisation de producteurs doit être visée par le comité régional des pêches maritimes et des élevages marins du port d'immatriculation du navire concerné. 7. La demande d'autorisation nationale de pêche a valeur de notification par le producteur du ou des engins de pêche qu'il prévoit d'utiliser.",2273
https://w3id.org/semleg/legimaintlex/resource/document/arrete-du-22-janvier-2015-creant-un-regime-national-de-gestion-pour-la-pecherie-d1aaa4675e7a/article/article-JORFTEXT000030171931-463,article-JORFTEXT000030171931-463,https://w3id.org/semleg/legimaintlex/resource/document/arrete-du-22-janvier-2015-creant-un-regime-national-de-gestion-pour-la-pecherie-d1aaa4675e7a,JORFTEXT000030171931,,['Accessibilité handicapés'],2015-01-22,https://w3id.org/semleg/legimaintlex/resource/document/arrete-du-22-janvier-2015-creant-un-regime-national-de-gestion-pour-la-pecherie-d1aaa4675e7a/article/article-JORFTEXT000030171931-463/content,"Amélioration de la survie des rejets de sole commune (Solea solea) en deçà de la taille minimale de capture. Afin d'améliorer la survie des juvéniles de sole commune (Solea solea) rejetés, lorsque des soles d'une taille inférieure à la taille minimale de capture sont accidentellement capturées, les spécimens capturés sont rapidement remis à la mer.",350
https://w3id.org/semleg/legimaintlex/resource/document/arrete-du-22-janvier-2015-creant-un-regime-national-de-gestion-pour-la-pecherie-d1aaa4675e7a/article/article-JORFTEXT000030171931-464,article-JORFTEXT000030171931-464,https://w3id.org/semleg/legimaintlex/resource/document/arrete-du-22-janvier-2015-creant-un-regime-national-de-gestion-pour-la-pecherie-d1aaa4675e7a,JORFTEXT000030171931,,['Accessibilité handicapés'],2015-01-22,https://w3id.org/semleg/legimaintlex/resource/document/arrete-du-22-janvier-2015-creant-un-regime-national-de-gestion-pour-la-pecherie-d1aaa4675e7a/article/article-JORFTEXT000030171931-464/content,"Obligation d'équipement des navires de balise de suivi par satellite (VMS). Tout navire de pêche professionnelle, à l'exception des navires non pontés, désirant pratiquer l'activité mentionnée à l'article 1 doit être équipé d'une balise de suivi par satellite de type vessel monitoring system (VMS).",299
https://w3id.org/semleg/legimaintlex/resource/document/arrete-du-22-janvier-2015-creant-un-regime-national-de-gestion-pour-la-pecherie-d1aaa4675e7a/article/article-JORFTEXT000030171931-465,article-JORFTEXT000030171931-465,https://w3id.org/semleg/legimaintlex/resource/document/arrete-du-22-janvier-2015-creant-un-regime-national-de-gestion-pour-la-pecherie-d1aaa4675e7a,JORFTEXT000030171931,,['Accessibilité handicapés'],2015-01-22,https://w3id.org/semleg/legimaintlex/resource/document/arrete-du-22-janvier-2015-creant-un-regime-national-de-gestion-pour-la-pecherie-d1aaa4675e7a/article/article-JORFTEXT000030171931-465/content,Mesures techniques relatives à la longueur des filets de pêche. La longueur maximale autorisée des filets de pêche des navires pratiquant l'activité mentionnée à l'article 1er est de 1 km de filet par mètre de longueur hors tout du navire.,239
https://w3id.org/semleg/legimaintlex/resource/document/arrete-du-22-janvier-2015-definissant-les-caracteristiques-et-les-conditions-d-u-15f8b69ab16c/article/article-JORFTEXT000030185724-468,article-JORFTEXT000030185724-468,https://w3id.org/semleg/legimaintlex/resource/document/arrete-du-22-janvier-2015-definissant-les-caracteristiques-et-les-conditions-d-u-15f8b69ab16c,JORFTEXT000030185724,,['Accessibilité handicapés'],2015-01-22,https://w3id.org/semleg/legimaintlex/resource/document/arrete-du-22-janvier-2015-definissant-les-caracteristiques-et-les-conditions-d-u-15f8b69ab16c/article/article-JORFTEXT000030185724-468/content,"Le procès-verbal de la visite initiale, le procès-verbal de la dernière visite technique et l'arrêté préfectoral relatif à la circulation d'un petit train routier touristique doivent être à bord du petit train routier touristique afin d'être présentés à toute réquisition des agents chargés du contrôle.",303
https://w3id.org/semleg/legimaintlex/resource/document/arrete-du-22-janvier-2015-definissant-les-caracteristiques-et-les-conditions-d-u-15f8b69ab16c/article/article-JORFTEXT000030185724-469,article-JORFTEXT000030185724-469,https://w3id.org/semleg/legimaintlex/resource/document/arrete-du-22-janvier-2015-definissant-les-caracteristiques-et-les-conditions-d-u-15f8b69ab16c,JORFTEXT000030185724,,['Accessibilité handicapés'],2015-01-22,https://w3id.org/semleg/legimaintlex/resource/document/arrete-du-22-janvier-2015-definissant-les-caracteristiques-et-les-conditions-d-u-15f8b69ab16c/article/article-JORFTEXT000030185724-469/content,"Est soumis aux dispositions du présent arrêté l'ensemble de véhicules composé d'un véhicule tracteur et de remorques, autre qu'un autocar ou un autobus, lorsqu'il circule sur les voies ouvertes à la circulation publique dans le cadre exclusif de l'animation touristique ou à l'occasion de manifestations à caractère commercial ou de prestations de service ponctuelles. Cet ensemble de véhicules est dénommé « petit train routier touristique ». Au sens des articles 5 (4, c) et 32 du décret n° 85-891 du 16 août 1985 susvisé , les services de transport exécutés avec un petit train routier touristique sont des services de transport public routier de personnes « à la place » ou des services occasionnels de transport public routier de personnes. Ces services sont effectués par des entreprises inscrites au registre des entreprises de transport public routier de personnes, dans les conditions fixées par l' article R. 233-1 du code du tourisme . Les dispositions de l'arrêté du 2 juillet 1982 susvisé ne sont pas applicables aux petits trains routiers touristiques.",1066
https://w3id.org/semleg/legimaintlex/resource/document/arrete-du-22-janvier-2015-definissant-les-caracteristiques-et-les-conditions-d-u-15f8b69ab16c/article/article-JORFTEXT000030185724-470,article-JORFTEXT000030185724-470,https://w3id.org/semleg/legimaintlex/resource/document/arrete-du-22-janvier-2015-definissant-les-caracteristiques-et-les-conditions-d-u-15f8b69ab16c,JORFTEXT000030185724,,['Accessibilité handicapés'],2015-01-22,https://w3id.org/semleg/legimaintlex/resource/document/arrete-du-22-janvier-2015-definissant-les-caracteristiques-et-les-conditions-d-u-15f8b69ab16c/article/article-JORFTEXT000030185724-470/content,La circulation des petits trains routiers touristiques est limitée : - pour les ensembles de catégorie I : aux itinéraires ne comportant aucune pente supérieure à 5 % ; - pour les ensembles de catégorie II : aux itinéraires ne comportant aucune pente supérieure à 10 % ; - pour les ensembles de catégorie III : aux itinéraires ne comportant aucune pente supérieure à 15 % ; - pour les ensembles de catégorie IV : aux itinéraires ne comportant aucune pente supérieure à 20 %. Les règles à appliquer pour calculer la pente maximale d'un itinéraire sont définies en annexe IV.,573
https://w3id.org/semleg/legimaintlex/resource/document/arrete-du-22-janvier-2015-definissant-les-caracteristiques-et-les-conditions-d-u-15f8b69ab16c/article/article-JORFTEXT000030185724-471,article-JORFTEXT000030185724-471,https://w3id.org/semleg/legimaintlex/resource/document/arrete-du-22-janvier-2015-definissant-les-caracteristiques-et-les-conditions-d-u-15f8b69ab16c,JORFTEXT000030185724,,['Accessibilité handicapés'],2015-01-22,https://w3id.org/semleg/legimaintlex/resource/document/arrete-du-22-janvier-2015-definissant-les-caracteristiques-et-les-conditions-d-u-15f8b69ab16c/article/article-JORFTEXT000030185724-471/content,"Les petits trains routiers touristiques sont soumis à une visite technique obligatoire tous les ans. Les modalités de cette visite technique effectuée par un expert désigné par le préfet sont précisées au II de l'annexe II a du présent arrêté. Elle donne lieu à la délivrance d'un procès-verbal de visite technique. Le centre de contrôle technique désigné par le préfet sera indiqué dans l'arrêté préfectoral de circulation en précisant les conditions dans lesquelles le petit train routier pourra être autorisé à circuler pour s'y rendre. Le préfet peut notamment exiger des mesures d'accompagnement particulières ou imposer que le petit train routier soit transporté. Il peut également être prévu que, sous réserve de la réglementation en vigueur, la visite technique soit pratiquée sur le site de l'exploitant.",813
https://w3id.org/semleg/legimaintlex/resource/document/arrete-du-22-janvier-2015-definissant-les-caracteristiques-et-les-conditions-d-u-15f8b69ab16c/article/article-JORFTEXT000030185724-472,article-JORFTEXT000030185724-472,https://w3id.org/semleg/legimaintlex/resource/document/arrete-du-22-janvier-2015-definissant-les-caracteristiques-et-les-conditions-d-u-15f8b69ab16c,JORFTEXT000030185724,,['Accessibilité handicapés'],2015-01-22,https://w3id.org/semleg/legimaintlex/resource/document/arrete-du-22-janvier-2015-definissant-les-caracteristiques-et-les-conditions-d-u-15f8b69ab16c/article/article-JORFTEXT000030185724-472/content,"L'arrêté du 2 juillet 1997 définissant les caractéristiques et les conditions d'utilisation des véhicules autres que les autocars et les autobus, destinés à des usages de tourisme et de loisirs est abrogé.",205
https://w3id.org/semleg/legimaintlex/resource/document/arrete-du-22-janvier-2015-definissant-les-caracteristiques-et-les-conditions-d-u-15f8b69ab16c/article/article-JORFTEXT000030185724-473,article-JORFTEXT000030185724-473,https://w3id.org/semleg/legimaintlex/resource/document/arrete-du-22-janvier-2015-definissant-les-caracteristiques-et-les-conditions-d-u-15f8b69ab16c,JORFTEXT000030185724,,['Accessibilité handicapés'],2015-01-22,https://w3id.org/semleg/legimaintlex/resource/document/arrete-du-22-janvier-2015-definissant-les-caracteristiques-et-les-conditions-d-u-15f8b69ab16c/article/article-JORFTEXT000030185724-473/content,"Des arrêts pour visiter des sites touristiques peuvent être prévus le long du circuit d'un petit train routier touristique exploité dans le cadre d'un service de transport public routier de personnes « à la place ». Ces arrêts ont pour objet la visite d'un site touristique particulier. Les passagers peuvent alors être déposés par un petit train routier, puis poursuivre le circuit en empruntant un petit train routier suivant avec le même titre de circulation. L'exploitant d'un petit train routier touristique peut combiner sur un même circuit un service occasionnel et un service « à la place ».",599
https://w3id.org/semleg/legimaintlex/resource/document/arrete-du-22-janvier-2015-definissant-les-caracteristiques-et-les-conditions-d-u-15f8b69ab16c/article/article-JORFTEXT000030185724-474,article-JORFTEXT000030185724-474,https://w3id.org/semleg/legimaintlex/resource/document/arrete-du-22-janvier-2015-definissant-les-caracteristiques-et-les-conditions-d-u-15f8b69ab16c,JORFTEXT000030185724,,['Accessibilité handicapés'],2015-01-22,https://w3id.org/semleg/legimaintlex/resource/document/arrete-du-22-janvier-2015-definissant-les-caracteristiques-et-les-conditions-d-u-15f8b69ab16c/article/article-JORFTEXT000030185724-474/content,Le conducteur d'un petit train routier touristique doit être titulaire du permis D « véhicules automobiles affectés au transport de personnes comportant plus de huit places assises ».,183
https://w3id.org/semleg/legimaintlex/resource/document/arrete-du-22-janvier-2015-definissant-les-caracteristiques-et-les-conditions-d-u-15f8b69ab16c/article/article-JORFTEXT000030185724-475,article-JORFTEXT000030185724-475,https://w3id.org/semleg/legimaintlex/resource/document/arrete-du-22-janvier-2015-definissant-les-caracteristiques-et-les-conditions-d-u-15f8b69ab16c,JORFTEXT000030185724,,['Accessibilité handicapés'],2015-01-22,https://w3id.org/semleg/legimaintlex/resource/document/arrete-du-22-janvier-2015-definissant-les-caracteristiques-et-les-conditions-d-u-15f8b69ab16c/article/article-JORFTEXT000030185724-475/content,"Le laboratoire de l'Union technique de l'automobile du motocycle et du cycle (UTAC), autodrome de Linas-Montlhéry, BP 20212, 91311 Montlhéry Cedex, est agréé pour effectuer les essais prévus aux annexes I et II du présent arrêté.",229
https://w3id.org/semleg/legimaintlex/resource/document/arrete-du-22-janvier-2015-definissant-les-caracteristiques-et-les-conditions-d-u-15f8b69ab16c/article/article-JORFTEXT000030185724-476,article-JORFTEXT000030185724-476,https://w3id.org/semleg/legimaintlex/resource/document/arrete-du-22-janvier-2015-definissant-les-caracteristiques-et-les-conditions-d-u-15f8b69ab16c,JORFTEXT000030185724,,['Accessibilité handicapés'],2015-01-22,https://w3id.org/semleg/legimaintlex/resource/document/arrete-du-22-janvier-2015-definissant-les-caracteristiques-et-les-conditions-d-u-15f8b69ab16c/article/article-JORFTEXT000030185724-476/content,"La circulation d'un petit train routier touristique est soumise à autorisation préfectorale, dénommée « arrêté préfectoral relatif à la circulation d'un petit train routier touristique ». Cet arrêté est pris par le préfet du département où est exploité le service ou par le préfet de police pour la ville de Paris, après avis du maire et des organismes gestionnaires de voiries concernés, portant notamment sur la sécurité de l'itinéraire. La demande de l'entreprise de transport public de personnes est faite conformément au modèle figurant à l'annexe II c du présent arrêté. Le demandeur y joint notamment le règlement de sécurité d'exploitation qu'il a établi pour l'itinéraire demandé. Ce règlement pourra être soumis au maire et aux gestionnaires de voirie, en complément de la demande d'avis prévue au premier alinéa du présent article. Il devra se trouver à bord du véhicule pour être porté à la connaissance des conducteurs du petit train routier touristique. L'arrêté préfectoral prévoit la circulation sans voyageurs du petit train routier touristique pour les déplacements liés aux besoins d'exploitation. Ils correspondent à ceux, pouvant être quotidiens, nécessaires pour permettre l'exploitation du service : déplacement du lieu de stationnement au lieu de prise en charge des voyageurs et retour au garage, déplacements pour l'approvisionnement en carburant et déplacements liés à la visite technique annuelle de l'ensemble routier. L'arrêté préfectoral détaille les arrêts, autorisés à titre dérogatoire dans les communes classées « stations de tourisme », mentionnés à l'article 3. La validité de l'arrêté préfectoral porte sur une durée maximale de dix ans. Il peut être délivré pour une même durée dans le cas d'une activité ponctuelle se renouvelant tous les ans sur une période identifiable. Il perd sa validité en cas de modification de l'itinéraire autorisé ou de ses caractéristiques routières, ou de modification des véhicules composant le petit train routier touristique. Il n'est pas cessible. Les demandes d'arrêté de circulation pour une prestation ponctuelle peuvent faire l'objet d'une instruction simplifiée. L'exploitant devra présenter, à l'appui de sa demande, les caractéristiques de la prestation et du circuit demandé, l'avis des gestionnaires de voirie et du maire de la commune d'exploitation ainsi qu'un arrêté préfectoral de circulation en cours de validité à son nom, délivré par le même service instructeur départemental. Le petit train routier touristique utilisé pour effectuer la prestation ponctuelle devra être le même ensemble tracteur et remorques. Toute nouvelle demande d'arrêté préfectoral est formulée dans les conditions prévues par le présent article.",2708
https://w3id.org/semleg/legimaintlex/resource/document/arrete-du-22-janvier-2015-definissant-les-caracteristiques-et-les-conditions-d-u-15f8b69ab16c/article/article-JORFTEXT000030185724-477,article-JORFTEXT000030185724-477,https://w3id.org/semleg/legimaintlex/resource/document/arrete-du-22-janvier-2015-definissant-les-caracteristiques-et-les-conditions-d-u-15f8b69ab16c,JORFTEXT000030185724,,['Accessibilité handicapés'],2015-01-22,https://w3id.org/semleg/legimaintlex/resource/document/arrete-du-22-janvier-2015-definissant-les-caracteristiques-et-les-conditions-d-u-15f8b69ab16c/article/article-JORFTEXT000030185724-477/content,"Le respect des règles techniques énumérées à l'annexe I donne lieu à la délivrance d'un procès-verbal de réception. Le procès-verbal de réception est délivré par la direction régionale et interdépartementale de l'énergie et de l'environnement (DRIEE), ou la direction régionale de l'environnement, de l'aménagement et du logement (DREAL), ou la direction de l'environnement, de l'aménagement et du logement (DEAL). Le procès-verbal de réception est présenté à la visite technique initiale obligatoire prévue au I de l'annexe II a du présent arrêté. La visite technique initiale donne lieu à la délivrance d'un procès-verbal de visite technique initiale conforme au modèle prévu à l'annexe II b du présent arrêté. Ce procès-verbal peut être délivré par un constructeur si celui-ci est titulaire des réceptions nationales par type pour le véhicule tracteur et les remorques constituant le petit train routier touristique neuf.",924
https://w3id.org/semleg/legimaintlex/resource/document/arrete-du-22-janvier-2015-definissant-les-caracteristiques-et-les-conditions-d-u-15f8b69ab16c/article/article-JORFTEXT000030185724-478,article-JORFTEXT000030185724-478,https://w3id.org/semleg/legimaintlex/resource/document/arrete-du-22-janvier-2015-definissant-les-caracteristiques-et-les-conditions-d-u-15f8b69ab16c,JORFTEXT000030185724,,['Accessibilité handicapés'],2015-01-22,https://w3id.org/semleg/legimaintlex/resource/document/arrete-du-22-janvier-2015-definissant-les-caracteristiques-et-les-conditions-d-u-15f8b69ab16c/article/article-JORFTEXT000030185724-478/content,"A titre dérogatoire, dans les communes classées « stations de tourisme » au sens de l' article R. 133-37 du code du tourisme , d'autres arrêts à vocation touristique plus générale ayant un lien direct avec les activités touristiques de la commune (tels que plages, campings, parking-relais…) permettant la montée et la descente de passagers le long du circuit d'un petit train routier touristique, peuvent être autorisés. Ces arrêts doivent être situés hors des voies de circulation et doivent être matérialisés par un marquage au sol. La circulation entre deux arrêts est limitée aux voies situées en agglomération, sur des axes dont la vitesse de circulation autorisée ne peut excéder 50 km/h. Ces arrêts sont desservis lors de la saison touristique, pendant une durée qui ne peut excéder sept mois dans l'année. Cette durée pourra être supérieure à sept mois dans les communes abritant un site classé par l'UNESCO.",917
https://w3id.org/semleg/legimaintlex/resource/document/arrete-du-22-janvier-2015-relatif-a-l-indication-geographique-ratafia-champenois-33b9e622ed53/article/article-JORFTEXT000030154734-479,article-JORFTEXT000030154734-479,https://w3id.org/semleg/legimaintlex/resource/document/arrete-du-22-janvier-2015-relatif-a-l-indication-geographique-ratafia-champenois-33b9e622ed53,JORFTEXT000030154734,,['Accessibilité handicapés'],2015-01-22,https://w3id.org/semleg/legimaintlex/resource/document/arrete-du-22-janvier-2015-relatif-a-l-indication-geographique-ratafia-champenois-33b9e622ed53/article/article-JORFTEXT000030154734-479/content,"Le cahier des charges de l'indication géographique "" Ratafia champenois "" est homologué. Il est publié au Bulletin officiel du ministère de l'agriculture, de l'agroalimentaire et de la forêt, et peut être consulté à l'adresse suivante : https://info.agriculture.gouv.fr/gedei/site/bo-agri/historique/ .",302
https://w3id.org/semleg/legimaintlex/resource/document/arrete-du-22-janvier-2015-relatif-a-l-indication-geographique-ratafia-champenois-33b9e622ed53/article/article-JORFTEXT000030154734-480,article-JORFTEXT000030154734-480,https://w3id.org/semleg/legimaintlex/resource/document/arrete-du-22-janvier-2015-relatif-a-l-indication-geographique-ratafia-champenois-33b9e622ed53,JORFTEXT000030154734,,['Accessibilité handicapés'],2015-01-22,https://w3id.org/semleg/legimaintlex/resource/document/arrete-du-22-janvier-2015-relatif-a-l-indication-geographique-ratafia-champenois-33b9e622ed53/article/article-JORFTEXT000030154734-480/content,"Les boissons spiritueuses prêtes à être commercialisées avant la date de publication du présent arrêté et qui répondent aux conditions fixées par le présent cahier des charges peuvent bénéficier de l'indication géographique « Ratafia champenois » si elles font l'objet d'une déclaration de revendication au plus tard douze mois après la date d'homologation du présent cahier des charges, suivie d'un examen analytique et organoleptique. Les boissons spiritueuses en cours d'élaboration avant la date de publication du présent arrêté et qui répondent aux conditions fixées par le présent cahier des charges peuvent bénéficier de l'indication géographique « Ratafia champenois » si elles font l'objet d'une déclaration de revendication au plus tard douze mois après la date d'homologation du présent cahier des charges. Ces produits seront soumis aux contrôles tels que définis par le plan de contrôle ou d'inspection validé.",923
https://w3id.org/semleg/legimaintlex/resource/document/arrete-du-22-janvier-2015-relatif-a-l-indication-geographique-rhum-agricole-de-l-a6f17a16683d/article/article-JORFTEXT000030154680-466,article-JORFTEXT000030154680-466,https://w3id.org/semleg/legimaintlex/resource/document/arrete-du-22-janvier-2015-relatif-a-l-indication-geographique-rhum-agricole-de-l-a6f17a16683d,JORFTEXT000030154680,,['Accessibilité handicapés'],2015-01-22,https://w3id.org/semleg/legimaintlex/resource/document/arrete-du-22-janvier-2015-relatif-a-l-indication-geographique-rhum-agricole-de-l-a6f17a16683d/article/article-JORFTEXT000030154680-466/content,"Les boissons spiritueuses prêtes à être commercialisées avant la date de publication du présent arrêté et qui répondent aux conditions fixées par le présent cahier des charges peuvent bénéficier de l'indication géographique « Rhum agricole de la Guyane » ou « Rhum agricole de Guyane » ou « Rhum agricole Guyane » si elles font l'objet d'une déclaration de revendication au plus tard douze mois après la date d'homologation du présent cahier des charges, suivie d'un examen analytique et organoleptique. Les boissons spiritueuses en cours d'élaboration avant la date de publication du présent arrêté et qui répondent aux conditions fixées par le présent cahier des charges peuvent bénéficier de l'indication géographique « Rhum agricole de la Guyane » ou « Rhum agricole de Guyane » ou « Rhum agricole Guyane » si elles font l'objet d'une déclaration de revendication au plus tard douze mois après la date d'homologation du présent cahier des charges. Ces produits seront soumis aux contrôles tels que définis par le plan de contrôle ou d'inspection validé.",1057
https://w3id.org/semleg/legimaintlex/resource/document/arrete-du-22-janvier-2015-relatif-a-l-indication-geographique-rhum-agricole-de-l-a6f17a16683d/article/article-JORFTEXT000030154680-467,article-JORFTEXT000030154680-467,https://w3id.org/semleg/legimaintlex/resource/document/arrete-du-22-janvier-2015-relatif-a-l-indication-geographique-rhum-agricole-de-l-a6f17a16683d,JORFTEXT000030154680,,['Accessibilité handicapés'],2015-01-22,https://w3id.org/semleg/legimaintlex/resource/document/arrete-du-22-janvier-2015-relatif-a-l-indication-geographique-rhum-agricole-de-l-a6f17a16683d/article/article-JORFTEXT000030154680-467/content,"Le cahier des charges de l'indication géographique "" Rhum agricole de la Guyane "" ou "" Rhum agricole de Guyane "" ou "" Rhum agricole Guyane "" est homologué. Il est publié au Bulletin officiel du ministère de l'agriculture, de l'agroalimentaire et de la forêt, et peut être consulté à l'adresse suivante : https://info.national.agri/gedei/site/bo-agri/historique/ .",363
https://w3id.org/semleg/legimaintlex/resource/document/arrete-du-22-janvier-2015-relatif-a-l-indication-geographique-rhum-des-antilles-43e1edfbc584/article/article-JORFTEXT000030154698-484,article-JORFTEXT000030154698-484,https://w3id.org/semleg/legimaintlex/resource/document/arrete-du-22-janvier-2015-relatif-a-l-indication-geographique-rhum-des-antilles-43e1edfbc584,JORFTEXT000030154698,,['Accessibilité handicapés'],2015-01-22,https://w3id.org/semleg/legimaintlex/resource/document/arrete-du-22-janvier-2015-relatif-a-l-indication-geographique-rhum-des-antilles-43e1edfbc584/article/article-JORFTEXT000030154698-484/content,"Le cahier des charges de l'indication géographique "" Rhum des Antilles françaises "" est homologué. Il est publié au Bulletin officiel du ministère de l'agriculture, de l'agroalimentaire et de la forêt, et peut être consulté à l'adresse suivante : https://info.agriculture.gouv.fr/gedei/site/bo-agri/historique .",311
https://w3id.org/semleg/legimaintlex/resource/document/arrete-du-22-janvier-2015-relatif-a-l-indication-geographique-rhum-des-antilles-43e1edfbc584/article/article-JORFTEXT000030154698-485,article-JORFTEXT000030154698-485,https://w3id.org/semleg/legimaintlex/resource/document/arrete-du-22-janvier-2015-relatif-a-l-indication-geographique-rhum-des-antilles-43e1edfbc584,JORFTEXT000030154698,,['Accessibilité handicapés'],2015-01-22,https://w3id.org/semleg/legimaintlex/resource/document/arrete-du-22-janvier-2015-relatif-a-l-indication-geographique-rhum-des-antilles-43e1edfbc584/article/article-JORFTEXT000030154698-485/content,"Les boissons spiritueuses prêtes à être commercialisées avant la date de publication du présent arrêté et qui répondent aux conditions fixées par le présent cahier des charges peuvent bénéficier de l'indication géographique « Rhum des Antilles françaises » si elles font l'objet d'une déclaration de revendication au plus tard douze mois après la date d'homologation du présent cahier des charges, suivie d'un examen analytique et organoleptique. Les boissons spiritueuses en cours d'élaboration avant la date de publication du présent arrêté et qui répondent aux conditions fixées par le présent cahier des charges peuvent bénéficier de l'indication géographique « Rhum des Antilles françaises » si elles font l'objet d'une déclaration de revendication au plus tard douze mois après la date d'homologation du présent cahier des charges. Ces produits seront soumis aux contrôles tels que définis par le plan de contrôle ou d'inspection validé.",943
https://w3id.org/semleg/legimaintlex/resource/document/arrete-du-22-janvier-2015-relatif-a-l-indication-geographique-rhum-des-departeme-cb7b4441e442/article/article-JORFTEXT000030154707-453,article-JORFTEXT000030154707-453,https://w3id.org/semleg/legimaintlex/resource/document/arrete-du-22-janvier-2015-relatif-a-l-indication-geographique-rhum-des-departeme-cb7b4441e442,JORFTEXT000030154707,,['Accessibilité handicapés'],2015-01-22,https://w3id.org/semleg/legimaintlex/resource/document/arrete-du-22-janvier-2015-relatif-a-l-indication-geographique-rhum-des-departeme-cb7b4441e442/article/article-JORFTEXT000030154707-453/content,"Le cahier des charges de l'indication géographique "" Rhum des départements français d'outre-mer "" ou "" Rhum de l'outre-mer français "" est homologué. Il est publié au Bulletin officiel du ministère de l'agriculture, de l'agroalimentaire et de la forêt, et peut être consulté à l'adresse suivante : https://info.national.agri/gedei/site/bo-agri/historique/ .",356
https://w3id.org/semleg/legimaintlex/resource/document/arrete-du-22-janvier-2015-relatif-a-l-indication-geographique-rhum-des-departeme-cb7b4441e442/article/article-JORFTEXT000030154707-454,article-JORFTEXT000030154707-454,https://w3id.org/semleg/legimaintlex/resource/document/arrete-du-22-janvier-2015-relatif-a-l-indication-geographique-rhum-des-departeme-cb7b4441e442,JORFTEXT000030154707,,['Accessibilité handicapés'],2015-01-22,https://w3id.org/semleg/legimaintlex/resource/document/arrete-du-22-janvier-2015-relatif-a-l-indication-geographique-rhum-des-departeme-cb7b4441e442/article/article-JORFTEXT000030154707-454/content,"Les boissons spiritueuses prêtes à être commercialisées avant la date de publication du présent arrêté et qui répondent aux conditions fixées par le présent cahier des charges peuvent bénéficier de l'indication géographique « Rhum des départements français d'outre-mer » ou « Rhum de l'outre-mer français » si elles font l'objet d'une déclaration de revendication au plus tard douze mois après la date d'homologation du présent cahier des charges, suivie d'un examen analytique et organoleptique. Les boissons spiritueuses en cours d'élaboration avant la date de publication du présent arrêté et qui répondent aux conditions fixées par le présent cahier des charges peuvent bénéficier de l'indication géographique « Rhum des départements français d'outre-mer » ou « Rhum de l'outre-mer français » si elles font l'objet d'une déclaration de revendication au plus tard douze mois après la date d'homologation du présent cahier des charges. Ces produits seront soumis aux contrôles tels que définis par le plan de contrôle ou d'inspection validé.",1043
https://w3id.org/semleg/legimaintlex/resource/document/arrete-du-22-janvier-2015-relatif-aux-modalites-d-exoneration-des-frais-lies-au-69e2f90e583a/article/article-JORFTEXT000030171343-481,article-JORFTEXT000030171343-481,https://w3id.org/semleg/legimaintlex/resource/document/arrete-du-22-janvier-2015-relatif-aux-modalites-d-exoneration-des-frais-lies-au-69e2f90e583a,JORFTEXT000030171343,,['Accessibilité handicapés'],2015-01-22,https://w3id.org/semleg/legimaintlex/resource/document/arrete-du-22-janvier-2015-relatif-aux-modalites-d-exoneration-des-frais-lies-au-69e2f90e583a/article/article-JORFTEXT000030171343-481/content,"Le fournisseur d'eau qui souhaite facturer des frais de rejet de paiement et qui ne dispose pas de l'information prévue aux articles 3 et 10 du décret n° 2008-780 susvisé informe par écrit le consommateur qu'il peut être exonéré de ces frais s'il a bénéficié, pour le paiement d'une facture d'eau dans les douze mois précédant la facture rejetée ou pour ladite facture, d'une aide du Fonds de solidarité pour le logement ou du centre communal d'action sociale ou s'il bénéficie, le cas échéant, d'un tarif social mis en place par son service public d'eau potable. Il indique également au consommateur concerné qu'il dispose d'un délai, qui ne peut être inférieur à quinze jours, pour justifier de cette condition d'exonération.",727
https://w3id.org/semleg/legimaintlex/resource/document/arrete-du-22-janvier-2015-relatif-aux-modalites-d-exoneration-des-frais-lies-au-69e2f90e583a/article/article-JORFTEXT000030171343-482,article-JORFTEXT000030171343-482,https://w3id.org/semleg/legimaintlex/resource/document/arrete-du-22-janvier-2015-relatif-aux-modalites-d-exoneration-des-frais-lies-au-69e2f90e583a,JORFTEXT000030171343,,['Accessibilité handicapés'],2015-01-22,https://w3id.org/semleg/legimaintlex/resource/document/arrete-du-22-janvier-2015-relatif-aux-modalites-d-exoneration-des-frais-lies-au-69e2f90e583a/article/article-JORFTEXT000030171343-482/content,Le présent arrêté entrera en vigueur à compter du 1er avril 2015.,65
https://w3id.org/semleg/legimaintlex/resource/document/arrete-du-22-janvier-2015-relatif-aux-modalites-d-exoneration-des-frais-lies-au-69e2f90e583a/article/article-JORFTEXT000030171343-483,article-JORFTEXT000030171343-483,https://w3id.org/semleg/legimaintlex/resource/document/arrete-du-22-janvier-2015-relatif-aux-modalites-d-exoneration-des-frais-lies-au-69e2f90e583a,JORFTEXT000030171343,,['Accessibilité handicapés'],2015-01-22,https://w3id.org/semleg/legimaintlex/resource/document/arrete-du-22-janvier-2015-relatif-aux-modalites-d-exoneration-des-frais-lies-au-69e2f90e583a/article/article-JORFTEXT000030171343-483/content,"La collectivité responsable de la gestion du service public d'eau ayant mis en place une tarification sociale de l'eau transmet, si ce service est délégué, le nom et les coordonnées des personnes bénéficiaires de ce dispositif au délégataire.",242
https://w3id.org/semleg/legimaintlex/resource/document/arrete-du-22-mars-2007-completant-les-conditions-mises-a-l-agrement-des-projets-146fc23c1cc4/article/article-JORFTEXT000000466829-182,article-JORFTEXT000000466829-182,https://w3id.org/semleg/legimaintlex/resource/document/arrete-du-22-mars-2007-completant-les-conditions-mises-a-l-agrement-des-projets-146fc23c1cc4,JORFTEXT000000466829,,['Accessibilité handicapés'],2007-03-22,https://w3id.org/semleg/legimaintlex/resource/document/arrete-du-22-mars-2007-completant-les-conditions-mises-a-l-agrement-des-projets-146fc23c1cc4/article/article-JORFTEXT000000466829-182/content,A N N E X E 1 Les indicateurs utilisés pour apprécier les impacts négatifs d'un projet de production d'hydroélectricité sont les suivants : Vous pouvez consulter le tableau dans le JO n° 80 du 04/04/2007 texte numéro 26,219
https://w3id.org/semleg/legimaintlex/resource/document/arrete-du-22-mars-2007-completant-les-conditions-mises-a-l-agrement-des-projets-146fc23c1cc4/article/article-JORFTEXT000000466829-183,article-JORFTEXT000000466829-183,https://w3id.org/semleg/legimaintlex/resource/document/arrete-du-22-mars-2007-completant-les-conditions-mises-a-l-agrement-des-projets-146fc23c1cc4,JORFTEXT000000466829,,['Accessibilité handicapés'],2007-03-22,https://w3id.org/semleg/legimaintlex/resource/document/arrete-du-22-mars-2007-completant-les-conditions-mises-a-l-agrement-des-projets-146fc23c1cc4/article/article-JORFTEXT000000466829-183/content,"L'article 1er de l'arrêté du 29 mai 2006 susvisé est modifié comme suit : Les mots : « respecter les critères suivants » sont remplacés par : « respecter respectivement, selon qu'ils sont appelés à être mis en oeuvre sur le territoire national ou hors du territoire national, les critères prévus à l'article 2 et aux articles 3 et suivants ».",342
https://w3id.org/semleg/legimaintlex/resource/document/arrete-du-22-mars-2007-completant-les-conditions-mises-a-l-agrement-des-projets-146fc23c1cc4/article/article-JORFTEXT000000466829-184,article-JORFTEXT000000466829-184,https://w3id.org/semleg/legimaintlex/resource/document/arrete-du-22-mars-2007-completant-les-conditions-mises-a-l-agrement-des-projets-146fc23c1cc4,JORFTEXT000000466829,,['Accessibilité handicapés'],2007-03-22,https://w3id.org/semleg/legimaintlex/resource/document/arrete-du-22-mars-2007-completant-les-conditions-mises-a-l-agrement-des-projets-146fc23c1cc4/article/article-JORFTEXT000000466829-184/content,"L'article 3 de l'arrêté du 29 mai 2006 susvisé est remplacé par les articles 3 et suivants ainsi rédigés : « Art. 3. - Pour les projets devant être mis en oeuvre hors du territoire national, les travaux préparatoires doivent comporter les études préalables définies à l'article 3-1. Préalablement à leur réalisation, les projets doivent faire l'objet des consultations prévues à l'article 3-2 et comprendre les plans de gestion prévus aux articles 3-3 à 3-5. « Art. 3-1. - Les études préalables à la réalisation des projets mentionnés réalisées hors du territoire national comportent : « 1° La description des objectifs du projet ; « 2° L'analyse des projets alternatifs permettant de produire une quantité comparable d'électricité, y compris, le cas échéant, l'analyse des projets ne comprenant pas la réalisation de barrage, ainsi que, pour le projet proposé, l'analyse des différentes alternatives de localisation, d'infrastructures associées, de modes d'exploitation. Cette analyse précise, pour chacun des projets alternatifs, leurs effets potentiels sur l'environnement, l'amélioration qu'ils apportent aux systèmes existants de production, de distribution et de consommation d'énergie, ainsi qu'aux systèmes assurant la distribution de l'eau ; « 3° Les raisons pour lesquelles, du point de vue des préoccupations environnementales et des conséquences du projet présenté sur les populations concernées et au terme des consultations mentionnées à l'article 3-2, ce projet, parmi les autres alternatives analysées, est considéré comme le meilleur compromis entre les enjeux de protection et de mise en valeur de l'environnement, de développement économique et de progrès social ; « 4° Une étude d'impact permettant d'apprécier les conséquences du projet sur les populations et sur l'environnement. L'étude d'impact comprend au minimum : « a) Une analyse de l'état initial du site et de son environnement, portant notamment sur la sensibilité de l'écosystème et des usages de l'eau en aval à un changement de régime hydraulique ; « b) L'évaluation des conséquences de toute nature engendrées par le projet sur le site, sur les populations potentiellement affectées et sur l'environnement, tant localement qu'au niveau régional. Pour les barrages d'une hauteur supérieure à 15 mètres et pour les barrages d'une hauteur comprise entre 10 et 15 mètres et dont la conception est inhabituelle, cette évaluation inclut l'analyse de la réversibilité des conséquences majeures du projet ; « c) La description des mesures envisagées pour tenter de réduire et de compenser les conséquences dommageables du projet, qui font l'objet des plans prévus aux articles 3-3 et 3-4 ; le cas échéant, cette description établit que des modifications marginales du projet retenu n'auraient pas permis d'éviter des impacts majeurs sur les populations et sur l'environnement ; « d) Le cas échéant, l'analyse des effets cumulatifs des impacts liés à l'existence de plusieurs barrages sur un même bassin fluvial. « Le tableau figurant en annexe I du présent arrêté précise les facteurs d'impacts qui doivent être analysés et, pour autant que cela soit pertinent pour le projet concerné, les indicateurs qui permettent d'apprécier approximativement leur ampleur. « Art. 3-2. - Les personnes et organismes concernés par le projet, notamment les populations affectées ou risquant d'être affectées par le projet, sont consultés préalablement à sa réalisation (1). Ces personnes et organismes doivent être représentés de manière pertinente en tenant compte de l'ensemble des pratiques locales. « La consultation est effectuée conformément aux dispositions légales et aux usages en vigueur dans le pays d'accueil du projet. D'autres procédures de consultation peuvent être mises en oeuvre afin d'atteindre les objectifs établis ci-dessus, notamment sous la forme d'enquêtes auprès du public, de forums ou de groupes de travail. « Les personnes et organismes mentionnés à l'alinéa 1er accèdent librement aux informations mentionnées à l'article L. 124-2 du code de l'environnement concernant le projet, et notamment à l'étude d'impact mentionnée à l'article 3-1. Le dossier du projet doit justifier que les remarques et observations formulées pendant la consultation et relatives à l'environnement ont été examinées. « La consultation doit en outre permettre d'identifier clairement les besoins et intérêts des populations concernées, conformément aux recommandations de bonnes pratiques formulées par la Commission mondiale des barrages ou dans les politiques de sauvegarde de la Banque mondiale. Ces besoins et intérêts sont pris en compte pour l'élaboration des plans mentionnés aux articles 3-3 et 3-4 et la formalisation des accords prévus à l'article 3-4 nécessaires à leur mise en oeuvre. « Art. 3-3. - I. - Le plan de gestion environnementale définit les mesures permettant de réduire ou de compenser les conséquences dommageables du projet pour l'environnement. Le plan doit notamment préciser : « 1° L'impact sur les écosystèmes et les usages de l'eau en aval y compris durant la période de chantier ; « 2° La gestion environnementale des débits, permettant de reproduire au mieux les fluctuations du régime existant avant la mise en oeuvre du projet, y compris, le cas échéant, le déclenchement contrôlé de lâchers d'eau, dans l'objectif de préserver les écosystèmes et les usages de l'eau en aval ; « 3° Les conditions de suivi de l'accumulation des sédiments et des transports solides, les modalités du rejet périodique et le contrôle des sédiments accumulés dans le réservoir, lorsqu'il y en a un et que cela est techniquement possible ; « 4° Les mesures de protection de la faune et de la flore notamment le passage et le frai des poissons ; « 5° Les conséquences sanitaires liées à la modification des conditions locales, affectant notamment l'environnement et les populations, en cas de besoin, l'identification de scenarii de gestion des débits et le choix d'un scénario à intégrer dans le plan de gestion environnementale ; « 6° Les conditions de la surveillance de la qualité de l'eau dans le réservoir, s'il y en a un, et, le cas échéant, la mise en oeuvre des mesures appropriées pour lutter contre sa dégradation telles que : « a) Le nettoyage complet ou partiel de la zone qui doit être inondée avant le remplissage du réservoir, s'il y en a un ; « b) Le captage de l'eau à des points variables ; « c) La réoxygénation et l'augmentation de la température de l'eau turbinée ; « d) La maîtrise de la pollution et de l'érosion du bassin versant. « II. - Lorsque aucune autre alternative quant à la localisation d'un projet ne peut être envisagée et que la réalisation d'un projet, décidée pour des raisons impératives de production hydroélectrique, entraîne la détérioration, voire la destruction, d'une zone naturelle sensible, les conséquences dommageables sont compensées de manière appropriée. « Les mesures de compensation peuvent comprendre, en fonction des caractéristiques propres au site, la réimplantation des espèces menacées dans un site adéquat, la réhabilitation de zones dégradées, la reforestation ou la protection de zones écologiquement similaires d'une taille et d'une continuité pertinentes. « Pour l'application du présent paragraphe, un milieu est en particulier considéré comme sensible si : « - il est protégé par les lois et réglementations nationales du pays d'accueil du projet ou référencé dans le classement de l'UICN des espaces protégés ; « - il fait l'objet d'une protection par des conventions internationales (convention de Ramsar relative aux milieux humides) ; « - il est inscrit sur la liste du patrimoine mondial de l'UNESCO ; « - il est situé dans l'aire centrale d'une réserve de biosphère identifiée par l'UNESCO, ou il présente une biodiversité élevée (forêts primaires, coraux, mangroves, milieux humides .) ; « - il revêt une importance particulière pour les populations autochtones visées par la directive opérationnelle 4.20 de la Banque mondiale. « Art. 3-4. - I. - Le plan de gestion sociale définit les mesures d'atténuation, de réinstallation et les plans d'actions de développement permettant de compenser, de manière adéquate et dans les meilleurs délais, les conséquences dommageables du projet à l'égard des populations affectées ou risquant d'être affectées. Il est finalisé et rendu public avant le début des travaux. « Le plan de gestion sociale rappelle les conditions dans lesquelles les populations affectées par le projet ont été consultées et ont participé à l'élaboration du plan d'installation, réinstallation et plans d'actions de développement conformément aux dispositions de l'article 3-2. « Le plan de gestion sociale définit : « 1° La liste des personnes affectées ou risquant de l'être par le projet ; « 2° Le montant des budgets garantis dédiés au financement de la réinstallation des populations, à la compensation des impacts et à la mise en oeuvre des programmes de développement ; « 3° Le montant des ressources garanties allouées à la compensation d'éventuels impacts non identifiés en amont par les études d'impact et survenant en cours de construction ou d'exploitation du projet ; « 4° La répartition des compensations (pour les pertes directement imputables au projet) parmi les personnes affectées ; « 5° Les mesures d'accompagnement et d'aide aux personnes déplacées ; « 6° Les mesures appropriées pour compenser, avant réalisation du préjudice, et au coût intégral de remplacement, les pertes directement imputables au projet. Ces pertes recouvrent tant les pertes matérielles que celles relatives aux pertes d'activités économiques et à la jouissance de ressources naturelles exploitées à titre privé ou collectif. L'absence de titre foncier légal ainsi que l'absence de résidence permanente pour une population présente que quelques mois par an sur les lieux ne peuvent être invoqués pour faire obstacle à l'indemnisation des personnes affectées ; « 7° L'aide apportée aux personnes déplacées pendant le déplacement et, le cas échéant, par exemple dans le cadre d'une approche « terre contre terre », le relogement sur un site dont les avantages, tel le potentiel de production agricole, sont au moins équivalents à ceux de l'ancien site. L'approche « terre contre terre » doit être privilégiée lorsque les populations déplacées sont majoritairement rurales ; « 8° L'aide destinée aux personnes déplacées visant à améliorer leurs conditions de vie ou, au minimum, à les rétablir, en termes réels, au niveau antérieur au déplacement. A cette fin, il peut être nécessaire de leur apporter un soutien pendant une période transitoire après le déplacement ; « 9° La mise en place, dans les sites de réinstallation, d'infrastructures et services publics permettant une amélioration des conditions de vie des personnes déplacées et visant, en particulier, à assurer aux populations un accès pérenne et dans des conditions économiques soutenables, à l'eau et à l'énergie ; « 10° Les conditions particulières dans lesquelles sont assurés l'accès aux emplois, à l'usage de l'électricité et plus généralement aux différents avantages dégagés par la réalisation du projet ; « 11° Le calendrier de mise en oeuvre des mesures arrêtées au bénéfice des populations ; « 12° La mise en oeuvre pratique du déplacement des populations lors de la construction. « Les indicateurs suivants, pour autant qu'ils sont pertinents pour le projet concerné, peuvent être utilisés pour apprécier l'adéquation du plan de gestion sociale : « - la valeur absolue des sommes consacrées à compenser (2) le déplacement involontaire des populations rapportée au nombre de personnes déplacées ; « - la valeur absolue des bénéfices annuels estimés pour les personnes affectées par les impacts du projet rapportée au nombre de personnes déplacées. « II. - Les dispositions mentionnées aux 5° à 12° du troisième alinéa du I, notamment les conditions de la participation des populations aux différents avantages dégagés par le projet font, au terme d'un processus de négociation, l'objet d'accords entre le promoteur du projet, les représentants de l'Etat d'accueil du projet et les représentants des populations concernées. « Ces accords, formalisés par un contrat-cadre et des contrats d'exécution, fixent entre les parties concernées les conditions de mise en oeuvre des mesures d'atténuation, de réinstallation et des programmes d'actions de développement mentionnés au I, notamment les modalités d'octroi des avantages négociés, mentionnés au dernier alinéa du I. « Art. 3-5. - Pour les barrages d'une hauteur supérieure à 15 mètres et pour les barrages d'une hauteur comprise entre 10 et 15 mètres et dont la conception est inhabituelle, tels que les ouvrages qui doivent faire face à des débits de crue particulièrement importants, qui sont situés dans des zones de grande sismicité ou qui présentent des difficultés particulières de fondation, un plan de gestion de la sécurité du barrage est requis, incluant un plan d'intervention en cas d'urgence, tel que défini par l'annexe A de la politique opérationnelle 4.37 de la Banque mondiale. »",13082
https://w3id.org/semleg/legimaintlex/resource/document/arrete-du-22-mars-2007-fixant-la-liste-des-organisations-syndicales-aptes-a-desi-223cd27520d6/article/article-JORFTEXT000000820519-185,article-JORFTEXT000000820519-185,https://w3id.org/semleg/legimaintlex/resource/document/arrete-du-22-mars-2007-fixant-la-liste-des-organisations-syndicales-aptes-a-desi-223cd27520d6,JORFTEXT000000820519,,['Accessibilité handicapés'],2007-03-22,https://w3id.org/semleg/legimaintlex/resource/document/arrete-du-22-mars-2007-fixant-la-liste-des-organisations-syndicales-aptes-a-desi-223cd27520d6/article/article-JORFTEXT000000820519-185/content,Les organisations syndicales disposent d'un délai d'une semaine à compter de la publication du présent arrêté pour désigner leurs représentants titulaires et suppléants.,169
https://w3id.org/semleg/legimaintlex/resource/document/arrete-du-22-mars-2007-fixant-la-liste-des-organisations-syndicales-aptes-a-desi-223cd27520d6/article/article-JORFTEXT000000820519-186,article-JORFTEXT000000820519-186,https://w3id.org/semleg/legimaintlex/resource/document/arrete-du-22-mars-2007-fixant-la-liste-des-organisations-syndicales-aptes-a-desi-223cd27520d6,JORFTEXT000000820519,,['Accessibilité handicapés'],2007-03-22,https://w3id.org/semleg/legimaintlex/resource/document/arrete-du-22-mars-2007-fixant-la-liste-des-organisations-syndicales-aptes-a-desi-223cd27520d6/article/article-JORFTEXT000000820519-186/content,La liste des organisations syndicales aptes à désigner des représentants au comité technique paritaire central de l'Ecole nationale des chartes et le nombre de sièges de titulaires et de suppléants attribués à chacune d'entre elles sont fixés comme indiqué dans le tableau ci-dessous : Vous pouvez consulter le tableau dans le JO n° 79 du 03/04/2007 texte numéro 40,365
https://w3id.org/semleg/legimaintlex/resource/document/arrete-du-22-mars-2007-fixant-les-dispositions-prises-pour-l-application-des-art-82a081710760/article/article-JORFTEXT000000464701-175,article-JORFTEXT000000464701-175,https://w3id.org/semleg/legimaintlex/resource/document/arrete-du-22-mars-2007-fixant-les-dispositions-prises-pour-l-application-des-art-82a081710760,JORFTEXT000000464701,,['Accessibilité handicapés'],2007-03-22,https://w3id.org/semleg/legimaintlex/resource/document/arrete-du-22-mars-2007-fixant-les-dispositions-prises-pour-l-application-des-art-82a081710760/article/article-JORFTEXT000000464701-175/content,Les dispositions du présent arrêté sont prises pour l'application des dispositions des articles R. 111-19-21 à R. 111-19-24 du code de la construction et de l'habitation.,170
https://w3id.org/semleg/legimaintlex/resource/document/arrete-du-22-mars-2007-fixant-les-dispositions-prises-pour-l-application-des-art-82a081710760/article/article-JORFTEXT000000464701-176,article-JORFTEXT000000464701-176,https://w3id.org/semleg/legimaintlex/resource/document/arrete-du-22-mars-2007-fixant-les-dispositions-prises-pour-l-application-des-art-82a081710760,JORFTEXT000000464701,,['Accessibilité handicapés'],2007-03-22,https://w3id.org/semleg/legimaintlex/resource/document/arrete-du-22-mars-2007-fixant-les-dispositions-prises-pour-l-application-des-art-82a081710760/article/article-JORFTEXT000000464701-176/content,A N N E X E S Vous pouvez consulter le tableau dans le JO n° 81 du 05/04/2007 texte numéro 12 Vous pouvez consulter le tableau dans le JO n° 81 du 05/04/2007 texte numéro 12 Vous pouvez consulter le tableau dans le JO n° 81 du 05/04/2007 texte numéro 12 Vous pouvez consulter le tableau dans le JO n° 81 du 05/04/2007 texte numéro 12 Vous pouvez consulter le tableau dans le JO n° 81 du 05/04/2007 texte numéro 12 Vous pouvez consulter le tableau dans le JO n° 81 du 05/04/2007 texte numéro 12 Vous pouvez consulter le tableau dans le JO n° 81 du 05/04/2007 texte numéro 12 Vous pouvez consulter le tableau dans le JO n° 81 du 05/04/2007 texte numéro 12 Vous pouvez consulter le tableau dans le JO n° 81 du 05/04/2007 texte numéro 12 Vous pouvez consulter le tableau dans le JO n° 81 du 05/04/2007 texte numéro 12 Vous pouvez consulter le tableau dans le JO n° 81 du 05/04/2007 texte numéro 12 Vous pouvez consulter le tableau dans le JO n° 81 du 05/04/2007 texte numéro 12 Vous pouvez consulter le tableau dans le JO n° 81 du 05/04/2007 texte numéro 12 Vous pouvez consulter le tableau dans le JO n° 81 du 05/04/2007 texte numéro 12 Vous pouvez consulter le tableau dans le JO n° 81 du 05/04/2007 texte numéro 12 Vous pouvez consulter le tableau dans le JO n° 81 du 05/04/2007 texte numéro 12 Vous pouvez consulter le tableau dans le JO n° 81 du 05/04/2007 texte numéro 12 Vous pouvez consulter le tableau dans le JO n° 81 du 05/04/2007 texte numéro 12 Vous pouvez consulter le tableau dans le JO n° 81 du 05/04/2007 texte numéro 12 Vous pouvez consulter le tableau dans le JO n° 81 du 05/04/2007 texte numéro 12 Vous pouvez consulter le tableau dans le JO n° 81 du 05/04/2007 texte numéro 12 Vous pouvez consulter le tableau dans le JO n° 81 du 05/04/2007 texte numéro 12 Vous pouvez consulter le tableau dans le JO n° 81 du 05/04/2007 texte numéro 12 Vous pouvez consulter le tableau dans le JO n° 81 du 05/04/2007 texte numéro 12 Vous pouvez consulter le tableau dans le JO n° 81 du 05/04/2007 texte numéro 12 Vous pouvez consulter le tableau dans le JO n° 81 du 05/04/2007 texte numéro 12 Vous pouvez consulter le tableau dans le JO n° 81 du 05/04/2007 texte numéro 12 Vous pouvez consulter le tableau dans le JO n° 81 du 05/04/2007 texte numéro 12 Vous pouvez consulter le tableau dans le JO n° 81 du 05/04/2007 texte numéro 12 Vous pouvez consulter le tableau dans le JO n° 81 du 05/04/2007 texte numéro 12 Vous pouvez consulter le tableau dans le JO n° 81 du 05/04/2007 texte numéro 12 Vous pouvez consulter le tableau dans le JO n° 81 du 05/04/2007 texte numéro 12 Vous pouvez consulter le tableau dans le JO n° 81 du 05/04/2007 texte numéro 12 Vous pouvez consulter le tableau dans le JO n° 81 du 05/04/2007 texte numéro 12 Vous pouvez consulter le tableau dans le JO n° 81 du 05/04/2007 texte numéro 12 Vous pouvez consulter le tableau dans le JO n° 81 du 05/04/2007 texte numéro 12,2893
https://w3id.org/semleg/legimaintlex/resource/document/arrete-du-22-mars-2007-fixant-les-dispositions-prises-pour-l-application-des-art-82a081710760/article/article-JORFTEXT000000464701-177,article-JORFTEXT000000464701-177,https://w3id.org/semleg/legimaintlex/resource/document/arrete-du-22-mars-2007-fixant-les-dispositions-prises-pour-l-application-des-art-82a081710760,JORFTEXT000000464701,,['Accessibilité handicapés'],2007-03-22,https://w3id.org/semleg/legimaintlex/resource/document/arrete-du-22-mars-2007-fixant-les-dispositions-prises-pour-l-application-des-art-82a081710760/article/article-JORFTEXT000000464701-177/content,"Le bénéficiaire du permis de construire fait dresser l'attestation visée à l'article R. 111-19-21 à l'achèvement des travaux. Si la livraison au propriétaire ou au gestionnaire final d'une construction ou d'un lot d'immeuble est prévue avant la date d'achèvement, l'attestation doit être établie avant la date de livraison. Lorsque la construction comporte des usages différents correspondant à plusieurs catégories de travaux telles que visées au I de l'article 4 du présent arrêté, une attestation est établie pour chacune des parties correspondantes. L'attestation peut être établie pour une partie de l'opération faisant l'objet du permis de construire, à condition qu'elle soit fonctionnellement indépendante du reste de la construction au regard des règles d'accessibilité.",779
https://w3id.org/semleg/legimaintlex/resource/document/arrete-du-22-mars-2007-fixant-les-dispositions-prises-pour-l-application-des-art-82a081710760/article/article-JORFTEXT000000464701-178,article-JORFTEXT000000464701-178,https://w3id.org/semleg/legimaintlex/resource/document/arrete-du-22-mars-2007-fixant-les-dispositions-prises-pour-l-application-des-art-82a081710760,JORFTEXT000000464701,,['Accessibilité handicapés'],2007-03-22,https://w3id.org/semleg/legimaintlex/resource/document/arrete-du-22-mars-2007-fixant-les-dispositions-prises-pour-l-application-des-art-82a081710760/article/article-JORFTEXT000000464701-178/content,"I. - L'attestation comprend : - pour la construction de maisons individuelles, à l'exception de celles entreprises par les personnes construisant ou améliorant un logement pour leur propre usage, la liste des règles d'accessibilité visées aux articles R. 111-18-4 à R. 111-18-7 susvisés et aux articles 17 à 27 de l'arrêté du 1er août 2006 pris en application de ces dispositions ; l'attestation est établie conformément au modèle défini à l'annexe 1 du présent arrêté ; - pour la construction de bâtiments d'habitation collectifs, la liste des règles d'accessibilité visées aux articles R. 111-5 et R. 111-18 à R. 111-18-3 susvisés et aux articles 1er à 16 de l'arrêté du 1er août 2006 pris en application de ces dispositions ; l'attestation est établie conformément au modèle défini à l'annexe 2 du présent arrêté ; - pour la construction ou la création d'établissements recevant du public ou d'installations ouvertes au public, la liste des règles d'accessibilité visées aux articles R. 111-19 à R. 111-19-6 susvisés et aux articles 1er à 19 de l'arrêté du 1er août 2006 pris en application de ces dispositions ; l'attestation est établie conformément au modèle défini à l'annexe 3 du présent arrêté ; - pour les travaux dans les bâtiments d'habitation collectifs existants et pour les bâtiments existants où sont créés des logements par changement de destination, la liste des règles d'accessibilité visées aux articles R. 111-18-8 à R. 111-18-11 susvisés et aux articles 1er à 6 de l'arrêté du 26 janvier 2007 d'application de ces dispositions ; - pour les travaux dans les établissements existants recevant du public et les installations ouvertes au public existantes, la liste des règles d'accessibilité visées aux articles R. 111-19-7 à R. 111-19-11 susvisés et aux articles 1er à 10 de l'arrêté du 21 mars 2007 pris en application de ces dispositions. II. - L'attestation indique : - celles de ces règles qui sont respectées par les travaux, en tenant compte des dérogations éventuellement obtenues du préfet par le maître d'ouvrage ; - celles de ces règles qui ne sont pas respectées. L'attestation précise alors quel ouvrage, quel aménagement ou quel équipement est concerné et elle fait éventuellement un commentaire. III. - L'attestation indique si nécessaire les lieux ou les locaux qui n'ont pu être visités, et fait tout commentaire général utile à l'appréciation des faits constatés.",2400
https://w3id.org/semleg/legimaintlex/resource/document/arrete-du-22-mars-2007-fixant-les-dispositions-prises-pour-l-application-des-art-82a081710760/article/article-JORFTEXT000000464701-179,article-JORFTEXT000000464701-179,https://w3id.org/semleg/legimaintlex/resource/document/arrete-du-22-mars-2007-fixant-les-dispositions-prises-pour-l-application-des-art-82a081710760,JORFTEXT000000464701,,['Accessibilité handicapés'],2007-03-22,https://w3id.org/semleg/legimaintlex/resource/document/arrete-du-22-mars-2007-fixant-les-dispositions-prises-pour-l-application-des-art-82a081710760/article/article-JORFTEXT000000464701-179/content,"Pour permettre l'établissement de cette attestation, le maître d'ouvrage remet à la personne visée à l'article R. 111-19-22 qu'il a choisie : - le dossier du permis de construire obtenu et les dossiers des permis modificatifs éventuels ; - le dossier des ouvrages exécutés ou, à défaut, le CCTP du dossier de consultation des entreprises, comprenant les plans et notices descriptifs du projet ; - s'il existe un ascenseur, l'attestation CE de conformité fournie par l'installateur de l'appareil et l'attestation de la conformité à la norme NF EN 81-70 relative à l'accessibilité aux ascenseurs pour toutes les personnes y compris les personnes avec handicap, ainsi que, s'il y a lieu : - les documents du dossier d'autorisation relative à l'article L. 111-18-1 concernant les établissements recevant du public ; - la documentation technique mentionnant les caractéristiques des dispositifs de contrôle d'accès et permettant de vérifier qu'ils respectent les règles les concernant ; - les dérogations obtenues aux règles d'accessibilité. Le maître d'ouvrage peut également joindre tout document, toute attestation, montrant comment des éléments de sa construction respectent les règles d'accessibilité applicables à celle-ci.",1224
https://w3id.org/semleg/legimaintlex/resource/document/arrete-du-22-mars-2007-instituant-un-prix-de-l-equipe-pluridisciplinaire-de-dire-968460553ea8/article/article-JORFTEXT000000645807-171,article-JORFTEXT000000645807-171,https://w3id.org/semleg/legimaintlex/resource/document/arrete-du-22-mars-2007-instituant-un-prix-de-l-equipe-pluridisciplinaire-de-dire-968460553ea8,JORFTEXT000000645807,,['Accessibilité handicapés'],2007-03-22,https://w3id.org/semleg/legimaintlex/resource/document/arrete-du-22-mars-2007-instituant-un-prix-de-l-equipe-pluridisciplinaire-de-dire-968460553ea8/article/article-JORFTEXT000000645807-171/content,"Le prix est décerné par le délégué général pour l'armement, sur proposition d'un jury présidé par le directeur de la qualité et du progrès. Outre son président, le jury est composé de six membres : - le directeur des systèmes d'armes ou son représentant ; - le directeur de l'expertise technique ou son représentant ; - le directeur des essais ou son représentant ; - le directeur des plans, du budget et de la gestion ou son représentant ; - le directeur des ressources humaines ou son représentant ; - un inspecteur de l'armement. Le jury peut recueillir, en tant que de besoin, le conseil ou l'expertise de toute personne du ministère de la défense. La direction de la qualité et du progrès assure le secrétariat du jury.",724
https://w3id.org/semleg/legimaintlex/resource/document/arrete-du-22-mars-2007-instituant-un-prix-de-l-equipe-pluridisciplinaire-de-dire-968460553ea8/article/article-JORFTEXT000000645807-172,article-JORFTEXT000000645807-172,https://w3id.org/semleg/legimaintlex/resource/document/arrete-du-22-mars-2007-instituant-un-prix-de-l-equipe-pluridisciplinaire-de-dire-968460553ea8,JORFTEXT000000645807,,['Accessibilité handicapés'],2007-03-22,https://w3id.org/semleg/legimaintlex/resource/document/arrete-du-22-mars-2007-instituant-un-prix-de-l-equipe-pluridisciplinaire-de-dire-968460553ea8/article/article-JORFTEXT000000645807-172/content,Le montant du prix est fixé par décision du délégué général pour l'armement.,76
https://w3id.org/semleg/legimaintlex/resource/document/arrete-du-22-mars-2007-instituant-un-prix-de-l-equipe-pluridisciplinaire-de-dire-968460553ea8/article/article-JORFTEXT000000645807-173,article-JORFTEXT000000645807-173,https://w3id.org/semleg/legimaintlex/resource/document/arrete-du-22-mars-2007-instituant-un-prix-de-l-equipe-pluridisciplinaire-de-dire-968460553ea8,JORFTEXT000000645807,,['Accessibilité handicapés'],2007-03-22,https://w3id.org/semleg/legimaintlex/resource/document/arrete-du-22-mars-2007-instituant-un-prix-de-l-equipe-pluridisciplinaire-de-dire-968460553ea8/article/article-JORFTEXT000000645807-173/content,"Le prix de l'équipe pluridisciplinaire de direction de projet à la délégation générale pour l'armement est destiné à récompenser, au moins tous les deux ans, deux équipes pluridisciplinaires de direction de projet qui se sont distinguées dans la conduite d'un programme d'armement et dans la conduite d'une opération d'armement non érigée en programme.",352
https://w3id.org/semleg/legimaintlex/resource/document/arrete-du-22-mars-2007-instituant-un-prix-de-l-equipe-pluridisciplinaire-de-dire-968460553ea8/article/article-JORFTEXT000000645807-174,article-JORFTEXT000000645807-174,https://w3id.org/semleg/legimaintlex/resource/document/arrete-du-22-mars-2007-instituant-un-prix-de-l-equipe-pluridisciplinaire-de-dire-968460553ea8,JORFTEXT000000645807,,['Accessibilité handicapés'],2007-03-22,https://w3id.org/semleg/legimaintlex/resource/document/arrete-du-22-mars-2007-instituant-un-prix-de-l-equipe-pluridisciplinaire-de-dire-968460553ea8/article/article-JORFTEXT000000645807-174/content,Les modalités de fonctionnement du prix de l'équipe pluridisciplinaire de direction de projet sont définies dans un règlement signé par le délégué général pour l'armement.,171
https://w3id.org/semleg/legimaintlex/resource/document/arrete-du-22-mars-2007-portant-application-des-articles-8-et-11-du-decret-n-2007-06a183323364/article/article-JORFTEXT000000273441-180,article-JORFTEXT000000273441-180,https://w3id.org/semleg/legimaintlex/resource/document/arrete-du-22-mars-2007-portant-application-des-articles-8-et-11-du-decret-n-2007-06a183323364,JORFTEXT000000273441,,['Accessibilité handicapés'],2007-03-22,https://w3id.org/semleg/legimaintlex/resource/document/arrete-du-22-mars-2007-portant-application-des-articles-8-et-11-du-decret-n-2007-06a183323364/article/article-JORFTEXT000000273441-180/content,"En application des dispositions de l'article 8 du décret du 22 mars 2007 susvisé, l'échelon fonctionnel de l'emploi de directeur interrégional des douanes et droits indirects est accessible aux directeurs interrégionaux affectés dans les circonscriptions interrégionales douanières implantées à Marseille, Paris et Roissy.",322
https://w3id.org/semleg/legimaintlex/resource/document/arrete-du-22-mars-2007-portant-application-des-articles-8-et-11-du-decret-n-2007-06a183323364/article/article-JORFTEXT000000273441-181,article-JORFTEXT000000273441-181,https://w3id.org/semleg/legimaintlex/resource/document/arrete-du-22-mars-2007-portant-application-des-articles-8-et-11-du-decret-n-2007-06a183323364,JORFTEXT000000273441,,['Accessibilité handicapés'],2007-03-22,https://w3id.org/semleg/legimaintlex/resource/document/arrete-du-22-mars-2007-portant-application-des-articles-8-et-11-du-decret-n-2007-06a183323364/article/article-JORFTEXT000000273441-181/content,"En application des dispositions de l'article 11 du décret du 22 mars 2007 susvisé, l'échelon fonctionnel de l'emploi de directeur régional des douanes et droits indirects est accessible aux directeurs régionaux affectés dans les circonscriptions territoriales suivantes : Basse-Normandie, Bayonne, Bretagne, Chambéry, Champagne-Ardenne, Corse, Dunkerque, Franche-Comté, Guadeloupe, Le Havre, Lille, Léman, Lorraine, Marseille, Midi-Pyrénées, Montpellier, Mulhouse, Nice, Orly, Paris-Est, Paris-Ouest, Perpignan, Poitiers, Provence, Strasbourg et La Réunion.",557
https://w3id.org/semleg/legimaintlex/resource/document/arrete-du-24-decembre-2015-modifiant-l-arrete-du-30-avril-2015-fixant-pour-l-ann-68fbd43e832d/article/article-JORFTEXT000031733777-276,article-JORFTEXT000031733777-276,https://w3id.org/semleg/legimaintlex/resource/document/arrete-du-24-decembre-2015-modifiant-l-arrete-du-30-avril-2015-fixant-pour-l-ann-68fbd43e832d,JORFTEXT000031733777,,['Accessibilité handicapés'],2015-12-24,https://w3id.org/semleg/legimaintlex/resource/document/arrete-du-24-decembre-2015-modifiant-l-arrete-du-30-avril-2015-fixant-pour-l-ann-68fbd43e832d/article/article-JORFTEXT000031733777-276/content,"Il est ajouté un article ainsi rédigé : « Art. 4.-En application de l'article L. 314-3-4 du code de l'action sociale et des familles, le montant des crédits de fonctionnement prévisionnels est ainsi fixé : «-pour l'installation dans le cadre du troisième plan autisme 2013-2017 des établissements et services mentionnés au 1° de l'article L. 314-3-1 : une autorisation d'engagement au titre de l'année 2015 de 83,3 millions d'euros. «-pour l'installation dans le cadre du plan maladies neurodégénératives 2015-2019 des établissements et services mentionnés au 3° de l'article L. 314-3-1 : une autorisation d'engagement au titre de l'année 2015 de 39,7 millions d'euros. »",671
https://w3id.org/semleg/legimaintlex/resource/document/arrete-du-24-decembre-2015-modifiant-l-arrete-du-30-avril-2015-fixant-pour-l-ann-68fbd43e832d/article/article-JORFTEXT000031733777-277,article-JORFTEXT000031733777-277,https://w3id.org/semleg/legimaintlex/resource/document/arrete-du-24-decembre-2015-modifiant-l-arrete-du-30-avril-2015-fixant-pour-l-ann-68fbd43e832d,JORFTEXT000031733777,,['Accessibilité handicapés'],2015-12-24,https://w3id.org/semleg/legimaintlex/resource/document/arrete-du-24-decembre-2015-modifiant-l-arrete-du-30-avril-2015-fixant-pour-l-ann-68fbd43e832d/article/article-JORFTEXT000031733777-277/content,"L'arrêté du 30 avril 2015 susvisé est modifié ainsi qu'il suit : 1° A l'article 1er, les montants : « 17 895,3 » « 8711,7 » et « 9 183,6 » sont respectivement remplacés par les montants : « 17 701,3 » ; « 8 650,8 » et « 9 050,4 » ; 2° A l'article 2, les montants « 19 184,0 », « 9 639,5 » ; « 9 544,5 » et « 110 » sont respectivement remplacés par les montants « 19 038,0 » ; « 9 580,6 », « 9 457,3 » et « 158 » ; 3° A l'article 3, les montants « 19 221,0 », « 9 639,5 » ; « 9 581,5 » et sont respectivement remplacés par les montants « 19 001,0 », « 9 580,6 » et « 9 420,3 ».",576
https://w3id.org/semleg/legimaintlex/resource/document/arrete-du-24-decembre-2015-modifiant-l-arrete-du-9-juillet-2015-modifiant-les-de-402f16b7fc65/article/article-JORFTEXT000032134646-271,article-JORFTEXT000032134646-271,https://w3id.org/semleg/legimaintlex/resource/document/arrete-du-24-decembre-2015-modifiant-l-arrete-du-9-juillet-2015-modifiant-les-de-402f16b7fc65,JORFTEXT000032134646,,['Accessibilité handicapés'],2015-12-24,https://w3id.org/semleg/legimaintlex/resource/document/arrete-du-24-decembre-2015-modifiant-l-arrete-du-9-juillet-2015-modifiant-les-de-402f16b7fc65/article/article-JORFTEXT000032134646-271/content,"Dans les règlements d'examen figurant à l'annexe IV de l'arrêté du 9 juillet 2015 susvisé, la mention « éducation civique » est remplacée par la mention « enseignement moral et civique ».",187
https://w3id.org/semleg/legimaintlex/resource/document/arrete-du-24-decembre-2015-modifiant-l-arrete-du-9-juillet-2015-modifiant-les-de-402f16b7fc65/article/article-JORFTEXT000032134646-272,article-JORFTEXT000032134646-272,https://w3id.org/semleg/legimaintlex/resource/document/arrete-du-24-decembre-2015-modifiant-l-arrete-du-9-juillet-2015-modifiant-les-de-402f16b7fc65,JORFTEXT000032134646,,['Accessibilité handicapés'],2015-12-24,https://w3id.org/semleg/legimaintlex/resource/document/arrete-du-24-decembre-2015-modifiant-l-arrete-du-9-juillet-2015-modifiant-les-de-402f16b7fc65/article/article-JORFTEXT000032134646-272/content,"Dans l'annexe IV de l'arrêté du 9 juillet 2015 susvisé, les règlements d'examen relatifs aux spécialités suivantes sont remplacés par les règlements d'examen figurant en annexe du présent arrêté : Maintenance des matériels ; Métiers de la mode ; Métiers du cuir ; Métiers du pressing et de la blanchisserie ; Accueil-relation clients et usagers ; Commercialisation et services en restauration ; Services de proximité et vie locale.",431
https://w3id.org/semleg/legimaintlex/resource/document/arrete-du-24-decembre-2015-portant-autorisation-des-etablissements-d-enseignemen-d1ac479956af/article/article-JORFTEXT000031873216-278,article-JORFTEXT000031873216-278,https://w3id.org/semleg/legimaintlex/resource/document/arrete-du-24-decembre-2015-portant-autorisation-des-etablissements-d-enseignemen-d1ac479956af,JORFTEXT000031873216,,['Accessibilité handicapés'],2015-12-24,https://w3id.org/semleg/legimaintlex/resource/document/arrete-du-24-decembre-2015-portant-autorisation-des-etablissements-d-enseignemen-d1ac479956af/article/article-JORFTEXT000031873216-278/content,"Sont habilités jusqu'au 31 décembre 2017 à dispenser des enseignements de premier cycle, au sens de l' article L. 216-3 du code de l'éducation : - l'Ecole supérieure d'art des Rocailles de l'agglomération Côte basque-Adour à Biarritz pour le diplôme national d'arts plastiques, option art, mention industries culturelles ; - l'école Média Art Fructidor de Chalon-sur-Saône, pour le diplôme national d'arts plastiques, option art ; - le Campus caribéen des arts en Martinique, pour le diplôme national d'arts et techniques, option design graphique, et pour le diplôme national d'arts plastiques, option art. Le Campus caribéen des arts en Martinique est habilité à dispenser les enseignements de second cycle d'arts plastiques conduisant au diplôme national supérieur d'expression plastique, option art, pour les sessions 2016 à 2017.",833
https://w3id.org/semleg/legimaintlex/resource/document/arrete-du-24-decembre-2015-portant-autorisation-des-etablissements-d-enseignemen-d1ac479956af/article/article-JORFTEXT000031873216-279,article-JORFTEXT000031873216-279,https://w3id.org/semleg/legimaintlex/resource/document/arrete-du-24-decembre-2015-portant-autorisation-des-etablissements-d-enseignemen-d1ac479956af,JORFTEXT000031873216,,['Accessibilité handicapés'],2015-12-24,https://w3id.org/semleg/legimaintlex/resource/document/arrete-du-24-decembre-2015-portant-autorisation-des-etablissements-d-enseignemen-d1ac479956af/article/article-JORFTEXT000031873216-279/content,"Les établissements d'enseignement supérieur d'arts plastiques mentionnés à l'annexe du présent arrêté sont autorisés, au sens de l' article L. 75-10-1 du code de l'éducation , à délivrer les diplômes nationaux précisés dans la même annexe.",239
https://w3id.org/semleg/legimaintlex/resource/document/arrete-du-24-decembre-2015-portant-autorisation-des-etablissements-d-enseignemen-d1ac479956af/article/article-JORFTEXT000031873216-280,article-JORFTEXT000031873216-280,https://w3id.org/semleg/legimaintlex/resource/document/arrete-du-24-decembre-2015-portant-autorisation-des-etablissements-d-enseignemen-d1ac479956af,JORFTEXT000031873216,,['Accessibilité handicapés'],2015-12-24,https://w3id.org/semleg/legimaintlex/resource/document/arrete-du-24-decembre-2015-portant-autorisation-des-etablissements-d-enseignemen-d1ac479956af/article/article-JORFTEXT000031873216-280/content,Est abrogé l'arrêté du 28 mai 2013 portant autorisation des établissements d'enseignement supérieur d'arts plastiques relevant du ministère chargé de la culture à délivrer des diplômes nationaux et habilitation à dispenser des enseignements supérieurs d'arts plastiques.,270
https://w3id.org/semleg/legimaintlex/resource/document/arrete-du-24-decembre-2015-portant-autorisation-des-etablissements-d-enseignemen-d1ac479956af/article/article-JORFTEXT000031873216-281,article-JORFTEXT000031873216-281,https://w3id.org/semleg/legimaintlex/resource/document/arrete-du-24-decembre-2015-portant-autorisation-des-etablissements-d-enseignemen-d1ac479956af,JORFTEXT000031873216,,['Accessibilité handicapés'],2015-12-24,https://w3id.org/semleg/legimaintlex/resource/document/arrete-du-24-decembre-2015-portant-autorisation-des-etablissements-d-enseignemen-d1ac479956af/article/article-JORFTEXT000031873216-281/content,"L'école Média Art Fructidor de Chalon-sur-Saône est autorisée, au sens de l' article L.75-10-1 du code de l'éducation , à délivrer le diplôme d'école d'enseignement supérieur Média et Art, option art, mention son, image, corps.",227
https://w3id.org/semleg/legimaintlex/resource/document/arrete-du-24-decembre-2015-portant-validation-du-programme-d-information-en-fave-9b2b0862d67b/article/article-JORFTEXT000031818723-269,article-JORFTEXT000031818723-269,https://w3id.org/semleg/legimaintlex/resource/document/arrete-du-24-decembre-2015-portant-validation-du-programme-d-information-en-fave-9b2b0862d67b,JORFTEXT000031818723,,['Accessibilité handicapés'],2015-12-24,https://w3id.org/semleg/legimaintlex/resource/document/arrete-du-24-decembre-2015-portant-validation-du-programme-d-information-en-fave-9b2b0862d67b/article/article-JORFTEXT000031818723-269/content,"Le programme d'information en faveur de la maîtrise de la demande énergétique, décrit en annexe du présent arrêté, est éligible au dispositif des certificats d'économies dans les conditions définies par le présent arrêté pour les contributions versées à compter de l'entrée en vigueur du présent arrêté et jusqu'au 31 décembre 2017.",332
https://w3id.org/semleg/legimaintlex/resource/document/arrete-du-24-decembre-2015-portant-validation-du-programme-d-information-en-fave-9b2b0862d67b/article/article-JORFTEXT000031818723-270,article-JORFTEXT000031818723-270,https://w3id.org/semleg/legimaintlex/resource/document/arrete-du-24-decembre-2015-portant-validation-du-programme-d-information-en-fave-9b2b0862d67b,JORFTEXT000031818723,,['Accessibilité handicapés'],2015-12-24,https://w3id.org/semleg/legimaintlex/resource/document/arrete-du-24-decembre-2015-portant-validation-du-programme-d-information-en-fave-9b2b0862d67b/article/article-JORFTEXT000031818723-270/content,La fiche descriptive du programme PRO-INFO-07 en annexe I de l'arrêté du 26 décembre 2012 susvisé est abrogée.,110
https://w3id.org/semleg/legimaintlex/resource/document/arrete-du-24-decembre-2015-relatif-a-l-accessibilite-aux-personnes-handicapees-d-663ffd73377b/article/article-JORFTEXT000031692481-290,article-JORFTEXT000031692481-290,https://w3id.org/semleg/legimaintlex/resource/document/arrete-du-24-decembre-2015-relatif-a-l-accessibilite-aux-personnes-handicapees-d-663ffd73377b,JORFTEXT000031692481,,['Accessibilité handicapés'],2015-12-24,https://w3id.org/semleg/legimaintlex/resource/document/arrete-du-24-decembre-2015-relatif-a-l-accessibilite-aux-personnes-handicapees-d-663ffd73377b/article/article-JORFTEXT000031692481-290/content,"Dispositions relatives au stationnement automobile. I. - Usages attendus : Tout parc de stationnement automobile intérieur ou extérieur dépendant d'un bâtiment d'habitation, qu'il soit à l'usage des occupants ou des visiteurs, doit comporter une ou plusieurs places adaptées répondant aux conditions du II ci-après. Les places adaptées, quelle que soit leur configuration, notamment lorsqu'elles sont réalisées dans un volume fermé, sont telles qu'un usager en fauteuil roulant peut quitter l'emplacement une fois le véhicule garé. Les places adaptées sont reliées à l'entrée du bâtiment, ou de la parcelle privative, ou de l'ascenseur par un cheminement accessible tel que défini selon les cas à l'article 2 ou à l'article 5 à l'exception de la disposition relative au repérage et au guidage mentionnée au 1° du II de l'article 2. II. - Caractéristiques minimales : Les places des parcs de stationnement automobile adaptées pour les personnes handicapées doivent répondre aux dispositions suivantes : 1° Nombre : Dans les bâtiments d'habitation collectifs, les places adaptées destinées à l'usage des occupants doivent représenter au minimum 5 % du nombre total de places prévues pour les occupants. De plus, les places adaptées destinées à l'usage des visiteurs doivent représenter au minimum 5 % du nombre total de places prévues pour les visiteurs. Dans les deux cas, le nombre minimal de places adaptées est arrondi à l'unité supérieure. Dans les maisons individuelles, lorsqu'une ou plusieurs places de stationnement leur sont affectées, l'une au moins d'entre elles doit être adaptée et reliée à la maison par un cheminement accessible tel que défini à l'article 2. Lorsque cette place adaptée n'est pas située sur la parcelle privative, celle-ci peut être commune à plusieurs maisons. 2° Localisation Dans les bâtiments d'habitation collectifs, les places adaptées sont localisées à proximité de l'entrée du bâtiment ou de l'ascenseur. Pour les maisons individuelles, si la place adaptée est située à l'extérieur de la parcelle privative, elle doit être aménagée à une distance inférieure ou égale à 30 m de l'accès à celle-ci. 3° Repérage : Dans les parcs de stationnement, un marquage au sol doit signaler chaque place adaptée destinée aux visiteurs. 4° Caractéristiques dimensionnelles : Une place de stationnement adaptée doit correspondre à un espace horizontal au dévers près, inférieur ou égal à 2 %. La largeur minimale des places adaptées doit être de 3,30 m. 5° Atteinte et usage : Une place de stationnement adaptée située en extérieur ou en intérieur doit se raccorder sans ressaut de plus de 2 cm au cheminement d'accès à l'entrée du bâtiment ou à l'ascenseur ou à l'entrée des maisons qu'elle dessert. Les places adaptées, quelles que soient leur configuration et notamment lorsqu'elles sont réalisées dans un volume fermé, sont telles qu'un usager en fauteuil roulant peut quitter l'emplacement une fois le véhicule garé.",2944
https://w3id.org/semleg/legimaintlex/resource/document/arrete-du-24-decembre-2015-relatif-a-l-accessibilite-aux-personnes-handicapees-d-663ffd73377b/article/article-JORFTEXT000031692481-291,article-JORFTEXT000031692481-291,https://w3id.org/semleg/legimaintlex/resource/document/arrete-du-24-decembre-2015-relatif-a-l-accessibilite-aux-personnes-handicapees-d-663ffd73377b,JORFTEXT000031692481,,['Accessibilité handicapés'],2015-12-24,https://w3id.org/semleg/legimaintlex/resource/document/arrete-du-24-decembre-2015-relatif-a-l-accessibilite-aux-personnes-handicapees-d-663ffd73377b/article/article-JORFTEXT000031692481-291/content,"Dispositions relatives aux cheminements extérieurs. I. - Usages attendus : Un cheminement accessible doit permettre d'atteindre, depuis un accès par la voie de desserte : - soit l'entrée du ou des bâtiments donnant accès aux logements ; - soit l'entrée du ou des logements accessibles ou susceptibles de l'être, lorsque ceux-ci ont une entrée indépendante. Le choix et l'aménagement de ce cheminement sont tels qu'ils facilitent la continuité de la chaîne du déplacement avec l'extérieur du terrain. Lorsque des locaux ou équipements collectifs existent, un cheminement accessible relie ces locaux ou équipements à chaque logement. Le cheminement accessible permet notamment à une personne ayant une déficience visuelle, auditive ou mentale de se localiser, s'orienter et atteindre le bâtiment ou l'entrée du logement aisément et sans danger et permet à une personne ayant une déficience motrice d'accéder aisément à tout équipement ou aménagement utilisable par les occupants ou les visiteurs de l'immeuble. Les caractéristiques d'un cheminement accessible sont définies au II ci-après. Lorsqu'il existe plusieurs cheminements, le ou les cheminements accessibles sont signalés de manière adaptée. Lorsque les caractéristiques du terrain ne permettent pas la réalisation d'un cheminement accessible depuis la voie de desserte, un espace de stationnement adapté tel que défini à l'article 3 est prévu à proximité de l'entrée du bâtiment ou du logement ainsi que de chaque local ou équipement collectif. Dans ce cas, un cheminement accessible tel que défini au présent article relie un espace de stationnement adapté : - aux locaux ou équipements collectifs ; - à l'entrée du ou des bâtiments donnant accès aux logements ; - à l'entrée du ou des logements accessibles ou susceptibles de l'être, lorsque ceux-ci ont une entrée indépendante. II. - Caractéristiques minimales : Les cheminements extérieurs accessibles mentionnés au précédent I doivent répondre aux dispositions suivantes : 1° Repérage et guidage : Le revêtement du cheminement accessible doit présenter un contraste visuel et tactile par rapport à son environnement permettant sa détection à la canne blanche ou au pied. A défaut, le cheminement doit comporter sur toute sa longueur un repère continu, tactile pour le guidage à l'aide d'une canne blanche et visuellement contrasté par rapport à son environnement pour faciliter le guidage des personnes malvoyantes. Concernant les projets de bâtiments d'habitation collectifs et d'ensembles résidentiels, une signalisation adaptée doit être mise en place à l'entrée du terrain de l'opération, à proximité des places de stationnement pour les visiteurs, ainsi qu'en chaque point du cheminement accessible où un choix d'itinéraire est donné à l'usager. Les éléments de signalisation doivent répondre aux exigences définies à l'annexe 3. 2° Caractéristiques dimensionnelles : a) Profil en long : Le cheminement accessible doit être horizontal et sans ressaut. Lorsqu'une dénivellation ne peut être évitée, un plan incliné de pente inférieure ou égale à 5 % doit être aménagé afin de la franchir. Les valeurs de pentes suivantes sont tolérées exceptionnellement : - jusqu'à 8 % sur une longueur inférieure ou égale à 2 m ; - jusqu'à 10 % sur une longueur inférieure ou égale à 0,50 m. Un palier de repos est nécessaire en haut et en bas de chaque plan incliné quelle qu'en soit la longueur. En cas de plan incliné de pente supérieure ou égale à 4 %, un palier de repos est nécessaire tous les 10 m. Les caractéristiques dimensionnelles du palier sont définies à l'annexe 2. Lorsqu'il ne peut être évité, un faible écart de niveau peut être traité par un ressaut à bord arrondi ou muni d'un chanfrein et dont la hauteur doit être inférieure ou égale à 2 cm. Cette hauteur maximale peut toutefois être portée à 4 cm si le ressaut comporte sur toute sa hauteur une pente ne dépassant pas 33 %. La distance minimale entre deux ressauts successifs est de 2,50 m. Un plan incliné ne présente pas de ressaut, ni en haut ni en bas. Cette dernière disposition ne s'applique pas aux seuils de porte ni aux pas de portes. Les pentes comportant plusieurs ressauts successifs, dits « pas d'âne », sont interdites. b) Profil en travers : La largeur minimale du cheminement accessible doit être de 1,20 m libre de tout obstacle afin de faciliter les croisements. Lorsqu'un rétrécissement ponctuel ne peut être évité, la largeur minimale du cheminement peut, sur une faible longueur, être comprise entre 0,90 m et 1,20 m de manière à laisser le passage pour une personne en fauteuil roulant. Le cheminement doit être conçu et mis en œuvre de manière à éviter la stagnation d'eau. Lorsqu'un dévers est nécessaire, il doit être inférieur ou égal à 2 %. c) Espaces de manœuvre et d'usage pour les personnes circulant en fauteuil roulant : Un espace de manœuvre avec possibilité de demi-tour est nécessaire en chaque point du cheminement où un choix d'itinéraire est donné à l'usager, ainsi que devant les portes d'entrée desservies par un cheminement accessible qui comportent un système de contrôle d'accès. Un espace de manœuvre de porte est nécessaire de part et d'autre de chaque porte ou portillon situé le long du cheminement, à l'exception de ceux ouvrant uniquement sur un escalier. Un espace d'usage est nécessaire devant chaque équipement ou aménagement situé le long du cheminement afin d'en permettre l'atteinte et l'usage. Les caractéristiques dimensionnelles de ces différents espaces sont définies à l'annexe 2. 3° Sécurité d'usage : Le sol ou le revêtement de sol du cheminement accessible doit être non meuble, non glissant, non réfléchissant et sans obstacle à la roue. Les trous et fentes situés dans le sol du cheminement doivent avoir une largeur ou un diamètre inférieur ou égal à 2 cm. Le cheminement accessible doit être libre de tout obstacle. Afin d'être repérables, les éléments éventuels qui ne peuvent pas être disposés en dehors du cheminement doivent répondre aux exigences suivantes : - s'ils sont suspendus au-dessus du cheminement, laisser un passage libre d'au moins 2,20 m de hauteur au-dessus du sol ; - s'ils sont implantés en dessous de 2,20 m et en saillie latérale de plus de 15 cm sur le cheminement, prévoir un dispositif de détection permettant de prévenir du danger de choc. Ce dispositif de détection est situé dans la zone de balayage d'une canne blanche, est contrasté par rapport à son environnement immédiat, présente des angles arrondis et ne présente pas d'arête vive. Les caractéristiques techniques de ce dispositif sont décrites en annexe 4. Lorsqu'un escalier est situé dans un espace de circulation, la partie située en dessous de 2,20 m, si elle n'est pas fermée, doit être visuellement contrastée, comporter un rappel tactile au sol et être réalisée de manière à prévenir les dangers de chocs pour des personnes aveugles ou malvoyantes. Les parois vitrées situées sur les cheminements accessibles ou en bordure immédiate de ceux-ci doivent être repérables par des personnes de toutes tailles à l'aide d'éléments visuels contrastés par rapport à l'environnement immédiat et visibles de part et d'autre de la paroi. Le cheminement doit comporter un dispositif d'éclairage répondant aux exigences définies à l'article 10. Toute volée d'escalier comportant trois marches ou plus doit être munie de mains courantes telle que définie au 3 de l'article 6-1. Concernant les projets de bâtiments d'habitation collectifs et d'ensembles résidentiels, toute volée d'escalier doit répondre aux exigences applicables aux escaliers des parties communes visées au 1 et au 2 de l'article 6-1 à l'exception de la disposition concernant l'éclairage. Concernant les projets de bâtiments d'habitation collectifs et d'ensembles résidentiels, afin de pouvoir être détectés par les personnes aveugles ou malvoyantes, le mobilier, les bornes et les poteaux respectent les dispositions de l'annexe 5. Lorsqu'un cheminement accessible croise un itinéraire emprunté par des véhicules, la covisibilité entre les conducteurs des véhicules et les piétons est garantie afin de permettre à chacun de pouvoir évaluer la possibilité de franchir le croisement sans risque de collision. Pour cela, le cheminement comporte au droit de ce croisement : - un élément permettant l'éveil de la vigilance des piétons respectant les dispositions décrites en annexe 6 ; - un marquage au sol et une signalisation indique également aux conducteurs des véhicules qu'ils croisent un cheminement pour piétons ; - si nécessaire, un dispositif complétant voire élargissant le champ de vision. Lorsque le cheminement est bordé à une distance inférieure à 0,90 m par une rupture de niveau vers le bas d'une hauteur de plus de 0,25 m, un dispositif de protection doit être implanté afin d'éviter les chutes.",8799
https://w3id.org/semleg/legimaintlex/resource/document/arrete-du-24-decembre-2015-relatif-a-l-accessibilite-aux-personnes-handicapees-d-663ffd73377b/article/article-JORFTEXT000031692481-292,article-JORFTEXT000031692481-292,https://w3id.org/semleg/legimaintlex/resource/document/arrete-du-24-decembre-2015-relatif-a-l-accessibilite-aux-personnes-handicapees-d-663ffd73377b,JORFTEXT000031692481,,['Accessibilité handicapés'],2015-12-24,https://w3id.org/semleg/legimaintlex/resource/document/arrete-du-24-decembre-2015-relatif-a-l-accessibilite-aux-personnes-handicapees-d-663ffd73377b/article/article-JORFTEXT000031692481-292/content,"Dispositions relatives aux accès aux bâtiments. I. - Usages attendus : Le niveau d'accès principal au bâtiment pour les occupants et les visiteurs doit être accessible en continuité avec le cheminement extérieur accessible. La porte palière d'un logement superposé, non accessible à un utilisateur de fauteuil roulant, selon les conditions de l' article R.* 111-18-5 du code de la construction et de l'habitation , peut être installée soit en haut soit en bas de l'escalier le desservant. Tout dispositif visant à permettre ou restreindre l'accès au bâtiment ou à se signaler à un occupant doit pouvoir être repéré, atteint et utilisé par une personne handicapée. Lorsqu'un dispositif permet une communication entre visiteur et occupant, il doit permettre à une personne handicapée occupante d'entrer en communication avec le visiteur. Dans les bâtiments d'habitation collectifs, les boîtes aux lettres et l'affichage du nom des occupants, lorsqu'il est prévu, sont situés au niveau de l'accès principal du bâtiment ou de l'ensemble résidentiel. II. - Caractéristiques minimales : Pour l'application du I, l'accès au bâtiment doit répondre aux dispositions suivantes : 1° Repérage : Les entrées principales du bâtiment doivent être facilement repérables par des éléments architecturaux ou par un traitement utilisant des matériaux différents ou visuellement contrastés. S'il est prévu, le numéro ou la dénomination du bâtiment est situé dans le champ visuel et à proximité immédiate de l'accès au terrain et de l'entrée du bâtiment à usage d'habitation. Il respecte les dispositions de l'annexe 3. Tout dispositif visant à permettre ou restreindre l'accès au bâtiment ou à se signaler à un occupant, notamment le portier d'immeuble et le bouton de déverrouillage de la porte, doit être facilement repérable par un contraste visuel et tactile par rapport à son environnement et une signalétique répondant aux exigences définies à l'annexe 3, et ne doit pas être situé dans une zone sombre. 2° Atteinte et usage : Les dispositifs de commande des systèmes de contrôle d'accès ou de communication entre visiteurs et occupants et les systèmes d'ouverture des portes doivent être situés : - à plus de 0,40 m d'un angle rentrant de parois ou de tout autre obstacle à l'approche d'un fauteuil roulant ; - à une hauteur comprise entre 0,90 m et 1,30 m ; - au droit d'un espace d'usage dont les caractéristiques dimensionnelles sont définies à l'annexe 2. Le système d'ouverture des portes doit être utilisable en position « debout » comme en position « assis ». Lorsqu'il existe un dispositif de déverrouillage électrique, il doit permettre à une personne à mobilité réduite d'atteindre la porte et d'entamer la manoeuvre d'ouverture avant que la porte ne soit à nouveau verrouillée. Tout signal lié au fonctionnement des dispositifs d'accès doit être sonore et visuel. Les appareils d'interphonie sont complétés par un système d'acheminement de l'image jusqu'au logement de nature à permettre à un occupant de visualiser ses visiteurs. Les combinés sont équipés d'une boucle magnétique respectant les dispositions décrites en annexe 7 permettant l'amplification par une prothèse auditive. Les spécifications de la norme NF EN 60118-4:2007 sont réputées satisfaire à ces exigences. Les appareils à menu déroulant doivent permettre l'appel direct par un code. Afin d'être lisible par une personne malvoyante, toute information doit répondre aux exigences définies à l'annexe 3.",3467
https://w3id.org/semleg/legimaintlex/resource/document/arrete-du-24-decembre-2015-relatif-a-l-accessibilite-aux-personnes-handicapees-d-663ffd73377b/article/article-JORFTEXT000031692481-293,article-JORFTEXT000031692481-293,https://w3id.org/semleg/legimaintlex/resource/document/arrete-du-24-decembre-2015-relatif-a-l-accessibilite-aux-personnes-handicapees-d-663ffd73377b,JORFTEXT000031692481,,['Accessibilité handicapés'],2015-12-24,https://w3id.org/semleg/legimaintlex/resource/document/arrete-du-24-decembre-2015-relatif-a-l-accessibilite-aux-personnes-handicapees-d-663ffd73377b/article/article-JORFTEXT000031692481-293/content,"Dispositions relatives aux équipements et aux dispositifs de commande et de service des parties communes. I. - Usages attendus : Les équipements, les dispositifs de commande et de service situés sur les cheminements extérieurs ainsi que dans les parties communes doivent pouvoir être repérés, atteints et utilisés par les personnes handicapées. La disposition des équipements ne doit pas créer d'obstacle ou de danger pour les personnes ayant une déficience visuelle. II. - Caractéristiques minimales : Pour satisfaire aux exigences du I, les équipements et dispositifs destinés à l'usage des occupants ou des visiteurs, notamment les boîtes aux lettres, les commandes d'éclairage et les systèmes de contrôle d'accès ou de communication entre visiteurs et occupants, doivent répondre aux dispositions suivantes : 1° Repérage : Ces équipements et dispositifs doivent être repérables grâce notamment à un éclairage particulier ou à un contraste visuel. Les commandes d'éclairages doivent être visibles de jour comme de nuit et ne sont pas à effleurement. 2° Atteinte et usage : Ces équipements et dispositifs de commande doivent être situés : - à plus de 0,40 m d'un angle rentrant de parois ou de tout autre obstacle à l'approche d'un fauteuil roulant ; - à une hauteur comprise entre 0,90 m et 1,30 m ; - au droit d'un espace d'usage dont les caractéristiques dimensionnelles sont définies à l'annexe 2. Toutefois, s'agissant des ensembles de boîtes aux lettres normalisées, cette obligation ne concerne que 30 % d'entre elles avec un minimum d'une boîte aux lettres.",1567
https://w3id.org/semleg/legimaintlex/resource/document/arrete-du-24-decembre-2015-relatif-a-l-accessibilite-aux-personnes-handicapees-d-663ffd73377b/article/article-JORFTEXT000031692481-294,article-JORFTEXT000031692481-294,https://w3id.org/semleg/legimaintlex/resource/document/arrete-du-24-decembre-2015-relatif-a-l-accessibilite-aux-personnes-handicapees-d-663ffd73377b,JORFTEXT000031692481,,['Accessibilité handicapés'],2015-12-24,https://w3id.org/semleg/legimaintlex/resource/document/arrete-du-24-decembre-2015-relatif-a-l-accessibilite-aux-personnes-handicapees-d-663ffd73377b/article/article-JORFTEXT000031692481-294/content,"Dispositions relatives aux portes et aux sas des parties communes. I. - Usages attendus : Toutes les portes situées sur les cheminements extérieurs donnant sur les parties communes ou à l'intérieur des parties communes doivent permettre le passage des personnes handicapées et pouvoir être manœuvrées par des personnes ayant des capacités physiques réduites, y compris en cas de système d'ouverture complexe. Les portes comportant une partie vitrée doivent pouvoir être repérées par les personnes malvoyantes de toutes tailles et ne pas créer de gêne visuelle. Les sas doivent permettre la manœuvre et le passage des portes par les personnes handicapées. II. - Caractéristiques minimales : Pour satisfaire aux exigences du I, ces portes doivent répondre aux dispositions suivantes : 1° Caractéristiques dimensionnelles : Les portes et portillons doivent avoir une largeur nominale minimale de 0,90 m, correspondant à une largeur de passage utile minimale de 0,83 m. Dans le cas de portes à plusieurs vantaux, le vantail couramment utilisé doit respecter cette exigence. Le cas échéant, les portes des caves, des celliers et les portes intérieures des locaux communs des ensembles résidentiels doivent avoir une largeur minimale de 0,80 m correspondant à une largeur de passage utile minimale de 0,77 m. S'il ne peut être évité, la hauteur maximale du ressaut dû au seuil est de 2 cm. Un espace de manœuvre de porte dont les caractéristiques dimensionnelles sont définies à l'annexe 2 est nécessaire devant chaque porte, à l'exception de celles ouvrant uniquement sur un escalier. Les sas situés dans les parties communes doivent être tels que : - à l'intérieur du sas, un espace de manœuvre de porte existe devant chaque porte, hors débattement éventuel de la porte non manœuvrée ; - à l'extérieur du sas, un espace de manœuvre de porte existe devant chaque porte. Les caractéristiques dimensionnelles de ces espaces sont définies à l'annexe 2. 2° Atteinte et usage : Les poignées de porte doivent être facilement préhensibles et manœuvrables en position « debout » comme « assis » ainsi que par une personne ayant des difficultés à saisir et à faire un geste de rotation du poignet. L'extrémité des poignées des portes, à l'exception de celles ouvrant uniquement sur un escalier, doit être située à plus de 0,40 m d'un angle rentrant de parois ou de tout autre obstacle à l'approche d'un fauteuil roulant. Lorsqu'un tableau de porte présente un angle rentrant par rapport à la porte du fait de son épaisseur, celle-ci est limitée de sorte à ce que la porte puisse être manœuvrée par une personne en fauteuil roulant. Les serrures doivent être situées à plus de 0,30 m d'un angle rentrant de parois ou de tout autre obstacle à l'approche d'un fauteuil roulant. Lorsqu'une porte est à ouverture automatique, la durée d'ouverture doit permettre le passage de personnes à mobilité réduite. Lorsqu'une porte comporte un système d'ouverture électrique, le déverrouillage doit être signalé par un signal sonore et lumineux. L'effort nécessaire pour ouvrir la porte doit être inférieur ou égal à 50 N, que la porte soit ou non équipée d'un dispositif de fermeture automatique. 3° Sécurité d'usage : Les portes comportant une partie vitrée importante doivent être repérables ouvertes comme fermées à l'aide d'éléments visuels contrastés par rapport à l'environnement immédiat et visibles de part et d'autre de la paroi.",3411
https://w3id.org/semleg/legimaintlex/resource/document/arrete-du-24-decembre-2015-relatif-a-l-accessibilite-aux-personnes-handicapees-d-663ffd73377b/article/article-JORFTEXT000031692481-295,article-JORFTEXT000031692481-295,https://w3id.org/semleg/legimaintlex/resource/document/arrete-du-24-decembre-2015-relatif-a-l-accessibilite-aux-personnes-handicapees-d-663ffd73377b,JORFTEXT000031692481,,['Accessibilité handicapés'],2015-12-24,https://w3id.org/semleg/legimaintlex/resource/document/arrete-du-24-decembre-2015-relatif-a-l-accessibilite-aux-personnes-handicapees-d-663ffd73377b/article/article-JORFTEXT000031692481-295/content,"Dispositions relatives aux caractéristiques de base des logements. I. - Usages attendus : A chaque niveau où se trouvent des logements, les circulations, les portes d'entrée et les portes intérieures doivent offrir des caractéristiques minimales d'accessibilité pour les personnes handicapées. Les dispositifs de commande doivent y être aisément repérables, détectables et utilisables par ces personnes. II. - Caractéristiques minimales : Tous les logements doivent présenter les caractéristiques de base suivantes : 1° Caractéristiques dimensionnelles : La largeur minimale des circulations intérieures doit être de 0,90 m. La porte d'entrée doit avoir une largeur nominale minimale de 0,90 m correspondant à une largeur de passage utile minimale de 0,83 m. Dans le cas de portes à plusieurs vantaux, le vantail couramment utilisé doit respecter cette exigence. La largeur nominale minimale des portes intérieures doit être de 0,80 m correspondant à une largeur de passage utile minimale de 0,77 m. Dans le cas de portes à plusieurs vantaux, le vantail couramment utilisé doit respecter cette exigence. S'il ne peut être évité, le ressaut dû au seuil doit comporter au moins un bord arrondi ou muni d'un chanfrein, et sa hauteur maximale doit être de 2 cm. 2° Atteinte et usage : La poignée de la porte d'entrée doit être facilement préhensible. Tous les dispositifs de commande, y compris les dispositifs d'arrêt d'urgence, les dispositifs de manœuvre des fenêtres et portes-fenêtres ainsi que des systèmes d'occultation extérieurs commandés de l'intérieur doivent être : - situés à une hauteur comprise entre 0,90 m et 1,30 m du sol ; - manœuvrables en position « debout » comme en position « assis ». Les dispositions relatives à la position des dispositifs de manœuvre de fenêtre ne s'appliquent pas lorsque les fenêtres sont situées au-dessus d'un mobilier ou d'un équipement fixe dès lors que le système de ventilation respecte la réglementation de ventilation et d'aération en vigueur. Un interrupteur de commande d'éclairage doit être situé en entrée de chaque pièce. Pour chaque pièce de l'unité de vie telle que définie à l'article 13 du présent arrêté : - une prise de courant est disposée à proximité immédiate de l'interrupteur de commande d'éclairage situé en entrée de la pièce ; - une prise d'alimentation électrique par local peut être située à une hauteur supérieure à 1,30 m du sol. Les autres prises d'alimentation électrique, à l'exception des prises alimentant des équipements fixes par nature (de hotte de cuisine, ballon d'eau chaude, etc.), les prises d'antenne et de téléphone ainsi que les branchements divers imposés par les normes et règlements applicables doivent être situés à une hauteur inférieure ou égale à 1,30 m du sol.",2757
https://w3id.org/semleg/legimaintlex/resource/document/arrete-du-24-decembre-2015-relatif-a-l-accessibilite-aux-personnes-handicapees-d-663ffd73377b/article/article-JORFTEXT000031692481-296,article-JORFTEXT000031692481-296,https://w3id.org/semleg/legimaintlex/resource/document/arrete-du-24-decembre-2015-relatif-a-l-accessibilite-aux-personnes-handicapees-d-663ffd73377b,JORFTEXT000031692481,,['Accessibilité handicapés'],2015-12-24,https://w3id.org/semleg/legimaintlex/resource/document/arrete-du-24-decembre-2015-relatif-a-l-accessibilite-aux-personnes-handicapees-d-663ffd73377b/article/article-JORFTEXT000031692481-296/content,"Dispositions relatives à l'éclairage des parties communes. I. - Usages attendus : La qualité de l'éclairage, artificiel ou naturel, des circulations communes intérieures et extérieures doit être telle que l'ensemble du cheminement est traité sans créer de gêne visuelle. Les parties du cheminement qui peuvent être source de perte d'équilibre, les dispositifs d'accès et les informations fournies par la signalétique font l'objet d'une qualité d'éclairage renforcée. Les locaux collectifs font l'objet d'un éclairage suffisant. II. - Caractéristiques minimales : Pour satisfaire aux exigences du I, le dispositif d'éclairage artificiel doit répondre aux dispositions suivantes : Il permet d'assurer des valeurs d'éclairement moyen horizontal mesurées au sol le long du parcours usuel de circulation en tenant compte des zones de transition entre les tronçons d'un parcours, d'au moins : 20 lux pour le cheminement extérieur accessible, les escaliers extérieurs, les coursives, les locaux communs non couverts ainsi que les parcs de stationnement et leurs circulations piétonnes accessibles ; 100 lux pour les circulations intérieures horizontales ; 150 lux pour chaque escalier intérieur ; 100 lux à l'intérieur des locaux collectifs couverts. En extérieur, lorsqu'une activation automatique du dispositif d'éclairage existe, ces valeurs d'éclairement sont assurées par un asservissement de l'installation d'éclairage sur l'éclairage naturel tel qu'un détecteur crépusculaire. L'installation peut également être reliée à un détecteur de présence. Lorsque la durée de fonctionnement du système d'éclairage est temporisée, l'extinction doit être progressive pour prévenir de l'extinction imminente du système d'éclairage. Dans le cas d'un fonctionnement par détection de présence, la détection doit couvrir l'ensemble de l'espace concerné et deux zones de détection successives doivent obligatoirement se chevaucher, à l'exception du cas des escaliers hélicoïdaux. La mise en œuvre des points lumineux doit éviter tout effet d'éblouissement direct des usagers en position debout comme assise ou de reflet sur la signalétique.",2123
https://w3id.org/semleg/legimaintlex/resource/document/arrete-du-24-decembre-2015-relatif-a-l-accessibilite-aux-personnes-handicapees-d-663ffd73377b/article/article-JORFTEXT000031692481-297,article-JORFTEXT000031692481-297,https://w3id.org/semleg/legimaintlex/resource/document/arrete-du-24-decembre-2015-relatif-a-l-accessibilite-aux-personnes-handicapees-d-663ffd73377b,JORFTEXT000031692481,,['Accessibilité handicapés'],2015-12-24,https://w3id.org/semleg/legimaintlex/resource/document/arrete-du-24-decembre-2015-relatif-a-l-accessibilite-aux-personnes-handicapees-d-663ffd73377b/article/article-JORFTEXT000031692481-297/content,"Dispositions relatives aux circulations intérieures verticales des parties communes. Les locaux collectifs et les parties communes affectés aux logements doivent offrir des caractéristiques minimales permettant aux personnes handicapées d'y accéder. Toute dénivellation des circulations horizontales supérieure ou égale à 1,20 m détermine un niveau décalé considéré comme un étage. Lorsque le bâtiment comporte un ascenseur, tous les étages comportant des logements ou des locaux collectifs, et en particulier les caves, celliers et parcs de stationnement, doivent être desservis. Lorsque l'ascenseur ou l'escalier n'est pas visible depuis l'entrée ou le hall du niveau d'accès au bâtiment, il doit y être repéré par une signalisation adaptée répondant aux exigences définies à l'annexe 3. Lorsqu'il existe plusieurs ascenseurs ou escaliers desservant de façon sélective les différents niveaux, cette signalisation doit aider l'usager à choisir l'ascenseur ou l'escalier qui lui convient. Pour les ascenseurs, cette information doit figurer également à proximité des commandes d'appel. L'installation ultérieure d'un ascenseur répondant aux exigences définies à l'article 6.2 dans une partie de bâtiment comprenant plus de quinze logements situés en étages au-dessus ou au-dessous du rez-de-chaussée peut être réalisée à l'intérieur ou à l'extérieur du bâtiment. Dans les deux cas, le principe d'installation doit être prévu dès la construction du bâtiment ou de la partie de bâtiment. Le numéro ou la dénomination de chaque étage est installé sur chaque palier d'ascenseur, à proximité de l'ascenseur, par une signalétique en relief visuellement contrastée par rapport à son environnement immédiat et fixée de telle sorte qu'une personne présentant une déficience visuelle puisse détecter sa signification par le toucher. 6.1. Escaliers. I. - Usages attendus : Tous les escaliers situés dans les parties communes doivent pouvoir être utilisés en sécurité par les personnes handicapées y compris lorsqu'une aide appropriée est nécessaire. La sécurité des personnes doit être assurée par des aménagements ou équipements facilitant notamment le repérage des obstacles et l'équilibre tout au long de l'escalier. II. - Caractéristiques minimales : Les escaliers doivent répondre aux dispositions suivantes, que le bâtiment comporte ou non un ascenseur : 1° Caractéristiques dimensionnelles : La largeur minimale entre mains courantes ou lorsqu'une seule main courante est installée entre la main courante et le fût central doit être de 1,00 m. Les marches doivent répondre aux exigences suivantes : - hauteur inférieure ou égale à 17 cm ; - largeur du giron supérieure ou égale à 28 cm. 2° Sécurité d'usage : En haut de l'escalier, un revêtement de sol doit permettre l'éveil de la vigilance à une distance de 0,50 m de la première marche grâce à un contraste visuel et tactile. Cette disposition ne s'applique pas aux paliers intermédiaires des escaliers droits munis de mains courantes continues sur ces paliers. Cette distance peut être réduite à un giron de la première marche de l'escalier lorsque les dimensions de celui-ci ne permettent pas une installation efficace du dispositif à 0,50 m. La première et la dernière marche doivent être pourvues d'une contremarche d'une hauteur minimale de 0,10 m, visuellement contrastée par rapport à la marche. Les nez de marches doivent répondre aux exigences suivantes : - être contrastés visuellement par rapport au reste de l'escalier sur au moins 3 cm en horizontal ; - être non glissants ; - ne pas présenter de débord excessif par rapport à la contremarche. L'escalier doit comporter un dispositif d'éclairage répondant aux exigences définies à l'article 10. 3° Atteinte et usage : L'escalier, quelle que soit sa conception, doit comporter une main courante de chaque côté. Ces mains courantes peuvent être regroupées au milieu de l'escalier lorsque sa largeur le permet, notamment pour les cheminements extérieurs. Dans les escaliers à fût central de diamètre inférieur ou égal à 0,40 m, une seule main courante est exigée. Toute main courante doit répondre aux exigences suivantes : - être située à une hauteur comprise entre 0,80 m et 1,00 m. Toutefois, lorsqu'un garde-corps tient lieu de main courante, celle-ci devra être située pour des motifs de sécurité à la hauteur minimale requise pour le garde-corps ; - se prolonger horizontalement de la longueur d'une marche au-delà de la première et de la dernière marche de chaque volée sans pour autant créer d'obstacle au niveau des circulations horizontales. Dans les escaliers à fût central, cette disposition ne s'applique pas à la main courante côté fût si celle-ci présente un contraste tactile permettant à une personne présentant une déficience visuelle de détecter la présence d'un palier ; - être continue, rigide et facilement préhensible. Dans les escaliers à fût central, une discontinuité de la main courante est autorisée côté mur dès lors que celle-ci permet son utilisation sans danger et que sa longueur est inférieure à 0,10 m ; - être différenciée de la paroi support grâce à un éclairage particulier ou à un contraste visuel. 6.2. Ascenseurs. I. - Usages attendus : Tous les ascenseurs doivent pouvoir être utilisés par les personnes handicapées. Les caractéristiques et la disposition des commandes extérieures et intérieures à la cabine doivent, notamment, permettre leur repérage et leur utilisation par ces personnes. Dans les ascenseurs, des dispositifs doivent permettre, d'une part, de s'appuyer et, d'autre part, de recevoir par des moyens adaptés les informations liées aux mouvements de la cabine, aux étages desservis et au système d'alarme. II. - Caractéristiques minimales : 1. S'il est procédé à l'installation d'un ascenseur, celui-ci respecte les dispositions décrites au I précédent. Les spécifications de la norme NF EN 81-70:2003 sont réputées satisfaire à ces exigences. Les ascenseurs sont de type 2 ou 3. Néanmoins, en cas de contraintes particulières liées à la faible superficie de la parcelle résultant notamment de l'environnement du bâtiment, des caractéristiques du terrain et de la présence de constructions existantes, un ascenseur de type 1 peut être installé. Un ascenseur peut desservir un établissement recevant du public et un ou plusieurs logements situés dans le même bâtiment. Le système de contrôle d'accès répond aux caractéristiques minimales décrites au II de l'article 4. 2. Un appareil élévateur vertical peut être installé dans les cas suivants : - le bâtiment est situé dans une zone où un plan de prévention du risque inondation tel que prévu par le code de l'environnement ou la topographie du terrain ne permet pas l'aménagement d'un cheminement accessible ou ne garantit pas l'accessibilité de l'entrée du bâtiment ; - à l'intérieur d'un bâtiment à usage d'habitation. a) Le choix du type de matériel se fait en fonction de la hauteur de course : - un appareil élévateur vertical avec nacelle et sans gaine peut être installé jusqu'à une hauteur de 0,50 m ; - un appareil élévateur vertical avec nacelle, gaine et portillon peut être installé jusqu'à une hauteur de 1,20 m ; - un appareil élévateur vertical avec gaine fermée et avec porte peut être installé jusqu'à une hauteur de 3,20 m. Un appareil élévateur satisfait aux règles de sécurité en vigueur. Notamment, un dispositif de protection empêche l'accès sous un appareil sans gaine lorsque celui-ci est en position haute. b) Un appareil élévateur vertical respecte les caractéristiques minimales suivantes : - la plate-forme élévatrice a une dimension utile minimale de 0,90 m × 1,40 m dans le cas d'un service simple ou opposé ou de 1,10 m × 1,40 m dans le cas d'un service en angle ; - la plate-forme élévatrice peut soulever une charge de 250 kg/m2 correspondant à une masse de 315 kg pour une plate-forme de dimension 0,90 m × 1,40 m. La commande est positionnée de manière à être utilisable par une personne en fauteuil roulant. La commande d'appel d'un appareil élévateur vertical avec gaine fermée est à enregistrement. Elle est située hors du débattement de la porte et ne gêne pas la circulation. La porte ou le portillon d'entrée a une largeur nominale minimale de 0,90 m correspondant à une largeur minimale de passage utile de 0,83 m. Pour être installé jusqu'à une hauteur de 3,20 m, un appareil élévateur vertical avec gaine fermée et avec porte présente une vitesse nominale comprise entre 0,13 et 0,15 m/s. A l'intérieur d'un appareil élévateur vertical avec nacelle, les commandes à pression maintenue respectent les conditions suivantes : - l'inclinaison de leur support est comprise entre 30° et 45° par rapport à la verticale ; - la force de pression nécessaire pour activer les commandes doit être comprise entre 2 N et 5 N. L'usager est informé de la prise en compte de son appel.",8831
https://w3id.org/semleg/legimaintlex/resource/document/arrete-du-24-decembre-2015-relatif-a-l-accessibilite-aux-personnes-handicapees-d-663ffd73377b/article/article-JORFTEXT000031692481-298,article-JORFTEXT000031692481-298,https://w3id.org/semleg/legimaintlex/resource/document/arrete-du-24-decembre-2015-relatif-a-l-accessibilite-aux-personnes-handicapees-d-663ffd73377b,JORFTEXT000031692481,,['Accessibilité handicapés'],2015-12-24,https://w3id.org/semleg/legimaintlex/resource/document/arrete-du-24-decembre-2015-relatif-a-l-accessibilite-aux-personnes-handicapees-d-663ffd73377b/article/article-JORFTEXT000031692481-298/content,"Dispositions relatives aux travaux modificatifs de l'acquéreur. Pour permettre par des interventions limitées la remise du logement en l'état correspondant à l'application des articles 11 à 15 du présent arrêté, les travaux modificatifs de l'acquéreur permettant la réversibilité mentionnés au b du III de l'article R.* 111-18-2 du code de la construction et de l'habitation et au b du IV de l'article R.* 111-18-6 respectent les conditions suivantes : - être sans incidence sur les éléments de structure ; - ne pas nécessiter une intervention sur les chutes d'eau, sur les alimentations en fluide et sur les réseaux aérauliques situés à l'intérieur des gaines techniques appartenant aux parties communes du bâtiment ; - ne pas intégrer de modifications sur les canalisations d'alimentation en eau, d'évacuation d'eau et d'alimentation de gaz nécessitant une intervention sur les éléments de structure ; - ne pas porter sur les entrées d'air ; - ne pas conduire au déplacement du tableau électrique du logement. Le contrat de travaux modificatifs indique la nature des interventions nécessaires pour permettre la réversibilité du logement selon les règles décrites aux articles 11 à 15 du présent arrêté, en précisant notamment si une intervention sur l'installation électrique, les revêtements de sol, de mur et de plafond seront à réaliser dans le cadre de ces travaux de réversibilité, et ce sous peine de nullité du contrat.",1428
https://w3id.org/semleg/legimaintlex/resource/document/arrete-du-24-decembre-2015-relatif-a-l-accessibilite-aux-personnes-handicapees-d-663ffd73377b/article/article-JORFTEXT000031692481-299,article-JORFTEXT000031692481-299,https://w3id.org/semleg/legimaintlex/resource/document/arrete-du-24-decembre-2015-relatif-a-l-accessibilite-aux-personnes-handicapees-d-663ffd73377b,JORFTEXT000031692481,,['Accessibilité handicapés'],2015-12-24,https://w3id.org/semleg/legimaintlex/resource/document/arrete-du-24-decembre-2015-relatif-a-l-accessibilite-aux-personnes-handicapees-d-663ffd73377b/article/article-JORFTEXT000031692481-299/content,"Dispositions relatives aux circulations intérieures horizontales des parties communes. I. - Usages attendus : Les circulations intérieures horizontales doivent être accessibles et sans danger pour les personnes handicapées. Les principaux éléments structurants du cheminement doivent être repérables par les personnes ayant une déficience visuelle et facilement identifiables par les personnes ayant une déficience mentale. Lorsque le niveau d'accès principal comporte un niveau décalé de moins de 1,20 m avec des logements, des locaux collectifs, caves et celliers, ou des places de stationnement adaptées, ce niveau doit être desservi par un cheminement accessible. Les occupants handicapés doivent pouvoir accéder à l'ensemble des locaux collectifs, caves et celliers, qui sont situés à un niveau nécessairement desservi par un cheminement accessible. II. - Caractéristiques minimales : Les circulations intérieures horizontales doivent répondre aux exigences applicables au cheminement extérieur accessible visées à l'article 2, à l'exception des dispositions concernant : - l'aménagement d'espaces de manœuvre avec possibilité de demi-tour pour une personne circulant en fauteuil roulant ; - le repérage et le guidage ; - le passage libre sous les obstacles en hauteur mentionné au 3° du II de l'article 2, qui est réduit à 2 m dans les parcs de stationnement et les accès aux caves. Dans les parties communes, les portes ou leur encadrement, ainsi que les dispositifs d'ouverture ou de fermeture, sont contrastés par rapport à leur environnement immédiat. Lorsqu'il est prévu, le numéro ou la dénomination de chaque appartement est fixé sur la porte ou à proximité immédiate de celle-ci et à hauteur de vue. La signalétique des numéros ou dénominations de chaque appartement est identique à tous les étages. Elle présente un relief et elle est fixée de telle sorte qu'une personne présentant une déficience visuelle puisse détecter sa signification par le toucher.",1970
https://w3id.org/semleg/legimaintlex/resource/document/arrete-du-24-decembre-2015-relatif-a-l-accessibilite-aux-personnes-handicapees-d-663ffd73377b/article/article-JORFTEXT000031692481-300,article-JORFTEXT000031692481-300,https://w3id.org/semleg/legimaintlex/resource/document/arrete-du-24-decembre-2015-relatif-a-l-accessibilite-aux-personnes-handicapees-d-663ffd73377b,JORFTEXT000031692481,,['Accessibilité handicapés'],2015-12-24,https://w3id.org/semleg/legimaintlex/resource/document/arrete-du-24-decembre-2015-relatif-a-l-accessibilite-aux-personnes-handicapees-d-663ffd73377b/article/article-JORFTEXT000031692481-300/content,L'arrêté du 1er août 2006 fixant les dispositions prises pour l'application des articles R. 111-18 à R. 111-18-7 du code de la construction et de l'habitation relatives à l'accessibilité aux personnes handicapées des bâtiments d'habitation collectifs et des maisons individuelles lors de leur construction est abrogé à compter du 1er avril 2016.,345
https://w3id.org/semleg/legimaintlex/resource/document/arrete-du-24-decembre-2015-relatif-a-l-accessibilite-aux-personnes-handicapees-d-663ffd73377b/article/article-JORFTEXT000031692481-301,article-JORFTEXT000031692481-301,https://w3id.org/semleg/legimaintlex/resource/document/arrete-du-24-decembre-2015-relatif-a-l-accessibilite-aux-personnes-handicapees-d-663ffd73377b,JORFTEXT000031692481,,['Accessibilité handicapés'],2015-12-24,https://w3id.org/semleg/legimaintlex/resource/document/arrete-du-24-decembre-2015-relatif-a-l-accessibilite-aux-personnes-handicapees-d-663ffd73377b/article/article-JORFTEXT000031692481-301/content,"Dispositions relatives aux logements à occupation temporaire ou saisonnière dont la gestion et l'entretien sont organisés et assurés de façon permanente. L'article 2 de l'arrêté du 14 mars 2014 fixant les dispositions relatives à l'accessibilité des logements destinés à l'occupation temporaire ou saisonnière dont la gestion et l'entretien sont organisés et assurés de façon permanente est ainsi modifié : 1° Au deuxième alinéa, les mots : « l'arrêté du 1er août 2006 modifié fixant les dispositions prises pour l'application des articles R. 111-18 à R. 111-18-7 du code de la construction et de l'habitation relatives à l'accessibilité des personnes handicapées des bâtiments d'habitation collectifs et des maisons individuelles lors de leur construction » sont remplacés par les mots : « l'arrêté prévu au deuxième alinéa de l'article R.* 111-18-1 du code de la construction et de l'habitation » ; 2° Au troisième alinéa, les mots : « 18 à 22 » sont remplacés par les mots : « 2 à 10 » ; 3° Au troisième alinéa, les mots : « l'arrêté du 1er août 2006 modifié fixant les dispositions prises pour l'application des articles R. 111-18 à R. 111-18-7 du code de la construction et de l'habitation relatives à l'accessibilité des personnes handicapées des bâtiments d'habitation collectifs et des maisons individuelles lors de leur construction » sont remplacés par les mots : « l'arrêté prévu au deuxième alinéa du I de l'article R.* 111-18-6 du code de la construction et de l'habitation ».",1489
https://w3id.org/semleg/legimaintlex/resource/document/arrete-du-24-decembre-2015-relatif-a-l-accessibilite-aux-personnes-handicapees-d-663ffd73377b/article/article-JORFTEXT000031692481-302,article-JORFTEXT000031692481-302,https://w3id.org/semleg/legimaintlex/resource/document/arrete-du-24-decembre-2015-relatif-a-l-accessibilite-aux-personnes-handicapees-d-663ffd73377b,JORFTEXT000031692481,,['Accessibilité handicapés'],2015-12-24,https://w3id.org/semleg/legimaintlex/resource/document/arrete-du-24-decembre-2015-relatif-a-l-accessibilite-aux-personnes-handicapees-d-663ffd73377b/article/article-JORFTEXT000031692481-302/content,"Revêtements des sols, murs et plafonds des parties communes. I. - Usages attendus : Les revêtements de sols et les équipements situés sur le sol des cheminements des parties communes doivent être sûrs et permettre une circulation aisée des personnes handicapées. Les revêtements de sols, murs et plafonds ne doivent pas créer de gêne visuelle ou sonore pour les personnes ayant une déficience sensorielle. II. - Caractéristiques minimales : A cette fin, les dispositions suivantes doivent être respectées : - qu'ils soient posés ou encastrés, les tapis situés devant les portes d'accès au bâtiment et dans les halls doivent présenter la dureté nécessaire pour ne pas gêner la progression d'un fauteuil roulant. Ils ne doivent pas créer de ressaut de plus de 2 cm ; - l'aire d'absorption équivalente des revêtements et éléments absorbants disposés dans les halls et les circulations intérieures desservant des logements doit représenter au moins 25 % de la surface au sol de ces circulations. L'aire d'absorption équivalente A d'un revêtement absorbant est donnée par la formule : A = S × αW où S désigne la surface du revêtement absorbant et αw son indice d'évaluation unique de l'absorption acoustique.",1203
https://w3id.org/semleg/legimaintlex/resource/document/arrete-du-24-decembre-2015-relatif-a-l-accessibilite-aux-personnes-handicapees-d-663ffd73377b/article/article-JORFTEXT000031692481-303,article-JORFTEXT000031692481-303,https://w3id.org/semleg/legimaintlex/resource/document/arrete-du-24-decembre-2015-relatif-a-l-accessibilite-aux-personnes-handicapees-d-663ffd73377b,JORFTEXT000031692481,,['Accessibilité handicapés'],2015-12-24,https://w3id.org/semleg/legimaintlex/resource/document/arrete-du-24-decembre-2015-relatif-a-l-accessibilite-aux-personnes-handicapees-d-663ffd73377b/article/article-JORFTEXT000031692481-303/content,"Les dispositions du présent arrêté sont prises pour l'application des dispositions relatives aux bâtiments d'habitation collectifs et aux maisons individuelles correspondant respectivement aux articles R.* 111-18 à R.* 111-18-2 et R.* 111-18-4 à R.* 111-18-6 du code de la construction et de l'habitation pour l'accessibilité aux personnes handicapées, notamment physiques, sensorielles, cognitives, mentales ou psychiques. Les dispositions architecturales et les aménagements propres à assurer l'accessibilité des bâtiments d'habitation neufs et de leurs abords doivent satisfaire aux obligations définies aux articles 2 à 15. Les bâtiments faisant l'objet de travaux de modification, d'extension ou de travaux de création d'un bâtiment ou d'une partie de bâtiment par changement de destination doivent également satisfaire aux obligations définies aux articles 2 à 15 dans les conditions définies aux articles R.* 111-18-8 à R.* 111-18-10 du code de la construction et de l'habitation . Les dispositions des articles 11 à 16 ne s'appliquent pas aux logements destinés à une occupation temporaire ou saisonnière dont la gestion et l'entretien sont organisés et assurés de façon permanente mentionnés au II de l'article R.* 111-18-2 et à l' article R.* 111-18-6 du code de la construction et de l'habitation . Des solutions d'effet équivalent peuvent être mises en œuvre dès lors que celles-ci satisfont aux mêmes objectifs que les solutions prescrites par le présent arrêté. Lorsqu'une solution d'effet équivalent est mise en œuvre, le maître d'ouvrage transmet au représentant de l'Etat dans le département, préalablement aux travaux, les éléments permettant de vérifier que cette solution satisfait aux objectifs d'accessibilité. Ces éléments sont transmis en trois exemplaires sauf s'ils sont transmis par voie électronique. Le représentant de l'Etat notifie sa décision motivée, dans les trois mois qui suivent la réception des éléments, après avoir consulté la commission compétente en application de l'article R.* 111-19-30. A défaut de réponse de la commission dans un délai de deux mois à compter de la transmission de la demande d'avis, celui-ci est réputé favorable. A défaut de réponse du représentant de l'Etat dans le département dans le délai de trois mois à compter de la date à laquelle il a reçu la demande d'accord, celui-ci est réputé acquis. Les dispositions des articles 3 à 15 concernant les espaces de manœuvre avec possibilité de demi-tour, les espaces de manœuvre de porte et les espaces d'usage devant ou à l'aplomb des équipements ne s'appliquent pas : - pour les étages ou niveaux non accessibles aux personnes circulant en fauteuil roulant et non susceptibles de l'être ; - aux bâtiments d'habitation collectifs lorsqu'ils font l'objet de travaux et aux bâtiments existants où sont créés des logements par changement de destination, dès lors que l'accès au bâtiment ne permet pas à une personne en fauteuil roulant de le franchir. Cette impossibilité d'accès au bâtiment est avérée notamment si le bâtiment est uniquement accessible par une entrée présentant les caractéristiques suivantes : l'espace entre le bord de la chaussée et l'entrée du bâtiment présente à la fois une largeur de trottoir inférieure ou égale à 2,8 m, une pente longitudinale de trottoir supérieure ou égale à 5 % et une différence de niveaux d'une hauteur supérieure à 17 cm entre l'extérieur et l'intérieur du bâtiment. Les locaux et équipements collectifs concernés par le présent arrêté sont uniquement ceux dont l'accès est autorisé aux occupants des logements.",3570
https://w3id.org/semleg/legimaintlex/resource/document/arrete-du-24-decembre-2015-relatif-a-l-accessibilite-aux-personnes-handicapees-d-663ffd73377b/article/article-JORFTEXT000031692481-304,article-JORFTEXT000031692481-304,https://w3id.org/semleg/legimaintlex/resource/document/arrete-du-24-decembre-2015-relatif-a-l-accessibilite-aux-personnes-handicapees-d-663ffd73377b,JORFTEXT000031692481,,['Accessibilité handicapés'],2015-12-24,https://w3id.org/semleg/legimaintlex/resource/document/arrete-du-24-decembre-2015-relatif-a-l-accessibilite-aux-personnes-handicapees-d-663ffd73377b/article/article-JORFTEXT000031692481-304/content,Les dispositions des articles 1er à 15 s'appliquent aux demandes de permis de construire déposées à compter du 1er avril 2016. Les dispositions de l'article 16 s'appliquent aux contrats de travaux modificatifs conclus à compter du lendemain du jour de la publication du présent arrêté.,285
https://w3id.org/semleg/legimaintlex/resource/document/arrete-du-24-decembre-2015-relatif-a-l-accessibilite-aux-personnes-handicapees-d-663ffd73377b/article/article-JORFTEXT000031692481-305,article-JORFTEXT000031692481-305,https://w3id.org/semleg/legimaintlex/resource/document/arrete-du-24-decembre-2015-relatif-a-l-accessibilite-aux-personnes-handicapees-d-663ffd73377b,JORFTEXT000031692481,,['Accessibilité handicapés'],2015-12-24,https://w3id.org/semleg/legimaintlex/resource/document/arrete-du-24-decembre-2015-relatif-a-l-accessibilite-aux-personnes-handicapees-d-663ffd73377b/article/article-JORFTEXT000031692481-305/content,"Dispositions relatives aux caractéristiques des logements en rez-de-chaussée, desservis par ascenseur ou susceptibles de l'être. En plus des caractéristiques de base décrites à l'article 11, les logements situés au rez-de-chaussée ou en étages desservis ou pouvant être desservis par ascenseur doivent présenter les caractéristiques d'accessibilité et d'adaptabilité suivantes : I. - Usages attendus : L'unité de vie des logements est définie de la façon suivante : - l'unité de vie des logements concernés par le présent article et réalisés sur un seul niveau est constituée des pièces suivantes : la cuisine ou la partie du studio aménagée en cuisine, le séjour, une chambre ou la partie du studio aménagée en chambre, un cabinet d'aisances et une salle d'eau ; - dans le cas de logements réalisés sur plusieurs niveaux, le niveau d'accès au logement comporte au moins la cuisine ou la partie du studio aménagée en cuisine, le séjour, une chambre ou la partie du studio aménagée en chambre, un cabinet d'aisances et une salle d'eau. Dans le cas où le bâtiment est soumis à des contraintes liées aux caractéristiques de l'unité foncière ou aux règles d'urbanisme, l'unité de vie est composée de la façon suivante : le niveau d'accès au logement comporte au moins la cuisine ou la partie du studio aménagée en cuisine, le séjour aménageable en chambre, un cabinet d'aisances comportant un lavabo ainsi qu'une réservation dans le gros œuvre permettant l'installation ultérieure d'un appareil élévateur vertical pour desservir la chambre et la salle d'eau accessibles en étage. Après l'installation d'un appareil élévateur vertical, les dispositions architecturales du logement continuent de satisfaire aux règles du présent arrêté. II. - Caractéristiques minimales : 1° Caractéristiques dimensionnelles : Dès la construction, les caractéristiques suivantes doivent être respectées : Une personne dont le fauteuil roulant présente des caractéristiques dimensionnelles définies à l'annexe 1 doit pouvoir : - passer dans toutes les circulations intérieures des logements conduisant à une pièce de l'unité de vie ; - pénétrer dans toutes les pièces de l'unité de vie. La cuisine, ou la partie du studio aménagée en cuisine, doit offrir un passage d'une largeur minimale de 1,50 m entre les appareils ménagers installés ou prévisibles compte tenu des possibilités de branchement et d'évacuation, les meubles fixes et les parois, et ce hors du débattement de la porte. Ce passage peut empiéter partiellement sur : - l'espace de débattement d'une porte d'au maximum 25 cm ; - l'espace libre sous un évier d'au maximum 15 cm. Une chambre au moins doit offrir, en dehors du débattement de la porte et de l'emprise d'un lit de dimensions minimales 0,90 m × 1,90 m pour les logements conçus pour n'accueillir qu'une personne et de 1,40 m × 1,90 m sinon : - un espace libre d'au moins 1,50 m de diamètre. Un chevauchement partiel d'au maximum 25 cm est possible entre cet espace libre et l'espace de débattement d'une porte ; - un passage d'au moins 0,90 m sur les deux grands côtés du lit et un passage d'au moins 1,20 m sur le petit côté libre du lit, ou un passage d'au moins 1,20 m sur les deux grands côtés du lit et un passage d'au moins 0,90 m sur le petit côté libre du lit. Dans le cas d'un logement ne comportant qu'une pièce principale, le passage de 0,90 m n'est exigé que sur un grand côté, le lit pouvant être considéré accolé à une paroi. Une salle d'eau au moins doit offrir un espace libre d'au moins 1,50 m de diamètre. Cet espace peut empiéter partiellement sur : - l'espace de débattement d'une porte d'au maximum 25 cm ; - l'espace libre sous la vasque d'un lavabo d'au maximum 15 cm. Un cabinet d'aisances au moins doit offrir un espace libre accessible à une personne en fauteuil roulant d'au moins 0,80 m × 1,30 m latéralement à la cuvette et en dehors du débattement de la porte. A la livraison, cet espace peut être utilisé à d'autres fins, sous réserve que les travaux de réintégration de l'espace dans le cabinet d'aisances soient des travaux simples. 2° Atteinte et usage : L'extrémité de la poignée de la porte d'entrée doit être située à 0,40 m au moins d'un angle de paroi ou de tout autre obstacle à l'approche d'un fauteuil roulant. La serrure de la porte d'entrée doit être située à plus de 0,30 m d'un angle rentrant de parois ou de tout autre obstacle à l'approche d'un fauteuil roulant. A l'intérieur du logement, il doit exister devant la porte d'entrée un espace de manœuvre de porte dont les caractéristiques dimensionnelles sont définies à l'annexe 2.",4580
https://w3id.org/semleg/legimaintlex/resource/document/arrete-du-24-decembre-2015-relatif-a-l-accessibilite-aux-personnes-handicapees-d-663ffd73377b/article/article-JORFTEXT000031692481-306,article-JORFTEXT000031692481-306,https://w3id.org/semleg/legimaintlex/resource/document/arrete-du-24-decembre-2015-relatif-a-l-accessibilite-aux-personnes-handicapees-d-663ffd73377b,JORFTEXT000031692481,,['Accessibilité handicapés'],2015-12-24,https://w3id.org/semleg/legimaintlex/resource/document/arrete-du-24-decembre-2015-relatif-a-l-accessibilite-aux-personnes-handicapees-d-663ffd73377b/article/article-JORFTEXT000031692481-306/content,"Dispositions relatives aux escaliers des logements. I. - Usages attendus : A l'intérieur des logements réalisés sur plusieurs niveaux, tous les niveaux sont reliés par un escalier adapté aux personnes présentant un handicap visuel. Les escaliers doivent pouvoir être utilisés en sécurité par les personnes handicapées y compris lorsqu'une aide appropriée est nécessaire. La sécurité des personnes doit être assurée par des aménagements ou équipements facilitant notamment le repérage des obstacles et l'équilibre tout au long de l'escalier. II. - Caractéristiques minimales : Les escaliers adaptés doivent répondre aux dispositions suivantes : 1° Caractéristiques dimensionnelles : La largeur minimale de l'escalier doit être de 0,80 m. Lorsqu'une main courante empiète sur l'emmarchement de plus de 10 cm, la largeur de l'escalier se mesure à l'aplomb de la main courante. Les marches doivent être conformes aux exigences suivantes : - hauteur inférieure ou égale à 18 cm ; - largeur du giron supérieure ou égale à 24 cm. 2° Sécurité d'usage : L'escalier doit comporter un dispositif d'éclairage artificiel supprimant toute zone sombre, commandé aux différents niveaux desservis. 3° Atteinte et usage : Lorsqu'il est inséré entre parois pleines, l'escalier doit comporter au moins une main courante répondant aux exigences définies au 3° du II de l'article 6.1. En l'absence de paroi sur l'un ou l'autre des côtés de l'escalier, le garde-corps installé tient lieu de main courante. Les nez de marches ne doivent pas présenter de débord excessif par rapport à la contremarche.",1576
https://w3id.org/semleg/legimaintlex/resource/document/arrete-du-24-decembre-2015-relatif-a-l-accessibilite-aux-personnes-handicapees-d-663ffd73377b/article/article-JORFTEXT000031692481-307,article-JORFTEXT000031692481-307,https://w3id.org/semleg/legimaintlex/resource/document/arrete-du-24-decembre-2015-relatif-a-l-accessibilite-aux-personnes-handicapees-d-663ffd73377b,JORFTEXT000031692481,,['Accessibilité handicapés'],2015-12-24,https://w3id.org/semleg/legimaintlex/resource/document/arrete-du-24-decembre-2015-relatif-a-l-accessibilite-aux-personnes-handicapees-d-663ffd73377b/article/article-JORFTEXT000031692481-307/content,"Dispositions relatives à l'adaptabilité de la salle d'eau. I. - Usages attendus : Au sein des opérations de construction ayant fait l'objet d'une demande de permis de construire déposée à compter du 1er janvier 2008, au moins une salle d'eau doit être équipée de manière à ménager la possibilité d'installer une douche accessible. Lorsque la douche n'est pas installée dès l'origine, son aménagement ultérieur doit être possible sans intervention sur le gros œuvre en prévoyant dès la conception un volume suffisant et le positionnement des organes d'évacuation des eaux usées. Lorsque le logement comprend plusieurs salles d'eau, la salle d'eau ainsi équipée est située au niveau accessible. II. - Caractéristiques minimales : Pour répondre aux exigences décrites au précédent I, une salle d'eau accessible respecte les dispositions ci-dessous. Elle comprend un espace rectangulaire de dimensions minimales 0,90 m × 1,20 m dans lequel un receveur de douche peut être installé. Cet espace est accessible par un espace d'usage parallèle, situé au droit de son côté le plus grand. L'espace destiné à l'installation du receveur de douche s'inscrit dans un volume d'une hauteur minimale de 1,80 m. L'aménagement ultérieur de la douche accessible doit être possible sans modification du volume de la salle d'eau à l'exception de l'éventuelle réintégration des cabinets d'aisance tel que décrit au 1 du II de l'article 13. Le ressaut du bac de douche de la douche accessible doit être limité afin de permettre son accès en toute sécurité.",1532
https://w3id.org/semleg/legimaintlex/resource/document/arrete-du-24-decembre-2015-relatif-a-l-accessibilite-aux-personnes-handicapees-d-663ffd73377b/article/article-JORFTEXT000031692481-308,article-JORFTEXT000031692481-308,https://w3id.org/semleg/legimaintlex/resource/document/arrete-du-24-decembre-2015-relatif-a-l-accessibilite-aux-personnes-handicapees-d-663ffd73377b,JORFTEXT000031692481,,['Accessibilité handicapés'],2015-12-24,https://w3id.org/semleg/legimaintlex/resource/document/arrete-du-24-decembre-2015-relatif-a-l-accessibilite-aux-personnes-handicapees-d-663ffd73377b/article/article-JORFTEXT000031692481-308/content,"Dispositions relatives aux balcons, terrasses et loggias. I. - Usages attendus : Au sein des opérations de construction ayant fait l'objet d'une demande de permis de construire déposée à compter du 1er janvier 2008, tout balcon, loggia ou terrasse présentant une profondeur de plus de 60 cm et situé au niveau d'accès d'un logement situé en rez-de-chaussée, en étage desservi par un ascenseur ou pour lequel une desserte ultérieure par un ascenseur est prévue dès la construction, conformément aux troisième et quatrième alinéas de l'article R.* 111-5, doit posséder au moins un accès depuis une pièce de vie respectant les dispositions suivantes : II. - Caractéristiques minimales : 1° Caractéristiques dimensionnelles : La largeur minimale de l'accès doit être de 0,80 m. 2° Atteinte et usage : Afin de minimiser le ressaut dû au seuil de la porte-fenêtre : - la hauteur du seuil de la menuiserie doit être inférieure ou égale à 2 cm ; - la hauteur du rejingot doit être égale à la hauteur minimale admise par les règles de l'art en vigueur pour assurer la garde d'eau nécessaire. Le cheminement de la pièce intérieure vers l'espace extérieur est aménagé de plain-pied ou présente une différence de niveau limitée. 3° Franchissement du ressaut de l'intérieur du logement vers l'espace extérieur : a) Hauteur maximale du ressaut du côté intérieur Un faible écart de niveau entre la pièce intérieure et l'espace extérieur peut être traité par un ressaut à bord arrondi ou muni d'un chanfrein et dont la hauteur est inférieure ou égale à 2 cm. Cette hauteur peut être portée à 4 cm si le ressaut est muni d'un chanfrein dont la pente ne dépasse pas 33 %. Lorsqu'un écart de niveau supérieur à 4 cm ne peut être évité, cet écart ne saurait être supérieur à : 15 cm pour les balcons et les loggias ; 20 cm pour les terrasses, lorsque le logement est muni d'une chape flottante associée à une isolation ; 25 cm pour les terrasses, dans les autres cas. Le maître d'ouvrage indique dans la notice d'accessibilité du projet les raisons pour lesquelles cet écart ne peut être évité. Si l'écart est supérieur à 4 cm, le promoteur indique la différence de niveau sur le plan fourni à l'acquéreur et annexé à l'acte authentique de vente. b) Réservation d'un espace libre Pour l'un des balcons, terrasses ou loggias du logement au moins, lorsque la hauteur du ressaut mentionné au 3.1 est supérieure à 4 cm, un espace libre est prévu au droit d'au moins un des accès, pour permettre l'installation ultérieure d'une rampe amovible ou d'un appareil élévateur vertical. La largeur de l'espace est de 0,80 m et sa longueur est telle que l'on peut franchir le dénivelé grâce à une rampe qui présente la pente suivante : 10 % sur 2 m au plus ; 12 % sur 50 cm au plus ; 12 % sur toute la longueur de la rampe, dans le cas particulier d'une terrasse appartenant à un logement qui n'est pas muni d'une chape flottante associée à une isolation. c) Fourniture d'une rampe ou d'une marche amovibles Lorsque le logement est destiné à être occupé par une personne handicapée et à la demande de celle-ci, le promoteur fournit à l'acquéreur, en fonction de son besoin, une rampe ou une marche amovibles permettant l'accès au balcon, à la loggia ou à la terrasse. 4° Franchissement du ressaut de l'espace extérieur vers l'intérieur du logement Afin de limiter le ressaut du côté extérieur à une hauteur inférieure ou égale à 2 cm, un dispositif de mise à niveau du plancher, tel qu'un caillebotis, des dalles sur plots ou tout autre système équivalent, est installé dès la livraison. Pour le respect des règles de sécurité en vigueur, la hauteur du garde-corps est mesurée par rapport à la surface accessible.",3680
https://w3id.org/semleg/legimaintlex/resource/document/arrete-du-24-decembre-2015-relatif-a-l-entretien-professionnel-annuel-des-chefs-79d5f25f2958/article/article-JORFTEXT000031691162-273,article-JORFTEXT000031691162-273,https://w3id.org/semleg/legimaintlex/resource/document/arrete-du-24-decembre-2015-relatif-a-l-entretien-professionnel-annuel-des-chefs-79d5f25f2958,JORFTEXT000031691162,,['Accessibilité handicapés'],2015-12-24,https://w3id.org/semleg/legimaintlex/resource/document/arrete-du-24-decembre-2015-relatif-a-l-entretien-professionnel-annuel-des-chefs-79d5f25f2958/article/article-JORFTEXT000031691162-273/content,Les agents détachés sur des emplois relevant du décret du 9 janvier 2012 susvisé bénéficient chaque année d'un entretien professionnel dans les conditions prévues par le décret du 28 juillet 2010 susvisé ainsi que par le présent arrêté.,236
https://w3id.org/semleg/legimaintlex/resource/document/arrete-du-24-decembre-2015-relatif-a-l-entretien-professionnel-annuel-des-chefs-79d5f25f2958/article/article-JORFTEXT000031691162-274,article-JORFTEXT000031691162-274,https://w3id.org/semleg/legimaintlex/resource/document/arrete-du-24-decembre-2015-relatif-a-l-entretien-professionnel-annuel-des-chefs-79d5f25f2958,JORFTEXT000031691162,,['Accessibilité handicapés'],2015-12-24,https://w3id.org/semleg/legimaintlex/resource/document/arrete-du-24-decembre-2015-relatif-a-l-entretien-professionnel-annuel-des-chefs-79d5f25f2958/article/article-JORFTEXT000031691162-274/content,Le présent arrêté entre en vigueur le 1er janvier 2016. Les dispositions du présent arrêté sont applicables aux évaluations afférentes aux activités postérieures au 1er janvier 2015 pour les agents détachés dans les emplois relevant du décret du 9 janvier 2012 susvisé.,269
https://w3id.org/semleg/legimaintlex/resource/document/arrete-du-24-decembre-2015-relatif-a-l-entretien-professionnel-annuel-des-chefs-79d5f25f2958/article/article-JORFTEXT000031691162-275,article-JORFTEXT000031691162-275,https://w3id.org/semleg/legimaintlex/resource/document/arrete-du-24-decembre-2015-relatif-a-l-entretien-professionnel-annuel-des-chefs-79d5f25f2958,JORFTEXT000031691162,,['Accessibilité handicapés'],2015-12-24,https://w3id.org/semleg/legimaintlex/resource/document/arrete-du-24-decembre-2015-relatif-a-l-entretien-professionnel-annuel-des-chefs-79d5f25f2958/article/article-JORFTEXT000031691162-275/content,"La date de l'entretien professionnel est fixée par le supérieur hiérarchique direct et communiquée à l'agent au moins huit jours à l'avance. A cette occasion, le supérieur hiérarchique direct transmet au fonctionnaire sa fiche de poste ainsi que le support de l'entretien servant de base au compte rendu, qui figure en annexe du présent arrêté. Le compte rendu de l'entretien professionnel est établi et signé par le supérieur hiérarchique direct de l'agent. Il est communiqué à ce dernier qui le complète, le cas échéant, de ses observations. Il est ensuite visé par l'autorité hiérarchique compétente qui peut formuler, si elle l'estime utile, ses propres observations. Le compte rendu est notifié à l'agent qui le signe pour attester qu'il en a pris connaissance puis le retourne à l'autorité hiérarchique qui le verse à son dossier.",836
https://w3id.org/semleg/legimaintlex/resource/document/arrete-du-24-decembre-2015-relatif-a-la-notation-des-administrateurs-des-affaire-4fc8ef68b2c4/article/article-JORFTEXT000031733508-287,article-JORFTEXT000031733508-287,https://w3id.org/semleg/legimaintlex/resource/document/arrete-du-24-decembre-2015-relatif-a-la-notation-des-administrateurs-des-affaire-4fc8ef68b2c4,JORFTEXT000031733508,,['Accessibilité handicapés'],2015-12-24,https://w3id.org/semleg/legimaintlex/resource/document/arrete-du-24-decembre-2015-relatif-a-la-notation-des-administrateurs-des-affaire-4fc8ef68b2c4/article/article-JORFTEXT000031733508-287/content,"Les administrateurs des affaires maritimes et les professeurs de l'enseignement maritime sont notés sur un à trois degrés, conformément au tableau figurant en annexe du présent arrêté. Les directeurs de corps sont notateurs en dernier ressort.",243
https://w3id.org/semleg/legimaintlex/resource/document/arrete-du-24-decembre-2015-relatif-a-la-notation-des-administrateurs-des-affaire-4fc8ef68b2c4/article/article-JORFTEXT000031733508-288,article-JORFTEXT000031733508-288,https://w3id.org/semleg/legimaintlex/resource/document/arrete-du-24-decembre-2015-relatif-a-la-notation-des-administrateurs-des-affaire-4fc8ef68b2c4,JORFTEXT000031733508,,['Accessibilité handicapés'],2015-12-24,https://w3id.org/semleg/legimaintlex/resource/document/arrete-du-24-decembre-2015-relatif-a-la-notation-des-administrateurs-des-affaire-4fc8ef68b2c4/article/article-JORFTEXT000031733508-288/content,"La mise en œuvre du présent arrêté, qui entrera en vigueur le 1er janvier 2016, et les cas particuliers sont réglés par instructions conjointes de l'inspecteur général des affaires maritimes, de l'inspecteur général de l'enseignement maritime et du secrétaire général du ministère chargé de la mer.",298
https://w3id.org/semleg/legimaintlex/resource/document/arrete-du-24-decembre-2015-relatif-a-la-notation-des-administrateurs-des-affaire-4fc8ef68b2c4/article/article-JORFTEXT000031733508-289,article-JORFTEXT000031733508-289,https://w3id.org/semleg/legimaintlex/resource/document/arrete-du-24-decembre-2015-relatif-a-la-notation-des-administrateurs-des-affaire-4fc8ef68b2c4,JORFTEXT000031733508,,['Accessibilité handicapés'],2015-12-24,https://w3id.org/semleg/legimaintlex/resource/document/arrete-du-24-decembre-2015-relatif-a-la-notation-des-administrateurs-des-affaire-4fc8ef68b2c4/article/article-JORFTEXT000031733508-289/content,"Les dispositions de l'article 1er du présent arrêté ne font pas obstacle à l'inspection, par l'inspecteur général de l'enseignement maritime, des administrateurs des affaires maritimes et professeurs de l'enseignement maritime affectés à des missions d'enseignement à titre principal ou exclusif en application des dispositions de l'article 3 de l'arrêté du 31 juillet 2014 susvisé. Les notateurs en premier ressort des officiers concernés prennent en compte les appréciations de l'inspecteur général de l'enseignement maritime.",528
https://w3id.org/semleg/legimaintlex/resource/document/arrete-du-24-decembre-2015-relatif-aux-services-charges-d-exercer-les-missions-r-e8e2e9593f0d/article/article-JORFTEXT000031741277-282,article-JORFTEXT000031741277-282,https://w3id.org/semleg/legimaintlex/resource/document/arrete-du-24-decembre-2015-relatif-aux-services-charges-d-exercer-les-missions-r-e8e2e9593f0d,JORFTEXT000031741277,,['Accessibilité handicapés'],2015-12-24,https://w3id.org/semleg/legimaintlex/resource/document/arrete-du-24-decembre-2015-relatif-aux-services-charges-d-exercer-les-missions-r-e8e2e9593f0d/article/article-JORFTEXT000031741277-282/content,"Les services et antennes délocalisés relevant du secrétariat général pour l'administration du ministère de l'intérieur de la zone de défense et de sécurité de Paris ainsi que les unités de la gendarmerie nationale sur lesquelles le préfet, secrétaire général pour l'administration de la préfecture de police, exerce une autorité fonctionnelle sont fixés conformément au tableau annexé au présent arrêté.",403
https://w3id.org/semleg/legimaintlex/resource/document/arrete-du-24-decembre-2015-relatif-aux-services-charges-d-exercer-les-missions-r-e8e2e9593f0d/article/article-JORFTEXT000031741277-283,article-JORFTEXT000031741277-283,https://w3id.org/semleg/legimaintlex/resource/document/arrete-du-24-decembre-2015-relatif-aux-services-charges-d-exercer-les-missions-r-e8e2e9593f0d,JORFTEXT000031741277,,['Accessibilité handicapés'],2015-12-24,https://w3id.org/semleg/legimaintlex/resource/document/arrete-du-24-decembre-2015-relatif-aux-services-charges-d-exercer-les-missions-r-e8e2e9593f0d/article/article-JORFTEXT000031741277-283/content,"Un chargé de mission appartenant à un corps d'officiers de la gendarmerie nationale prévu au 2° de l'article 3 du décret du 6 mars 2014 susvisé est placé auprès du préfet, secrétaire général pour l'administration de la préfecture de police, pour l'assister dans l'exercice de ses missions effectuées au profit des unités de la gendarmerie nationale implantées dans la zone de défense et de sécurité de Paris.",408
https://w3id.org/semleg/legimaintlex/resource/document/arrete-du-24-decembre-2015-relatif-aux-services-charges-d-exercer-les-missions-r-e8e2e9593f0d/article/article-JORFTEXT000031741277-284,article-JORFTEXT000031741277-284,https://w3id.org/semleg/legimaintlex/resource/document/arrete-du-24-decembre-2015-relatif-aux-services-charges-d-exercer-les-missions-r-e8e2e9593f0d,JORFTEXT000031741277,,['Accessibilité handicapés'],2015-12-24,https://w3id.org/semleg/legimaintlex/resource/document/arrete-du-24-decembre-2015-relatif-aux-services-charges-d-exercer-les-missions-r-e8e2e9593f0d/article/article-JORFTEXT000031741277-284/content,"Dans le tableau annexé à l'arrêté du 14 novembre 2002 susvisé, les mentions relatives à la zone de défense et de sécurité de Paris sont abrogées.",145
https://w3id.org/semleg/legimaintlex/resource/document/arrete-du-24-decembre-2015-relatif-aux-services-charges-d-exercer-les-missions-r-e8e2e9593f0d/article/article-JORFTEXT000031741277-285,article-JORFTEXT000031741277-285,https://w3id.org/semleg/legimaintlex/resource/document/arrete-du-24-decembre-2015-relatif-aux-services-charges-d-exercer-les-missions-r-e8e2e9593f0d,JORFTEXT000031741277,,['Accessibilité handicapés'],2015-12-24,https://w3id.org/semleg/legimaintlex/resource/document/arrete-du-24-decembre-2015-relatif-aux-services-charges-d-exercer-les-missions-r-e8e2e9593f0d/article/article-JORFTEXT000031741277-285/content,"Les directions et services de la préfecture de police dont dispose le préfet, secrétaire général pour l'administration de la préfecture de police, pour l'exercice des missions qui lui sont confiées par le chapitre Ier du décret du 6 mars 2014 susvisé au titre du secrétariat général pour l'administration du ministère de l'intérieur de la zone de défense et de sécurité de Paris sont : - la direction des ressources humaines ; - la direction des finances, de la commande publique et de la performance ; - la direction opérationnelle des services techniques et logistiques ; - le service des affaires immobilières ; - le service des affaires juridiques et du contentieux.",670
https://w3id.org/semleg/legimaintlex/resource/document/arrete-du-24-decembre-2015-relatif-aux-services-charges-d-exercer-les-missions-r-e8e2e9593f0d/article/article-JORFTEXT000031741277-286,article-JORFTEXT000031741277-286,https://w3id.org/semleg/legimaintlex/resource/document/arrete-du-24-decembre-2015-relatif-aux-services-charges-d-exercer-les-missions-r-e8e2e9593f0d,JORFTEXT000031741277,,['Accessibilité handicapés'],2015-12-24,https://w3id.org/semleg/legimaintlex/resource/document/arrete-du-24-decembre-2015-relatif-aux-services-charges-d-exercer-les-missions-r-e8e2e9593f0d/article/article-JORFTEXT000031741277-286/content,"Les services ou parties de service, mentionnés aux articles 7 et 8 de l'arrêté du 2 juillet 2014 susvisé, qui sont transférés au sein des directions et services de la préfecture de police mentionnés à l'article 1er du présent arrêté et ceux placés pour emploi auprès du préfet, secrétaire général pour l'administration de la préfecture de police, afin d'exercer les missions définies à l'article 2 du décret du 6 mars 2014 susvisé, sont déterminés par arrêté du préfet de la zone de défense et de sécurité de Paris dans un délai de six mois à compter de l'entrée en vigueur du présent arrêté. Cet arrêté précise, le cas échéant, les missions déléguées par les responsables de programme en application de l'article 2 du décret du 6 mars 2014 susvisé prises en charge par les directions et services de la préfecture de police mentionnés à l'article 1er du présent arrêté au titre du secrétariat général pour l'administration du ministère de l'intérieur de la zone de défense et de sécurité de Paris.",997
https://w3id.org/semleg/legimaintlex/resource/document/arrete-du-26-fevrier-2007-fixant-le-classement-des-emplois-de-chef-de-service-co-b19d4710cebe/article/article-JORFTEXT000000278857-352,article-JORFTEXT000000278857-352,https://w3id.org/semleg/legimaintlex/resource/document/arrete-du-26-fevrier-2007-fixant-le-classement-des-emplois-de-chef-de-service-co-b19d4710cebe,JORFTEXT000000278857,,['Accessibilité handicapés'],2007-02-26,https://w3id.org/semleg/legimaintlex/resource/document/arrete-du-26-fevrier-2007-fixant-le-classement-des-emplois-de-chef-de-service-co-b19d4710cebe/article/article-JORFTEXT000000278857-352/content,"Les listes des emplois de chef de service comptable de deuxième, troisième et quatrième catégories sont fixées respectivement en annexes 2, 3 et 4 du présent arrêté.",165
https://w3id.org/semleg/legimaintlex/resource/document/arrete-du-26-fevrier-2007-fixant-le-classement-des-emplois-de-chef-de-service-co-b19d4710cebe/article/article-JORFTEXT000000278857-353,article-JORFTEXT000000278857-353,https://w3id.org/semleg/legimaintlex/resource/document/arrete-du-26-fevrier-2007-fixant-le-classement-des-emplois-de-chef-de-service-co-b19d4710cebe,JORFTEXT000000278857,,['Accessibilité handicapés'],2007-02-26,https://w3id.org/semleg/legimaintlex/resource/document/arrete-du-26-fevrier-2007-fixant-le-classement-des-emplois-de-chef-de-service-co-b19d4710cebe/article/article-JORFTEXT000000278857-353/content,A N N E X E 1 LISTE DES SERVICES DES IMPÔTS DES ENTREPRISES CENTRALISATEURS (SIE-C) PLACÉS SOUS LA RESPONSABILITÉ D'UN CHEF DE SERVICE COMPTABLE DE 1re CATÉGORIE Vous pouvez consulter le tableau dans le JO n° 91 du 18/04/2007 texte numéro 7 A N N E X E 2 LISTE DES SERVICES DES IMPÔTS DES ENTREPRISES CENTRALISATEURS (SIE-C) PLACÉS SOUS LA RESPONSABILITÉ D'UN CHEF DE SERVICE COMPTABLE DE 2e CATÉGORIE Vous pouvez consulter le tableau dans le JO n° 91 du 18/04/2007 texte numéro 7 A N N E X E 3 LISTE DES SERVICES DES IMPÔTS DES ENTREPRISES (SIE) ET DES CENTRES DES IMPÔTS-SERVICES DES IMPÔTS DES ENTREPRISES (CDI-SIE) PLACÉS SOUS LA RESPONSABILITÉ D'UN CHEF DE SERVICE COMPTABLE DE 3e CATÉGORIE Vous pouvez consulter le tableau dans le JO n° 91 du 18/04/2007 texte numéro 7 A N N E X E 4 LISTE DES SERVICES DES IMPÔTS DES ENTREPRISES (SIE) ET DES CENTRES DES IMPÔTS-SERVICES DES IMPÔTS DES ENTREPRISES (CDI-SIE) PLACÉS SOUS LA RESPONSABILITÉ D'UN CHEF DE SERVICE COMPTABLE DE 4e CATÉGORIE Vous pouvez consulter le tableau dans le JO n° 91 du 18/04/2007 texte numéro 7,1068
https://w3id.org/semleg/legimaintlex/resource/document/arrete-du-26-fevrier-2007-fixant-le-classement-des-emplois-de-chef-de-service-co-b19d4710cebe/article/article-JORFTEXT000000278857-354,article-JORFTEXT000000278857-354,https://w3id.org/semleg/legimaintlex/resource/document/arrete-du-26-fevrier-2007-fixant-le-classement-des-emplois-de-chef-de-service-co-b19d4710cebe,JORFTEXT000000278857,,['Accessibilité handicapés'],2007-02-26,https://w3id.org/semleg/legimaintlex/resource/document/arrete-du-26-fevrier-2007-fixant-le-classement-des-emplois-de-chef-de-service-co-b19d4710cebe/article/article-JORFTEXT000000278857-354/content,La liste et le classement en deux groupes des emplois de chef de service comptable de première catégorie sont fixés en annexe 1 du présent arrêté.,146
https://w3id.org/semleg/legimaintlex/resource/document/arrete-du-26-fevrier-2007-fixant-les-dispositions-prises-pour-l-application-des-bd48c05fed6b/article/article-JORFTEXT000000795692-361,article-JORFTEXT000000795692-361,https://w3id.org/semleg/legimaintlex/resource/document/arrete-du-26-fevrier-2007-fixant-les-dispositions-prises-pour-l-application-des-bd48c05fed6b,JORFTEXT000000795692,,['Accessibilité handicapés'],2007-02-26,https://w3id.org/semleg/legimaintlex/resource/document/arrete-du-26-fevrier-2007-fixant-les-dispositions-prises-pour-l-application-des-bd48c05fed6b/article/article-JORFTEXT000000795692-361/content,"Pour l'application du d de l'article R. 111-18-8 du code de la construction et de l'habitation, en cas de modification de la signalisation palière du mouvement de la cabine, la nouvelle signalisation respecte les exigences suivantes : - dans les halls ne comportant pas de logements, un signal sonore doit prévenir du début d'ouverture des portes ; - dans le cas où plusieurs ascenseurs sont disposés en batterie, deux flèches lumineuses d'une hauteur d'au moins 40 millimètres doivent être installées pour indiquer le sens du déplacement de chacune des cabines. Pour l'application du d de l'article R. 111-18-8 du code de la construction et de l'habitation, en cas de modification d'un panneau de commande en cabine, le nouveau dispositif respecte les exigences suivantes : - un indicateur visuel permet de connaître la position de la cabine. La hauteur des numéros d'étage est comprise entre 30 et 60 millimètres ; - à l'arrêt de la cabine, un message vocal indique sa position. En outre, un nouveau dispositif de demande de secours, équipé de signalisations visuelle et sonore ou un dispositif de demande des secours existant faisant l'objet d'une modification comporte : - un pictogramme illuminé jaune, en complément du signal sonore de transmission de la demande, pour indiquer que la demande de secours a été émise ; - un pictogramme illuminé vert, en complément du signal sonore normalement requis (liaison phonique), pour indiquer que la demande de secours a été enregistrée ; - une aide à la communication pour les personnes malentendantes, telle qu'une boucle magnétique ; - des boutons de commande comportant l'indication du numéro d'étage en relief. Dans tous les cas, les signaux sonores et messages vocaux doivent avoir un niveau réglable entre 35 dB (A) et 65 dB (A).",1783
https://w3id.org/semleg/legimaintlex/resource/document/arrete-du-26-fevrier-2007-fixant-les-dispositions-prises-pour-l-application-des-bd48c05fed6b/article/article-JORFTEXT000000795692-362,article-JORFTEXT000000795692-362,https://w3id.org/semleg/legimaintlex/resource/document/arrete-du-26-fevrier-2007-fixant-les-dispositions-prises-pour-l-application-des-bd48c05fed6b,JORFTEXT000000795692,,['Accessibilité handicapés'],2007-02-26,https://w3id.org/semleg/legimaintlex/resource/document/arrete-du-26-fevrier-2007-fixant-les-dispositions-prises-pour-l-application-des-bd48c05fed6b/article/article-JORFTEXT000000795692-362/content,Les dispositions du présent arrêté sont prises pour l'application des dispositions des articles R. 111-18-8 à R. 111-18-11 du code de la construction et de l'habitation.,169
https://w3id.org/semleg/legimaintlex/resource/document/arrete-du-26-fevrier-2007-fixant-les-dispositions-prises-pour-l-application-des-bd48c05fed6b/article/article-JORFTEXT000000795692-363,article-JORFTEXT000000795692-363,https://w3id.org/semleg/legimaintlex/resource/document/arrete-du-26-fevrier-2007-fixant-les-dispositions-prises-pour-l-application-des-bd48c05fed6b,JORFTEXT000000795692,,['Accessibilité handicapés'],2007-02-26,https://w3id.org/semleg/legimaintlex/resource/document/arrete-du-26-fevrier-2007-fixant-les-dispositions-prises-pour-l-application-des-bd48c05fed6b/article/article-JORFTEXT000000795692-363/content,"I. - Les surfaces et volumes nouveaux considérés pour l'application du b de l'article R. 111-18-8 sont : - soit des parties communes, notamment des circulations horizontales et verticales, des locaux collectifs, des places de stationnement situées à l'intérieur ou à l'extérieur du bâtiment et non affectées à un usage privatif ; - soit des espaces affectés à un usage privatif, notamment des places de stationnement situées à l'intérieur ou à l'extérieur, des caves et des celliers ; - soit des logements. II. - Les surfaces et volumes nouveaux définis au I doivent respecter les dispositions du b de l'article R. 111-18-8 du code de la construction et de l'habitation lorsqu'ils sont créés dans les parties communes d'un bâtiment d'habitation collectif existant ou dans un bâtiment ou une partie de bâtiment où sont créés des logements par changement de destination. Ces surfaces et volumes nouveaux doivent respecter les dispositions fixées par les articles 2 à 16 de l'arrêté du 1er août 2006 susvisé. Cette obligation ne concerne pas la création de surfaces ou de volumes nouveaux à l'intérieur d'un logement existant ou à l'intérieur des espaces affectés à un usage privatif.",1181
https://w3id.org/semleg/legimaintlex/resource/document/arrete-du-26-fevrier-2007-fixant-les-dispositions-prises-pour-l-application-des-bd48c05fed6b/article/article-JORFTEXT000000795692-364,article-JORFTEXT000000795692-364,https://w3id.org/semleg/legimaintlex/resource/document/arrete-du-26-fevrier-2007-fixant-les-dispositions-prises-pour-l-application-des-bd48c05fed6b,JORFTEXT000000795692,,['Accessibilité handicapés'],2007-02-26,https://w3id.org/semleg/legimaintlex/resource/document/arrete-du-26-fevrier-2007-fixant-les-dispositions-prises-pour-l-application-des-bd48c05fed6b/article/article-JORFTEXT000000795692-364/content,"Pour l'application de l'article R. 111-18-9 du code de la construction et de l'habitation, le coût des travaux à prendre en compte est le montant, hors taxes et hors honoraires, de l'ensemble des travaux d'investissement sur le bâtiment ou ses extensions décidés ou financés au cours des deux années précédant la décision d'engager ou de financer les travaux.",359
https://w3id.org/semleg/legimaintlex/resource/document/arrete-du-26-fevrier-2007-fixant-les-dispositions-prises-pour-l-application-des-bd48c05fed6b/article/article-JORFTEXT000000795692-365,article-JORFTEXT000000795692-365,https://w3id.org/semleg/legimaintlex/resource/document/arrete-du-26-fevrier-2007-fixant-les-dispositions-prises-pour-l-application-des-bd48c05fed6b,JORFTEXT000000795692,,['Accessibilité handicapés'],2007-02-26,https://w3id.org/semleg/legimaintlex/resource/document/arrete-du-26-fevrier-2007-fixant-les-dispositions-prises-pour-l-application-des-bd48c05fed6b/article/article-JORFTEXT000000795692-365/content,"Les circulations communes considérées pour l'application du c de l'article R. 111-18-8 sont les circulations horizontales et verticales, intérieures et extérieures, situées dans les parties communes. Les équipements jouant un rôle en matière d'accessibilité considérés pour l'application du c de l'article R. 111-18-8 sont tous les équipements disposés dans les circulations communes et dans les locaux collectifs qui sont susceptibles d'être utilisés par les habitants ou les visiteurs, et notamment les dispositifs d'accès, les portes, les boîtes aux lettres, les mains courantes d'escalier, les panneaux d'information, les dispositifs d'éclairage et les éléments de signalétique. Les modifications apportées aux circulations communes, locaux collectifs et équipements doivent respecter les dispositions fixées par les articles 2 à 10 de l'arrêté du 1er août 2006 susvisé. Le respect de ces dispostions n'entraîne pas l'obligation de réaliser des travaux sur des parties du bâtiment ou sur des éléments des équipements fonctionnellement indépendants des parties ou des éléments modifiés. Pour l'application du c de l'article R. 111-18-8 du code de la construction et de l'habitation, des adaptations mineures peuvent être apportées aux exigences fixées en application des articles R. 111-18-1 et R. 111-18-2 si elles sont liées à la présence d'éléments participant à la solidité du bâtiment tels que murs, plafonds, planchers, poutres ou poteaux. Dans chacun des cas considérés, ces adaptations peuvent porter notamment sur : - la largeur minimale du cheminement, qui doit être supérieure ou égale à 0,90 mètre pour une circulation horizontale et à 0,80 mètre, mesurés entre mains courantes, pour un escalier ; - la porte d'accès à un local collectif, qui doit avoir une largeur supérieure ou égale à 0,80 mètre ; - l'éloignement des poignées de porte et des serrures éventuelles par rapport à un angle rentrant de parois, qui peut ne pas être exigé.",1952
https://w3id.org/semleg/legimaintlex/resource/document/arrete-du-26-fevrier-2007-fixant-les-dispositions-prises-pour-l-application-des-bd48c05fed6b/article/article-JORFTEXT000000795692-366,article-JORFTEXT000000795692-366,https://w3id.org/semleg/legimaintlex/resource/document/arrete-du-26-fevrier-2007-fixant-les-dispositions-prises-pour-l-application-des-bd48c05fed6b,JORFTEXT000000795692,,['Accessibilité handicapés'],2007-02-26,https://w3id.org/semleg/legimaintlex/resource/document/arrete-du-26-fevrier-2007-fixant-les-dispositions-prises-pour-l-application-des-bd48c05fed6b/article/article-JORFTEXT000000795692-366/content,"Les travaux d'entretien considérés pour l'application des c et d de l'article R. 111-18-8 sont les travaux d'entretien, de réparation et de maintenance qui ont pour but de préserver ou de recouvrer l'état initial d'un composant du bâtiment ou d'un équipement et d'assurer sa pérennité.",285
https://w3id.org/semleg/legimaintlex/resource/document/arrete-du-26-fevrier-2007-relatif-a-la-creation-d-une-commission-d-appel-d-offre-b20e67cbf05f/article/article-JORFTEXT000000243996-369,article-JORFTEXT000000243996-369,https://w3id.org/semleg/legimaintlex/resource/document/arrete-du-26-fevrier-2007-relatif-a-la-creation-d-une-commission-d-appel-d-offre-b20e67cbf05f,JORFTEXT000000243996,,['Accessibilité handicapés'],2007-02-26,https://w3id.org/semleg/legimaintlex/resource/document/arrete-du-26-fevrier-2007-relatif-a-la-creation-d-une-commission-d-appel-d-offre-b20e67cbf05f/article/article-JORFTEXT000000243996-369/content,"La composition de la commission d'appel d'offres est la suivante : a) Membres avec voix délibérative : - le directeur général ou son représentant, président ; - le directeur adjoint ou son représentant ; - la secrétaire générale ou son représentant ; - le chef du bureau intéressé par le marché ou son représentant ; - tout agent public des services du Premier ministre dont la compétence pourra être jugée utile. b) Membre avec voix consultative : - le directeur général de la concurrence, de la consommation et de la répression des fraudes ou son représentant ; - tout agent public d'autres administrations de l'Etat dont la compétence pourra être jugée utile.",662
https://w3id.org/semleg/legimaintlex/resource/document/arrete-du-26-fevrier-2007-relatif-a-la-creation-d-une-commission-d-appel-d-offre-b20e67cbf05f/article/article-JORFTEXT000000243996-370,article-JORFTEXT000000243996-370,https://w3id.org/semleg/legimaintlex/resource/document/arrete-du-26-fevrier-2007-relatif-a-la-creation-d-une-commission-d-appel-d-offre-b20e67cbf05f,JORFTEXT000000243996,,['Accessibilité handicapés'],2007-02-26,https://w3id.org/semleg/legimaintlex/resource/document/arrete-du-26-fevrier-2007-relatif-a-la-creation-d-une-commission-d-appel-d-offre-b20e67cbf05f/article/article-JORFTEXT000000243996-370/content,Il est créé au sein de la direction générale de l'administration et de la fonction publique une commission d'appel d'offres à caractère permanent pour les marchés publics passés par cette direction pour les besoins des missions qui lui ont été dévolues.,253
https://w3id.org/semleg/legimaintlex/resource/document/arrete-du-26-fevrier-2007-relatif-a-la-creation-d-une-commission-d-appel-d-offre-b20e67cbf05f/article/article-JORFTEXT000000243996-371,article-JORFTEXT000000243996-371,https://w3id.org/semleg/legimaintlex/resource/document/arrete-du-26-fevrier-2007-relatif-a-la-creation-d-une-commission-d-appel-d-offre-b20e67cbf05f,JORFTEXT000000243996,,['Accessibilité handicapés'],2007-02-26,https://w3id.org/semleg/legimaintlex/resource/document/arrete-du-26-fevrier-2007-relatif-a-la-creation-d-une-commission-d-appel-d-offre-b20e67cbf05f/article/article-JORFTEXT000000243996-371/content,La commission d'appel d'offres peut valablement se réunir dès que trois au moins des membres avec voix délibérative sont présents.,130
https://w3id.org/semleg/legimaintlex/resource/document/arrete-du-26-fevrier-2007-relatif-a-la-protection-contre-les-risques-d-incendie-8c03c33d6dae/article/article-JORFTEXT000000461290-355,article-JORFTEXT000000461290-355,https://w3id.org/semleg/legimaintlex/resource/document/arrete-du-26-fevrier-2007-relatif-a-la-protection-contre-les-risques-d-incendie-8c03c33d6dae,JORFTEXT000000461290,,['Accessibilité handicapés'],2007-02-26,https://w3id.org/semleg/legimaintlex/resource/document/arrete-du-26-fevrier-2007-relatif-a-la-protection-contre-les-risques-d-incendie-8c03c33d6dae/article/article-JORFTEXT000000461290-355/content,"Pendant l'exploitation de l'établissement et après sa date d'ouverture ou de réouverture l'application des dispositions relatives à la sécurité contre les risques d'incendie et de panique est assurée sous la responsabilité du chef d'établissement. Le chef d'établissement est le premier président de la cour d'appel, ou une personne qu'il charge de cette fonction et dont la désignation, par ses soins, est impérative si la cour d'appel n'occupe pas de locaux dans le site. Il ne peut être désigné qu'un seul chef d'établissement, que l'établissement soit occupé par une ou plusieurs juridictions. Lorsqu'une juridiction occupe plusieurs sites, le chef d'établissement doit désigner au sein de la juridiction une personne qui, sous son autorité, est chargée de la sécurité dans le site où il n'est pas présent. Cette procédure s'applique également pour les greffes détachés. Lorsqu'un établissement comporte des services autres que des juridictions de l'ordre judiciaire le chef d'établissement est celui dont les services occupent la plus grande superficie. Pour le palais de justice de Paris, le premier président de la cour d'appel de Paris est le chef d'établissement. Il désigne, conjointement avec le premier président de la Cour de cassation, une personne chargée, au sein de cette juridiction, de la sécurité des locaux de la Cour de cassation contre les risques d'incendie et de panique. Le chef d'établissement doit : - veiller à ce que les locaux, équipements, installations techniques et ouvrages de génie civil soient maintenus et exploités en conformité avec les dispositions réglementaires en vigueur ; - faire visiter l'établissement par la commission de sécurité compétente selon la périodicité prévue par le règlement de sécurité et faire procéder, en outre, à des contrôles inopinés ; - prendre toutes les mesures de prévention et de sauvegarde telles qu'elles sont définies au règlement de sécurité ; - prendre, le cas échéant, toutes mesures d'urgence propres à assurer la sécurité des personnes, puis en référer au premier président de la cour d'appel du ressort. En cas de réhabilitation ou d'aménagement d'une partie des locaux de l'établissement, le chef d'établissement a les mêmes obligations que le responsable désigné à l'article 3. A ce titre, il doit : - arrêter, le cas échéant, de nouvelles prescriptions de sécurité après avis de la commission de sécurité compétente ; - veiller à la bonne exécution de ces prescriptions.",2455
https://w3id.org/semleg/legimaintlex/resource/document/arrete-du-26-fevrier-2007-relatif-a-la-protection-contre-les-risques-d-incendie-8c03c33d6dae/article/article-JORFTEXT000000461290-356,article-JORFTEXT000000461290-356,https://w3id.org/semleg/legimaintlex/resource/document/arrete-du-26-fevrier-2007-relatif-a-la-protection-contre-les-risques-d-incendie-8c03c33d6dae,JORFTEXT000000461290,,['Accessibilité handicapés'],2007-02-26,https://w3id.org/semleg/legimaintlex/resource/document/arrete-du-26-fevrier-2007-relatif-a-la-protection-contre-les-risques-d-incendie-8c03c33d6dae/article/article-JORFTEXT000000461290-356/content,"Pour l'application du dernier alinéa de l'article R. 123-16 du code de la construction et de l'habitation, le premier président de la cour d'appel du ressort désigne les chefs d'établissement chargés de suivre l'application des dispositions réglementaires contre l'incendie et les risques de panique selon les modalités définies à l'article 4 et transmet au préfet de chaque département du ressort la copie de ses décisions.",424
https://w3id.org/semleg/legimaintlex/resource/document/arrete-du-26-fevrier-2007-relatif-a-la-protection-contre-les-risques-d-incendie-8c03c33d6dae/article/article-JORFTEXT000000461290-357,article-JORFTEXT000000461290-357,https://w3id.org/semleg/legimaintlex/resource/document/arrete-du-26-fevrier-2007-relatif-a-la-protection-contre-les-risques-d-incendie-8c03c33d6dae,JORFTEXT000000461290,,['Accessibilité handicapés'],2007-02-26,https://w3id.org/semleg/legimaintlex/resource/document/arrete-du-26-fevrier-2007-relatif-a-la-protection-contre-les-risques-d-incendie-8c03c33d6dae/article/article-JORFTEXT000000461290-357/content,L'autorité compétente pour prononcer l'ouverture ou la fermeture d'un établissement visé à l'article 1er est le premier président de la cour d'appel du ressort. La décision d'ouverture ou de fermeture est prise au vu de l'avis de la commission de sécurité compétente.,267
https://w3id.org/semleg/legimaintlex/resource/document/arrete-du-26-fevrier-2007-relatif-a-la-protection-contre-les-risques-d-incendie-8c03c33d6dae/article/article-JORFTEXT000000461290-358,article-JORFTEXT000000461290-358,https://w3id.org/semleg/legimaintlex/resource/document/arrete-du-26-fevrier-2007-relatif-a-la-protection-contre-les-risques-d-incendie-8c03c33d6dae,JORFTEXT000000461290,,['Accessibilité handicapés'],2007-02-26,https://w3id.org/semleg/legimaintlex/resource/document/arrete-du-26-fevrier-2007-relatif-a-la-protection-contre-les-risques-d-incendie-8c03c33d6dae/article/article-JORFTEXT000000461290-358/content,"Les dispositions des articles R. 123-15 et R. 123-16 du code de la construction et de l'habitation sont applicables aux établissements recevant du public abritant les juridictions de l'ordre judiciaire relevant de la direction des services judiciaires du ministère de la justice. Pour chaque département, l'autorité désignée à l'article 2 ci-dessous transmet la liste de ses établissements au préfet du département.",415
https://w3id.org/semleg/legimaintlex/resource/document/arrete-du-26-fevrier-2007-relatif-a-la-protection-contre-les-risques-d-incendie-8c03c33d6dae/article/article-JORFTEXT000000461290-359,article-JORFTEXT000000461290-359,https://w3id.org/semleg/legimaintlex/resource/document/arrete-du-26-fevrier-2007-relatif-a-la-protection-contre-les-risques-d-incendie-8c03c33d6dae,JORFTEXT000000461290,,['Accessibilité handicapés'],2007-02-26,https://w3id.org/semleg/legimaintlex/resource/document/arrete-du-26-fevrier-2007-relatif-a-la-protection-contre-les-risques-d-incendie-8c03c33d6dae/article/article-JORFTEXT000000461290-359/content,"Pendant la période de construction, de réhabilitation ou d'aménagement de l'ensemble des locaux de l'établissement et jusqu'à sa date d'ouverture ou de réouverture, l'application des dispositions destinées à garantir la sécurité contre les risques d'incendie et de panique est assurée : - sous la responsabilité du directeur de l'administration générale et de l'équipement du ministère de la justice ou de l'agence de maîtrise d'ouvrage des travaux du ministère de la justice s'il s'agit d'un investissement figurant au décret du 21 décembre 1999 ; - sous la responsabilité du premier président de la cour d'appel du ressort de l'établissement, s'il s'agit d'un investissement judiciaire ne figurant pas au décret du 21 décembre 1999. Le responsable désigné ci-dessus doit : - arrêter les prescriptions de sécurité après avis de la commission de sécurité compétente ; - notifier ces prescriptions au maître d'oeuvre et à tous les services ou personnes concernés ; - veiller à ce que le maître d'oeuvre fasse procéder, en cours d'exécution des travaux, aux vérifications techniques nécessaires par les organismes agréés à cet effet ; - faire procéder par la commission de sécurité compétente, avant la réception de l'ouvrage, à une visite de contrôle destinée à constater la conformité des travaux avec les prescriptions de sécurité.",1332
https://w3id.org/semleg/legimaintlex/resource/document/arrete-du-26-fevrier-2007-relatif-a-la-protection-contre-les-risques-d-incendie-8c03c33d6dae/article/article-JORFTEXT000000461290-360,article-JORFTEXT000000461290-360,https://w3id.org/semleg/legimaintlex/resource/document/arrete-du-26-fevrier-2007-relatif-a-la-protection-contre-les-risques-d-incendie-8c03c33d6dae,JORFTEXT000000461290,,['Accessibilité handicapés'],2007-02-26,https://w3id.org/semleg/legimaintlex/resource/document/arrete-du-26-fevrier-2007-relatif-a-la-protection-contre-les-risques-d-incendie-8c03c33d6dae/article/article-JORFTEXT000000461290-360/content,L'arrêté du 4 août 1994 relatif à la protection contre les risques d'incendie et de panique des établissements de l'ordre judiciaire est abrogé.,144
https://w3id.org/semleg/legimaintlex/resource/document/arrete-du-26-fevrier-2007-relatif-aux-modalites-d-avancement-aux-grades-d-adjoin-7ffa451b3ea9/article/article-JORFTEXT000000615036-367,article-JORFTEXT000000615036-367,https://w3id.org/semleg/legimaintlex/resource/document/arrete-du-26-fevrier-2007-relatif-aux-modalites-d-avancement-aux-grades-d-adjoin-7ffa451b3ea9,JORFTEXT000000615036,,['Accessibilité handicapés'],2007-02-26,https://w3id.org/semleg/legimaintlex/resource/document/arrete-du-26-fevrier-2007-relatif-aux-modalites-d-avancement-aux-grades-d-adjoin-7ffa451b3ea9/article/article-JORFTEXT000000615036-367/content,"L'avancement au grade d'adjoint technique de 1re classe des juridictions financières s'opère par voie d'inscription à un tableau annuel d'avancement établi, au choix, après avis de la commission administrative paritaire compétente.",231
https://w3id.org/semleg/legimaintlex/resource/document/arrete-du-26-fevrier-2007-relatif-aux-modalites-d-avancement-aux-grades-d-adjoin-7ffa451b3ea9/article/article-JORFTEXT000000615036-368,article-JORFTEXT000000615036-368,https://w3id.org/semleg/legimaintlex/resource/document/arrete-du-26-fevrier-2007-relatif-aux-modalites-d-avancement-aux-grades-d-adjoin-7ffa451b3ea9,JORFTEXT000000615036,,['Accessibilité handicapés'],2007-02-26,https://w3id.org/semleg/legimaintlex/resource/document/arrete-du-26-fevrier-2007-relatif-aux-modalites-d-avancement-aux-grades-d-adjoin-7ffa451b3ea9/article/article-JORFTEXT000000615036-368/content,"L'avancement au grade d'adjoint administratif de 1re classe des juridictions financières s'opère par voie d'inscription à un tableau annuel d'avancement établi, au choix, après avis de la commission administrative paritaire compétente.",235
https://w3id.org/semleg/legimaintlex/resource/document/arrete-du-27-juin-1994-fixant-la-composition-du-conseil-de-discipline-des-person-1a747184742f/article/1er-JORFTEXT000000730726-26,1er-JORFTEXT000000730726-26,https://w3id.org/semleg/legimaintlex/resource/document/arrete-du-27-juin-1994-fixant-la-composition-du-conseil-de-discipline-des-person-1a747184742f,JORFTEXT000000730726,1er,['Accessibilité handicapés'],1994-06-27,https://w3id.org/semleg/legimaintlex/resource/document/arrete-du-27-juin-1994-fixant-la-composition-du-conseil-de-discipline-des-person-1a747184742f/article/1er-JORFTEXT000000730726-26/content,"Art. 1er. - Le conseil de discipline prévu à l'article 20 du décret du 20 février 1976 susvisé est composé comme suit: 1o Représentants de l'administration: Le directeur de l'école, président; Le directeur des études. 2o Représentants du personnel: Le représentant des membres de l'école élu au conseil d'administration; Le représentant des membres de l'école élu au conseil scientifique.",388
https://w3id.org/semleg/legimaintlex/resource/document/arrete-du-27-juin-1994-fixant-le-montant-maximal-de-l-indemnite-susceptible-d-et-9c6800197d96/article/1er-JORFTEXT000000732501-15,1er-JORFTEXT000000732501-15,https://w3id.org/semleg/legimaintlex/resource/document/arrete-du-27-juin-1994-fixant-le-montant-maximal-de-l-indemnite-susceptible-d-et-9c6800197d96,JORFTEXT000000732501,1er,['Accessibilité handicapés'],1994-06-27,https://w3id.org/semleg/legimaintlex/resource/document/arrete-du-27-juin-1994-fixant-le-montant-maximal-de-l-indemnite-susceptible-d-et-9c6800197d96/article/1er-JORFTEXT000000732501-15/content,"Art. 1er. - Dans la limite des crédits ouverts à cet effet, il peut être alloué à l'occasion de l'élection des représentants au Parlement européen au secrétaire de chaque commission instituée conformément à l'article 17 de la loi du 7 juillet 1977 susvisée une indemnité de 1,26 F par centaine d'électeurs inscrits.",315
https://w3id.org/semleg/legimaintlex/resource/document/arrete-du-27-juin-1994-fixant-le-montant-maximal-de-l-indemnite-susceptible-d-et-9c6800197d96/article/2-JORFTEXT000000732501-16,2-JORFTEXT000000732501-16,https://w3id.org/semleg/legimaintlex/resource/document/arrete-du-27-juin-1994-fixant-le-montant-maximal-de-l-indemnite-susceptible-d-et-9c6800197d96,JORFTEXT000000732501,2,['Accessibilité handicapés'],1994-06-27,https://w3id.org/semleg/legimaintlex/resource/document/arrete-du-27-juin-1994-fixant-le-montant-maximal-de-l-indemnite-susceptible-d-et-9c6800197d96/article/2-JORFTEXT000000732501-16/content,Art. 2. - L'indemnité perçue par chaque agent en application de l'article précédent ne peut excéder 4 680 F.,108
https://w3id.org/semleg/legimaintlex/resource/document/arrete-du-27-juin-1994-fixant-le-montant-maximal-de-l-indemnite-susceptible-d-et-9c6800197d96/article/3-JORFTEXT000000732501-14,3-JORFTEXT000000732501-14,https://w3id.org/semleg/legimaintlex/resource/document/arrete-du-27-juin-1994-fixant-le-montant-maximal-de-l-indemnite-susceptible-d-et-9c6800197d96,JORFTEXT000000732501,3,['Accessibilité handicapés'],1994-06-27,https://w3id.org/semleg/legimaintlex/resource/document/arrete-du-27-juin-1994-fixant-le-montant-maximal-de-l-indemnite-susceptible-d-et-9c6800197d96/article/3-JORFTEXT000000732501-14/content,Art. 3. - Le cumul de cette indemnité avec une autre rémunération pour travaux supplémentaires effectués à l'occasion de la même élection n'est autorisé que dans la limite du plafond fixé à l'article 2 ci-dessus.,212
https://w3id.org/semleg/legimaintlex/resource/document/arrete-du-27-juin-1994-fixant-le-taux-annuel-de-l-indemnite-speciale-allouee-aux-19fc0c732050/article/1er-JORFTEXT000000548552-12,1er-JORFTEXT000000548552-12,https://w3id.org/semleg/legimaintlex/resource/document/arrete-du-27-juin-1994-fixant-le-taux-annuel-de-l-indemnite-speciale-allouee-aux-19fc0c732050,JORFTEXT000000548552,1er,['Accessibilité handicapés'],1994-06-27,https://w3id.org/semleg/legimaintlex/resource/document/arrete-du-27-juin-1994-fixant-le-taux-annuel-de-l-indemnite-speciale-allouee-aux-19fc0c732050/article/1er-JORFTEXT000000548552-12/content,Art. 1er. - Le taux annuel de l'indemnité spéciale prévue à l'article 1er du décret du 28 avril 1975 susvisé est fixé à 6 276 F.,128
https://w3id.org/semleg/legimaintlex/resource/document/arrete-du-27-juin-1994-fixant-le-taux-annuel-de-l-indemnite-speciale-allouee-aux-19fc0c732050/article/2-JORFTEXT000000548552-13,2-JORFTEXT000000548552-13,https://w3id.org/semleg/legimaintlex/resource/document/arrete-du-27-juin-1994-fixant-le-taux-annuel-de-l-indemnite-speciale-allouee-aux-19fc0c732050,JORFTEXT000000548552,2,['Accessibilité handicapés'],1994-06-27,https://w3id.org/semleg/legimaintlex/resource/document/arrete-du-27-juin-1994-fixant-le-taux-annuel-de-l-indemnite-speciale-allouee-aux-19fc0c732050/article/2-JORFTEXT000000548552-13/content,Art. 2. - L'arrêté du 11 juin 1992 fixant le taux annuel de l'indemnité spéciale allouée aux chefs de centre de formation des conseillers d'éducation et des conseillers principaux d'éducation est abrogé.,203
https://w3id.org/semleg/legimaintlex/resource/document/arrete-du-27-juin-1994-modifiant-l-arrete-du-28-juin-1991-modifie-fixant-l-organ-fccccf157d73/article/1er-JORFTEXT000000366189-28,1er-JORFTEXT000000366189-28,https://w3id.org/semleg/legimaintlex/resource/document/arrete-du-27-juin-1994-modifiant-l-arrete-du-28-juin-1991-modifie-fixant-l-organ-fccccf157d73,JORFTEXT000000366189,1er,['Accessibilité handicapés'],1994-06-27,https://w3id.org/semleg/legimaintlex/resource/document/arrete-du-27-juin-1994-modifiant-l-arrete-du-28-juin-1991-modifie-fixant-l-organ-fccccf157d73/article/1er-JORFTEXT000000366189-28/content,Art. 1er. - L'article 1er de l'arrêté du 28 juin 1991 modifié susvisé est modifié comme suit:,93
https://w3id.org/semleg/legimaintlex/resource/document/arrete-du-27-juin-1994-modifiant-l-arrete-du-28-juin-1991-modifie-fixant-l-organ-fccccf157d73/article/2-JORFTEXT000000366189-30,2-JORFTEXT000000366189-30,https://w3id.org/semleg/legimaintlex/resource/document/arrete-du-27-juin-1994-modifiant-l-arrete-du-28-juin-1991-modifie-fixant-l-organ-fccccf157d73,JORFTEXT000000366189,2,['Accessibilité handicapés'],1994-06-27,https://w3id.org/semleg/legimaintlex/resource/document/arrete-du-27-juin-1994-modifiant-l-arrete-du-28-juin-1991-modifie-fixant-l-organ-fccccf157d73/article/2-JORFTEXT000000366189-30/content,Art. 2. - Les dispositions prévues dans l'arrêté du 28 juin 1991 modifié (art. 1er) concernant les épreuves facultatives sont complétées et modifiées ainsi qu'il suit: Il est ajouté aux épreuves facultatives l'alinéa suivant: > Les candidats ne peuvent choisir au maximum que deux options parmi celles qui sont proposées. Ce choix devra irrémédiablement être précisé lors de l'inscription. Les notes obtenues aux épreuves facultatives n'entrent en ligne de compte en vue de l'admission que pour la partie excédant la note de 10 sur 20.,535
https://w3id.org/semleg/legimaintlex/resource/document/arrete-du-27-juin-1994-modifiant-l-arrete-du-28-juin-1991-modifie-fixant-l-organ-fccccf157d73/article/3-JORFTEXT000000366189-29,3-JORFTEXT000000366189-29,https://w3id.org/semleg/legimaintlex/resource/document/arrete-du-27-juin-1994-modifiant-l-arrete-du-28-juin-1991-modifie-fixant-l-organ-fccccf157d73,JORFTEXT000000366189,3,['Accessibilité handicapés'],1994-06-27,https://w3id.org/semleg/legimaintlex/resource/document/arrete-du-27-juin-1994-modifiant-l-arrete-du-28-juin-1991-modifie-fixant-l-organ-fccccf157d73/article/3-JORFTEXT000000366189-29/content,Art. 3. - Le programme contenu dans l'annexe VII bis de l'arrêté du 28 juin 1991 modifié susvisé est remplacé par le programme annexé (1).,138
https://w3id.org/semleg/legimaintlex/resource/document/arrete-du-27-juin-1994-modifiant-l-arrete-du-28-juin-1991-modifie-fixant-l-organ-fccccf157d73/article/article-JORFTEXT000000366189-27,article-JORFTEXT000000366189-27,https://w3id.org/semleg/legimaintlex/resource/document/arrete-du-27-juin-1994-modifiant-l-arrete-du-28-juin-1991-modifie-fixant-l-organ-fccccf157d73,JORFTEXT000000366189,,['Accessibilité handicapés'],1994-06-27,https://w3id.org/semleg/legimaintlex/resource/document/arrete-du-27-juin-1994-modifiant-l-arrete-du-28-juin-1991-modifie-fixant-l-organ-fccccf157d73/article/article-JORFTEXT000000366189-27/content,II. - Epreuves d'admission L'épreuve d'exercices physiques prévue au 3o est supprimée.,86
https://w3id.org/semleg/legimaintlex/resource/document/arrete-du-27-juin-1994-modifiant-l-arrete-du-28-juin-1991-modifie-fixant-l-organ-fccccf157d73/article/article-JORFTEXT000000366189-31,article-JORFTEXT000000366189-31,https://w3id.org/semleg/legimaintlex/resource/document/arrete-du-27-juin-1994-modifiant-l-arrete-du-28-juin-1991-modifie-fixant-l-organ-fccccf157d73,JORFTEXT000000366189,,['Accessibilité handicapés'],1994-06-27,https://w3id.org/semleg/legimaintlex/resource/document/arrete-du-27-juin-1994-modifiant-l-arrete-du-28-juin-1991-modifie-fixant-l-organ-fccccf157d73/article/article-JORFTEXT000000366189-31/content,"(1) Le programme annexé au présent arrêté sera publié intégralement au Bulletin officiel du ministère à une date ultérieure. Il sera alors disponible à la Direction des Journaux officiels, 26, rue Desaix, 75727 Paris Cedex 15.",226
https://w3id.org/semleg/legimaintlex/resource/document/arrete-du-27-juin-1994-pris-en-application-de-l-article-r-231-52-1-du-code-du-tr-a978600b324f/article/1er-JORFTEXT000000366267-8,1er-JORFTEXT000000366267-8,https://w3id.org/semleg/legimaintlex/resource/document/arrete-du-27-juin-1994-pris-en-application-de-l-article-r-231-52-1-du-code-du-tr-a978600b324f,JORFTEXT000000366267,1er,['Accessibilité handicapés'],1994-06-27,https://w3id.org/semleg/legimaintlex/resource/document/arrete-du-27-juin-1994-pris-en-application-de-l-article-r-231-52-1-du-code-du-tr-a978600b324f/article/1er-JORFTEXT000000366267-8/content,"Art. 1er. - L'Institut national de recherche et de sécurité est agréé pour examiner les déclarations de substances nouvelles qui peuvent faire courir des risques aux travailleurs, prévues à l'article L. 231-7 (3e alinéa) du code du travail.",240
https://w3id.org/semleg/legimaintlex/resource/document/arrete-du-27-juin-1994-pris-en-application-de-l-article-r-231-52-1-du-code-du-tr-a978600b324f/article/2-JORFTEXT000000366267-10,2-JORFTEXT000000366267-10,https://w3id.org/semleg/legimaintlex/resource/document/arrete-du-27-juin-1994-pris-en-application-de-l-article-r-231-52-1-du-code-du-tr-a978600b324f,JORFTEXT000000366267,2,['Accessibilité handicapés'],1994-06-27,https://w3id.org/semleg/legimaintlex/resource/document/arrete-du-27-juin-1994-pris-en-application-de-l-article-r-231-52-1-du-code-du-tr-a978600b324f/article/2-JORFTEXT000000366267-10/content,Art. 2. - L'Institut national de recherche et de sécurité assure les missions définies aux articles R. 231-52-15 et R. 231-52-16 du code du travail en vue d'assurer la conservation et l'exploitation des informations visées à l'article 1er du présent arrêté.,257
https://w3id.org/semleg/legimaintlex/resource/document/arrete-du-27-juin-1994-pris-en-application-de-l-article-r-231-52-1-du-code-du-tr-a978600b324f/article/3-JORFTEXT000000366267-11,3-JORFTEXT000000366267-11,https://w3id.org/semleg/legimaintlex/resource/document/arrete-du-27-juin-1994-pris-en-application-de-l-article-r-231-52-1-du-code-du-tr-a978600b324f,JORFTEXT000000366267,3,['Accessibilité handicapés'],1994-06-27,https://w3id.org/semleg/legimaintlex/resource/document/arrete-du-27-juin-1994-pris-en-application-de-l-article-r-231-52-1-du-code-du-tr-a978600b324f/article/3-JORFTEXT000000366267-11/content,Art. 3. - Le présent agrément peut être retiré lorsque l'organisme agréé ne se conforme pas aux prescriptions réglementaires en vigueur ou qu'il n'est plus en mesure d'assurer sa mission. Le retrait s'effectuera conformément à la procédure prévue au deuxième alinéa de l'article R. 231-52-1 du code du travail.,310
https://w3id.org/semleg/legimaintlex/resource/document/arrete-du-27-juin-1994-pris-en-application-de-l-article-r-231-52-1-du-code-du-tr-a978600b324f/article/4-JORFTEXT000000366267-9,4-JORFTEXT000000366267-9,https://w3id.org/semleg/legimaintlex/resource/document/arrete-du-27-juin-1994-pris-en-application-de-l-article-r-231-52-1-du-code-du-tr-a978600b324f,JORFTEXT000000366267,4,['Accessibilité handicapés'],1994-06-27,https://w3id.org/semleg/legimaintlex/resource/document/arrete-du-27-juin-1994-pris-en-application-de-l-article-r-231-52-1-du-code-du-tr-a978600b324f/article/4-JORFTEXT000000366267-9/content,Art. 4. - I. - L'arrêté du 14 août 1979 relatif à l'agrément de l'Institut national de recherche et de sécurité au titre des articles L. 231-7 et R. 231-52 du code du travail est abrogé. II. - L'arrêté du 14 août 1979 relatif à la désignation de l'Institut national de recherche et de sécurité pour exercer les missions prévues à l'article R. 231-60 du code du travail est abrogé.,380
https://w3id.org/semleg/legimaintlex/resource/document/arrete-du-27-juin-1994-relatif-a-la-creation-d-un-traitement-automatise-d-inform-781777e0151a/article/1er-JORFTEXT000000549651-7,1er-JORFTEXT000000549651-7,https://w3id.org/semleg/legimaintlex/resource/document/arrete-du-27-juin-1994-relatif-a-la-creation-d-un-traitement-automatise-d-inform-781777e0151a,JORFTEXT000000549651,1er,['Accessibilité handicapés'],1994-06-27,https://w3id.org/semleg/legimaintlex/resource/document/arrete-du-27-juin-1994-relatif-a-la-creation-d-un-traitement-automatise-d-inform-781777e0151a/article/1er-JORFTEXT000000549651-7/content,"Art. 1er. - Il est créé à la Caisse des dépôts et consignations un traitement automatisé d'informations nominatives relatives à la gestion des activités des chargés de clientèle de la direction des activités bancaires et financières de la Caisse des dépôts et consignations. Ce traitement a pour buts de donner une information globale sur les clients, de coordonner l'activité commerciale et de fournir des statistiques par famille de clientèle. Cette application est identifiée informatiquement sous le sigle S.G.C.",516
https://w3id.org/semleg/legimaintlex/resource/document/arrete-du-27-juin-1994-relatif-a-la-creation-d-un-traitement-automatise-d-inform-781777e0151a/article/2-JORFTEXT000000549651-4,2-JORFTEXT000000549651-4,https://w3id.org/semleg/legimaintlex/resource/document/arrete-du-27-juin-1994-relatif-a-la-creation-d-un-traitement-automatise-d-inform-781777e0151a,JORFTEXT000000549651,2,['Accessibilité handicapés'],1994-06-27,https://w3id.org/semleg/legimaintlex/resource/document/arrete-du-27-juin-1994-relatif-a-la-creation-d-un-traitement-automatise-d-inform-781777e0151a/article/2-JORFTEXT000000549651-4/content,"Art. 2. - Les catégories d'informations nominatives enregistrées sont les suivantes: Identité: nom, prénoms, numéros de téléphone et de télécopie professionnels, numéro d'identification donné par le service; Vie professionnelle: fonctions, service.",248
https://w3id.org/semleg/legimaintlex/resource/document/arrete-du-27-juin-1994-relatif-a-la-creation-d-un-traitement-automatise-d-inform-781777e0151a/article/3-JORFTEXT000000549651-6,3-JORFTEXT000000549651-6,https://w3id.org/semleg/legimaintlex/resource/document/arrete-du-27-juin-1994-relatif-a-la-creation-d-un-traitement-automatise-d-inform-781777e0151a,JORFTEXT000000549651,3,['Accessibilité handicapés'],1994-06-27,https://w3id.org/semleg/legimaintlex/resource/document/arrete-du-27-juin-1994-relatif-a-la-creation-d-un-traitement-automatise-d-inform-781777e0151a/article/3-JORFTEXT000000549651-6/content,Art. 3. - Les destinataires de ces informations sont les chargés de clientèle de la direction des activités bancaires et financières et les personnes contactées pour les informations les concernant.,198
https://w3id.org/semleg/legimaintlex/resource/document/arrete-du-27-juin-1994-relatif-a-la-creation-d-un-traitement-automatise-d-inform-781777e0151a/article/4-JORFTEXT000000549651-5,4-JORFTEXT000000549651-5,https://w3id.org/semleg/legimaintlex/resource/document/arrete-du-27-juin-1994-relatif-a-la-creation-d-un-traitement-automatise-d-inform-781777e0151a,JORFTEXT000000549651,4,['Accessibilité handicapés'],1994-06-27,https://w3id.org/semleg/legimaintlex/resource/document/arrete-du-27-juin-1994-relatif-a-la-creation-d-un-traitement-automatise-d-inform-781777e0151a/article/4-JORFTEXT000000549651-5/content,"Art. 4. - Le droit d'accès prévu par l'article 34 de la loi du 6 janvier 1978 susvisée s'exerce auprès du service de l'action commerciale (F.A.C.) de la direction des activités bancaires et financières (D.A.B.F.) de la Caisse des dépôts et consignations, 280, boulevard Saint-Germain, 75007 Paris.",297
https://w3id.org/semleg/legimaintlex/resource/document/arrete-du-27-juin-1994-relatif-aux-dispositions-destinees-a-rendre-accessibles-l-8dac27bba49d/article/1er-JORFTEXT000000348933-23,1er-JORFTEXT000000348933-23,https://w3id.org/semleg/legimaintlex/resource/document/arrete-du-27-juin-1994-relatif-aux-dispositions-destinees-a-rendre-accessibles-l-8dac27bba49d,JORFTEXT000000348933,1er,['Accessibilité handicapés'],1994-06-27,https://w3id.org/semleg/legimaintlex/resource/document/arrete-du-27-juin-1994-relatif-aux-dispositions-destinees-a-rendre-accessibles-l-8dac27bba49d/article/1er-JORFTEXT000000348933-23/content,"Art. 1er. - Pour assurer l'accessibilité des personnes handicapées, conformément aux dispositions de l'article R. 235-3-18 du code du travail, les maîtres d'ouvrage entreprenant la construction ou l'aménagement de bâtiments visés à l'article R. 235-1 du même code doivent appliquer les prescriptions énoncées dans le présent arrêté. Toutefois, les aménagements de bâtiments existants sont soumis aux dispositions particulières suivantes: - les parties de bâtiments ou d'installations correspondant à la création de surfaces nouvelles doivent respecter les dispositions du présent arrêté; - les travaux de restructuration modifiant les cheminements, locaux et équipements visés par le présent arrêté doivent également respecter les dispositions précitées, dans la mesure où les structures ou l'implantation des bâtiments le permettent; - les travaux réalisés à l'intérieur des surfaces ou volumes existants doivent au minimum maintenir les conditions d'accessibilité préexistantes.",980
https://w3id.org/semleg/legimaintlex/resource/document/arrete-du-27-juin-1994-relatif-aux-dispositions-destinees-a-rendre-accessibles-l-8dac27bba49d/article/2-JORFTEXT000000348933-17,2-JORFTEXT000000348933-17,https://w3id.org/semleg/legimaintlex/resource/document/arrete-du-27-juin-1994-relatif-aux-dispositions-destinees-a-rendre-accessibles-l-8dac27bba49d,JORFTEXT000000348933,2,['Accessibilité handicapés'],1994-06-27,https://w3id.org/semleg/legimaintlex/resource/document/arrete-du-27-juin-1994-relatif-aux-dispositions-destinees-a-rendre-accessibles-l-8dac27bba49d/article/2-JORFTEXT000000348933-17/content,"Art. 2. - Le cheminement praticable par les personnes handicapées doit être l'un des cheminements usuels. En cas de dénivellation importante, le cheminement praticable doit conduire le plus directement possible, compte tenu des pentes admissibles, à l'entrée principale, ou à l'une des entrées principales, et aux locaux à desservir. 1. Le sol doit être non meuble, non glissant, sans obstacle à la roue. 2. La largeur minimale du cheminement doit être de deux unités de passage au sens de l'article R. 235-4-2 du code du travail. La largeur minimale des portes situées sur les cheminements est de: - deux unités de passage lorsqu'elles desservent un local pouvant recevoir plus de cent personnes; l'un des vantaux a une largeur minimale de 0,80 mètre; - une unité de passage pour l'accès aux locaux recevant un effectif inférieur. Toutefois, lorsqu'une porte ne dessert qu'une pièce d'une surface inférieure à 30 mètres carrés, sa largeur minimale est de 0,80 mètre. 3. Le profil en long est de préférence horizontal et sans ressaut. Lorsqu'une pente est nécessaire pour franchir une dénivellation, celle-ci doit être inférieure à 5 p. 100. En cas d'impossibilité technique d'utiliser des pentes inférieures à 5 p. 100, sont tolérées exceptionnellement des pentes de: 8 p. 100 sur une longueur inférieure à 2 mètres; 12 p. 100 sur une longueur inférieure à 0,50 mètre. 4. Un palier de repos est obligatoire: - tous les 10 mètres lorsqu'une pente dépasse 4 p. 100; - devant chaque porte, en haut et en bas de chaque plan incliné, ainsi qu'à l'intérieur de chaque sas. Les paliers de repos doivent être horizontaux et d'une longueur minimale de 1,40 mètre (hors débattement de porte éventuel). 5. Lorsque le recours à un ressaut est inévitable, celui-ci doit être arrondi ou muni de chanfreins et d'une hauteur maximale de 2 centimètres; toutefois, cette hauteur peut atteindre 4 centimètres lorsque le ressaut est aménagé en chanfrein à un pour trois. La distance minimale entre deux ressauts est de 2,50 mètres. Les pentes comportant des ressauts successifs, dites >, sont interdites. 6. La pente transversale doit être la plus faible possible. En cheminement courant, le dévers doit être inférieur à 2 p. 100. 7. Les trous ou fentes dans le sol (grilles, etc.) doivent avoir un diamètre ou une largeur inférieur à 2 centimètres. Les obstacles isolés, tels que bornes ou poteaux, doivent être de couleur contrastée par rapport à leur environnement immédiat et doivent pouvoir être détectés par un aveugle se déplaçant avec une canne. 8. Un garde-corps préhensible est obligatoire le long de toute rupture de niveau de plus de 0,40 mètre de hauteur. Cette disposition ne s'applique pas aux quais.",2696
https://w3id.org/semleg/legimaintlex/resource/document/arrete-du-27-juin-1994-relatif-aux-dispositions-destinees-a-rendre-accessibles-l-8dac27bba49d/article/3-JORFTEXT000000348933-22,3-JORFTEXT000000348933-22,https://w3id.org/semleg/legimaintlex/resource/document/arrete-du-27-juin-1994-relatif-aux-dispositions-destinees-a-rendre-accessibles-l-8dac27bba49d,JORFTEXT000000348933,3,['Accessibilité handicapés'],1994-06-27,https://w3id.org/semleg/legimaintlex/resource/document/arrete-du-27-juin-1994-relatif-aux-dispositions-destinees-a-rendre-accessibles-l-8dac27bba49d/article/3-JORFTEXT000000348933-22/content,"Art. 3. - I. - Un ascenseur est considéré comme praticable par des personnes handicapées lorsque ses caractéristiques permettent son utilisation par une personne handicapée en fauteuil roulant. Les temps d'ouverture de la porte d'accès doivent être suffisants pour le passage d'un fauteuil roulant. Les portes coulissantes sont obligatoires. La largeur minimale de passage doit être de 0,80 mètre. Les dimensions intérieures entre revêtements intérieurs de la cabine doivent être au minimum de 1 mètre (parallèlement à la porte) par 1,30 mètre (perpendiculairement à la porte). Les commandes de l'appareil situées sur le côté de la cabine doivent être à une hauteur maximale de 1,30 mètre. A l'arrêt, le plancher de la cabine doit être au même niveau que le plancher à desservir, avec une tolérance de 2 centimètres (en plus ou en moins). Lorsque l'ascenseur comporte plusieurs faces de service, la dimension de 1,30 mètre perpendiculairement à la porte est obligatoire face à chacune des portes. II. - Lorsqu'un ascenseur dessert un bâtiment dont le plancher bas du dernier niveau est à plus de 8 mètres du sol mais ne constituant pas un immeuble de grande hauteur au sens de l'article R. 122-2 du code de la construction, les dispositions complémentaires suivantes doivent être observées. 1. La protection de l'ascenseur doit répondre aux dispositions de l'article 8 de l'arrêté pris pour l'application des articles R. 235-4-8 et R. 235-4-15 du code du travail. 2. L'accès à chaque niveau doit s'effectuer au travers d'un local d'attente servant de refuge dont les caractéristiques doivent être les suivantes: a) Superficie: la superficie du local doit être calculée de façon à recevoir toutes les personnes handicapées appelées à fréquenter le niveau concerné lorsque leur nombre est connu et, dans le cas contraire, à recevoir à 1/100 des effectifs susceptibles de fréquenter ce niveau; cette superficie est augmentée lorsque ce local donne également accès à l'escalier, de sorte que cet accès reste disponible; b) Résistance au feu: les parois de ce local doivent être au moins coupe-feu de degré une heure; les blocs-portes doivent être au moins pare-flamme de degré une demi-heure, équipés de ferme-porte et ouvrant vers l'intérieur du local; c) Réaction au feu: les revêtements doivent avoir au moins les degrés de réaction au feu prescrits par l'article 9 de l'arrêté cité au paragraphe II, 1o, du présent article; d) Désenfumage: le local doit être désenfumé dans les conditions fixées par la section 2 du même arrêté; e) Distance maximale: la distance maximale à parcourir de tout point accessible par une personne handicapée pour atteindre la porte d'accès du local d'attente le plus proche est de 40 mètres lorsqu'il y a le choix entre deux locaux d'attente et de 30 mètres dans le cas contraire; f) Equipement: le local doit être équipé d'un éclairage de sécurité conforme à l'arrêté du 10 novembre 1976 et d'un système permettant de communiquer avec le concierge ou gardien du bâtiment, ou tout autre préposé. Toutefois, des solutions autres que le local d'attente peuvent être réalisées, après accord de l'inspecteur du travail et avis de la commission consultative départementale de la protection civile, de la sécurité et de l'accessibilité pour les établissements recevant du public, telles que coursive d'accès et ascenseur extérieur, coursive d'accès extérieure. 3. Un tel ascenseur doit disposer d'une alimentation électrique de sécurité qui peut être assurée: a) Soit par un groupe moteur thermique-générateur qui, à partir de la défaillance de la source normale, doit pouvoir assurer l'alimentation de l'ascenseur dans un délai inférieur à une seconde; b) Soit par une dérivation issue directement du tableau principal et sélectivement protégée. 4. La cabine d'un tel ascenseur doit être équipée: a) D'un dispositif de commande accompagnée, fonctionnant à l'aide d'une clé; un nombre suffisant de clés, d'un modèle unique, doit être remis au chef d'établissement; b) D'un système permettant de communiquer avec le poste de sécurité s'il existe ou avec l'une des personnes mentionnées au paragraphe II, 2o, f, ci-dessus.",4143
https://w3id.org/semleg/legimaintlex/resource/document/arrete-du-27-juin-1994-relatif-aux-dispositions-destinees-a-rendre-accessibles-l-8dac27bba49d/article/4-JORFTEXT000000348933-25,4-JORFTEXT000000348933-25,https://w3id.org/semleg/legimaintlex/resource/document/arrete-du-27-juin-1994-relatif-aux-dispositions-destinees-a-rendre-accessibles-l-8dac27bba49d,JORFTEXT000000348933,4,['Accessibilité handicapés'],1994-06-27,https://w3id.org/semleg/legimaintlex/resource/document/arrete-du-27-juin-1994-relatif-aux-dispositions-destinees-a-rendre-accessibles-l-8dac27bba49d/article/4-JORFTEXT000000348933-25/content,"Art. 4. - Lorsque le niveau à desservir est d'un usage occasionnel pour les personnes handicapées et qu'il n'est pas prévu d'ascenseur praticable ou de rampe, un escalier d'accès au moins doit être conforme aux prescriptions suivantes: 1. La largeur minimale de l'escalier doit être au moins de deux unités de passage au sens de l'article R. 235-4-2 du code du travail; 2. La hauteur maximale des marches est de 16 centimètres; 3. La largeur minimale du giron des marches est de 28 centimètres. Tout escalier de trois marches ou plus doit comporter une main-courante préhensible de part et d'autre. Cette main-courante dépasse les premières et dernières marches de chaque volée. Les nez des marches doivent être bien visibles.",726
https://w3id.org/semleg/legimaintlex/resource/document/arrete-du-27-juin-1994-relatif-aux-dispositions-destinees-a-rendre-accessibles-l-8dac27bba49d/article/5-JORFTEXT000000348933-21,5-JORFTEXT000000348933-21,https://w3id.org/semleg/legimaintlex/resource/document/arrete-du-27-juin-1994-relatif-aux-dispositions-destinees-a-rendre-accessibles-l-8dac27bba49d,JORFTEXT000000348933,5,['Accessibilité handicapés'],1994-06-27,https://w3id.org/semleg/legimaintlex/resource/document/arrete-du-27-juin-1994-relatif-aux-dispositions-destinees-a-rendre-accessibles-l-8dac27bba49d/article/5-JORFTEXT000000348933-21/content,"Art. 5. - Tout parc de stationnement automobile intérieur ou extérieur dépendant d'un lieu de travail dont l'effectif est égal ou supérieur à vingt personnes doit comporter une ou plusieurs places de stationnement aménagées pour les personnes handicapées et réservées à leur usage par la signalisation appropriée prévue à l'article 8 ci-après. Le nombre doit en être, au minimum, d'une place aménagée par tranche de cinquante places de stationnement ou fraction de cinquante places. Un emplacement de stationnement est réputé aménagé pour les personnes handicapées lorsqu'il comporte, latéralement à l'emplacement prévu pour la voiture, une bande d'une largeur minimale de 0,80 mètre, libre de tout obstacle, protégée de la circulation automobile et reliée par un cheminement praticable à l'entrée du lieu de travail. La largeur totale d'un tel emplacement ne doit pas être inférieure à 3,30 mètres. Il doit être signalé conformément à l'article 8 ci-après.",957
https://w3id.org/semleg/legimaintlex/resource/document/arrete-du-27-juin-1994-relatif-aux-dispositions-destinees-a-rendre-accessibles-l-8dac27bba49d/article/6-JORFTEXT000000348933-18,6-JORFTEXT000000348933-18,https://w3id.org/semleg/legimaintlex/resource/document/arrete-du-27-juin-1994-relatif-aux-dispositions-destinees-a-rendre-accessibles-l-8dac27bba49d,JORFTEXT000000348933,6,['Accessibilité handicapés'],1994-06-27,https://w3id.org/semleg/legimaintlex/resource/document/arrete-du-27-juin-1994-relatif-aux-dispositions-destinees-a-rendre-accessibles-l-8dac27bba49d/article/6-JORFTEXT000000348933-18/content,"Art. 6. - En application de l'article R. 235-3-18, les bâtiments accessibles aux handicapés doivent comporter au moins un cabinet d'aisances et un lavabo placé à proximité, aménagés de manière à en permettre l'accès et l'usage autonomes par des personnes circulant en fauteuil roulant. Le nombre de ces équipements accessibles est précisé à l'articleR. 235-2-13. Chaque cabinet d'aisances accessible doit comporter un espace d'accès, à côté de la cuvette, de dimensions minimales, hors tout obstacle et hors débattement de porte, de 0,80 mètre par 1,30 mètre. La hauteur de la cuvette est comprise entre 0,46 mètre et 0,50 mètre. La commande de chasse d'eau doit pouvoir être atteinte par la personne handicapée et être facile à manoeuvrer par une personne ayant des difficultés de préhension. Une barre d'appui latérale doit être installée pour faciliter le transfert sur la cuvette. Cette barre d'appui doit comporter une partie horizontale située à côté de la cuvette et à une hauteur comprise entre 0,70 mètre et 0,80 mètre. Le cabinet d'aisances et le lavabo accessibles aux personnes handicapées doivent être desservis par un cheminement praticable. Lorsque les installations sanitaires sont séparées par sexe, les aménagements définis ci-dessus doivent être prévus pour les personnes handicapées de chaque sexe.",1318
https://w3id.org/semleg/legimaintlex/resource/document/arrete-du-27-juin-1994-relatif-aux-dispositions-destinees-a-rendre-accessibles-l-8dac27bba49d/article/7-JORFTEXT000000348933-20,7-JORFTEXT000000348933-20,https://w3id.org/semleg/legimaintlex/resource/document/arrete-du-27-juin-1994-relatif-aux-dispositions-destinees-a-rendre-accessibles-l-8dac27bba49d,JORFTEXT000000348933,7,['Accessibilité handicapés'],1994-06-27,https://w3id.org/semleg/legimaintlex/resource/document/arrete-du-27-juin-1994-relatif-aux-dispositions-destinees-a-rendre-accessibles-l-8dac27bba49d/article/7-JORFTEXT000000348933-20/content,"Art. 7. - Le local de restauration et, le cas échéant, le local de repos doivent comporter des emplacements accessibles aux personnes handicapées par un cheminement praticable. Ces emplacements, au nombre de deux pour les locaux de cinquante places au moins et d'un emplacement supplémentaire par tranche de cinquante ou fraction de cinquante en sus, doivent pouvoir être dégagés lors de l'arrivée des personnes handicapées. La hauteur d'une table utilisable par une personne handicapée en fauteuil roulant doit être inférieure à 0,80 mètre (face supérieure); le bord inférieur doit être au moins à 0,70 mètre du sol.",617
https://w3id.org/semleg/legimaintlex/resource/document/arrete-du-27-juin-1994-relatif-aux-dispositions-destinees-a-rendre-accessibles-l-8dac27bba49d/article/8-JORFTEXT000000348933-19,8-JORFTEXT000000348933-19,https://w3id.org/semleg/legimaintlex/resource/document/arrete-du-27-juin-1994-relatif-aux-dispositions-destinees-a-rendre-accessibles-l-8dac27bba49d,JORFTEXT000000348933,8,['Accessibilité handicapés'],1994-06-27,https://w3id.org/semleg/legimaintlex/resource/document/arrete-du-27-juin-1994-relatif-aux-dispositions-destinees-a-rendre-accessibles-l-8dac27bba49d/article/8-JORFTEXT000000348933-19/content,"Art. 8. - Les cheminements spécifiques pour les personnes à mobilité réduite, lorsqu'ils ne se confondent pas avec les cheminements courants du personnel, ainsi que les installations accessibles (emplacements de parking, cabinets d'aisances, etc.) doivent être signalés par le symbole international d'accessibilité (personne assise dans un fauteuil roulant vue de profil). Les dispositions prises pour assurer aux personnes handicapées l'usage des services sont précisées dans une fiche annexée au dossier de maintenance prévu à l'article R. 235-5 du code du travail.",567
https://w3id.org/semleg/legimaintlex/resource/document/arrete-du-27-juin-1994-relatif-aux-dispositions-destinees-a-rendre-accessibles-l-8dac27bba49d/article/9-JORFTEXT000000348933-24,9-JORFTEXT000000348933-24,https://w3id.org/semleg/legimaintlex/resource/document/arrete-du-27-juin-1994-relatif-aux-dispositions-destinees-a-rendre-accessibles-l-8dac27bba49d,JORFTEXT000000348933,9,['Accessibilité handicapés'],1994-06-27,https://w3id.org/semleg/legimaintlex/resource/document/arrete-du-27-juin-1994-relatif-aux-dispositions-destinees-a-rendre-accessibles-l-8dac27bba49d/article/9-JORFTEXT000000348933-24/content,Art. 9. - Les dispositions du présent arrêté sont applicables six mois après sa date de parution: 1. Aux opérations de construction ou d'aménagement de bâtiments pour lesquelles une demande de permis de construire est déposée après la date indiquée ci-dessus; 2. Aux opérations de construction ou d'aménagement de bâtiments ne nécessitant pas de permis de construire dont le début des travaux est postérieur à la date indiquée ci-dessus.,437
https://w3id.org/semleg/legimaintlex/resource/document/arrete-du-27-juin-1994-relatif-aux-emissions-de-valeurs-du-tresor-au-cours-du-mo-74009eb66477/article/1er-JORFTEXT000000365435-35,1er-JORFTEXT000000365435-35,https://w3id.org/semleg/legimaintlex/resource/document/arrete-du-27-juin-1994-relatif-aux-emissions-de-valeurs-du-tresor-au-cours-du-mo-74009eb66477,JORFTEXT000000365435,1er,['Accessibilité handicapés'],1994-06-27,https://w3id.org/semleg/legimaintlex/resource/document/arrete-du-27-juin-1994-relatif-aux-emissions-de-valeurs-du-tresor-au-cours-du-mo-74009eb66477/article/1er-JORFTEXT000000365435-35/content,"Art. 1er. - Le montant des émissions d'obligations assimilables du Trésor en francs réalisées au cours du mois d'avril 1994 est arrêté à la somme de 19,818 milliards de francs répartis comme suit: 12,149 milliards de francs d'obligations assimilables du Trésor 5,5 p. 100 Avril 2004; le prix moyen pondéré de ces obligations qui portent jouissance du 25 avril 1994 a été arrêté à 93,00 p. 100; les souscriptions ont été réglées le 25 avril 1994; 5,100 milliards de francs d'obligations assimilables du Trésor 8,25 p. 100 Février 2004; le prix moyen pondéré de ces obligations qui portent jouissance du 27 février 1994 a été arrêté à 112,60 p. 100; les souscriptions ont été réglées le 25 avril 1994; 2,569 milliards de francs d'obligations assimilables du Trésor 6 p. 100 Octobre 2025; le prix moyen pondéré de ces obligations qui portent jouissance du 25 octobre 1993 a été arrêté à 86,78 p.100; les souscriptions ont été réglées le 25 avril 1994.",948
https://w3id.org/semleg/legimaintlex/resource/document/arrete-du-27-juin-1994-relatif-aux-emissions-de-valeurs-du-tresor-au-cours-du-mo-74009eb66477/article/2-JORFTEXT000000365435-36,2-JORFTEXT000000365435-36,https://w3id.org/semleg/legimaintlex/resource/document/arrete-du-27-juin-1994-relatif-aux-emissions-de-valeurs-du-tresor-au-cours-du-mo-74009eb66477,JORFTEXT000000365435,2,['Accessibilité handicapés'],1994-06-27,https://w3id.org/semleg/legimaintlex/resource/document/arrete-du-27-juin-1994-relatif-aux-emissions-de-valeurs-du-tresor-au-cours-du-mo-74009eb66477/article/2-JORFTEXT000000365435-36/content,"Art. 2. - Le montant des émissions de bons du Trésor en compte courant à taux fixe et intérêts annuels réalisées au cours du mois d'avril 1994 est arrêté à la somme de 21,862 milliards de francs répartis comme suit: 10,402 milliards de francs de bons du Trésor à taux fixe et intérêts annuels 4,50 p. 100 12 mai 1996; le prix moyen pondéré de ces bons qui portent jouissance du 12 mai 1994 a été arrêté à 97,34 p. 100; les souscriptions ont été réglées le 13 mai 1994; 11,460 milliards de francs de bons du Trésor à taux fixe et intérêts annuels 4,75 p. 100 12 avril 1999; le prix moyen pondéré de ces bons qui portent jouissance du 12 avril 1994 a été arrêté à 93,20 p. 100; les souscriptions ont été réglées le 13 mai 1994.",725
https://w3id.org/semleg/legimaintlex/resource/document/arrete-du-27-juin-1994-relatif-aux-emissions-de-valeurs-du-tresor-au-cours-du-mo-74009eb66477/article/3-JORFTEXT000000365435-32,3-JORFTEXT000000365435-32,https://w3id.org/semleg/legimaintlex/resource/document/arrete-du-27-juin-1994-relatif-aux-emissions-de-valeurs-du-tresor-au-cours-du-mo-74009eb66477,JORFTEXT000000365435,3,['Accessibilité handicapés'],1994-06-27,https://w3id.org/semleg/legimaintlex/resource/document/arrete-du-27-juin-1994-relatif-aux-emissions-de-valeurs-du-tresor-au-cours-du-mo-74009eb66477/article/3-JORFTEXT000000365435-32/content,"Art. 3. - Le montant nominal des rachats de bons du Trésor en compte courant à taux fixe et intérêts annuels réalisés au cours du mois d'avril 1994 est arrêté à la somme de 520 millions de francs de nominal de bons du Trésor en compte courant à taux fixe et intérêts annuels 8 p. 100 12 avril 1994. Le prix moyen pondéré de ces rachats est arrêté à 100,02 p. 100.",363
https://w3id.org/semleg/legimaintlex/resource/document/arrete-du-27-juin-1994-relatif-aux-emissions-de-valeurs-du-tresor-au-cours-du-mo-74009eb66477/article/4-JORFTEXT000000365435-33,4-JORFTEXT000000365435-33,https://w3id.org/semleg/legimaintlex/resource/document/arrete-du-27-juin-1994-relatif-aux-emissions-de-valeurs-du-tresor-au-cours-du-mo-74009eb66477,JORFTEXT000000365435,4,['Accessibilité handicapés'],1994-06-27,https://w3id.org/semleg/legimaintlex/resource/document/arrete-du-27-juin-1994-relatif-aux-emissions-de-valeurs-du-tresor-au-cours-du-mo-74009eb66477/article/4-JORFTEXT000000365435-33/content,"Art. 4. - Le montant des émissions de bons du Trésor en compte courant à taux fixe et intérêts précomptés réalisées au cours du mois d'avril 1994 a été arrêté à la somme de 65,227 milliards de francs répartis comme suit:   Vous pouvez consulter le tableau dans le JO no 0155 du 06/07/94 Page 9729 a 9730",303
https://w3id.org/semleg/legimaintlex/resource/document/arrete-du-27-juin-1994-relatif-aux-emissions-de-valeurs-du-tresor-au-cours-du-mo-74009eb66477/article/5-JORFTEXT000000365435-34,5-JORFTEXT000000365435-34,https://w3id.org/semleg/legimaintlex/resource/document/arrete-du-27-juin-1994-relatif-aux-emissions-de-valeurs-du-tresor-au-cours-du-mo-74009eb66477,JORFTEXT000000365435,5,['Accessibilité handicapés'],1994-06-27,https://w3id.org/semleg/legimaintlex/resource/document/arrete-du-27-juin-1994-relatif-aux-emissions-de-valeurs-du-tresor-au-cours-du-mo-74009eb66477/article/5-JORFTEXT000000365435-34/content,Art. 5. - Le montant des émissions et des rachats d'obligations assimilables du Trésor en francs et de bons du Trésor en compte courant à taux fixe et intérêts annuels en écus réalisés au cours du mois d'avril 1994 au profit du fonds de soutien des rentes ainsi que l'encours de ces titres au 30 avril 1994 sont retracés dans le tableau suivant:   Vous pouvez consulter le tableau dans le JO no 0155 du 06/07/94 Page 9729 a 9730,428
https://w3id.org/semleg/legimaintlex/resource/document/arrete-du-29-decembre-2016-designant-les-associations-d-usagers-du-systeme-de-sa-28926963c9a5/article/article-JORFTEXT000033825653-383,article-JORFTEXT000033825653-383,https://w3id.org/semleg/legimaintlex/resource/document/arrete-du-29-decembre-2016-designant-les-associations-d-usagers-du-systeme-de-sa-28926963c9a5,JORFTEXT000033825653,,['Accessibilité handicapés'],2016-12-29,https://w3id.org/semleg/legimaintlex/resource/document/arrete-du-29-decembre-2016-designant-les-associations-d-usagers-du-systeme-de-sa-28926963c9a5/article/article-JORFTEXT000033825653-383/content,"En application de l' article D. 4122-4-3 du code de la santé publique , les commissions mentionnées à l'article D. 4122-4-2 du même code comprennent chacune : 1° Un représentant de l'association AIDES ; 2° Un représentant de l'association des paralysés de France (APF) ; 3° Un représentant du collectif interassociatif sur la santé (CISS) ; 4° Un représentant du Mouvement français pour le planning familial (MFPF) ; 5° Un représentant de l'Union nationale des associations de parents, de personnes handicapées mentales et de leurs amis (UNAPEI).",546
https://w3id.org/semleg/legimaintlex/resource/document/arrete-du-29-decembre-2016-fixant-la-liste-des-actes-relatifs-a-la-situation-ind-6b280cf90fa5/article/article-JORFTEXT000033736774-387,article-JORFTEXT000033736774-387,https://w3id.org/semleg/legimaintlex/resource/document/arrete-du-29-decembre-2016-fixant-la-liste-des-actes-relatifs-a-la-situation-ind-6b280cf90fa5,JORFTEXT000033736774,,['Accessibilité handicapés'],2016-12-29,https://w3id.org/semleg/legimaintlex/resource/document/arrete-du-29-decembre-2016-fixant-la-liste-des-actes-relatifs-a-la-situation-ind-6b280cf90fa5/article/article-JORFTEXT000033736774-387/content,"Pour les agents publics exerçant leurs fonctions dans les préfectures, les sous-préfectures et les services déconcentrés des administrations civiles de l'Etat mentionnés à l'annexe du présent arrêté, les chefs des services sous l'autorité desquels sont placés ces personnels donnent leur avis préalablement, le cas échéant à la réunion de l'instance consultative du personnel compétente, à l'édiction des actes suivants : 1° La proposition d'inscription au tableau d'avancement ; 2° L'avancement à un échelon spécial ; 3° L'établissement de la liste d'aptitude ; 4° Le détachement ; 5° Le renouvellement du détachement ; 6° La mutation après avis du chef de service d'origine ; 7° L'affectation prévue par le décret du 18 avril 2008 susvisé .",742
https://w3id.org/semleg/legimaintlex/resource/document/arrete-du-29-decembre-2016-portant-deconcentration-des-actes-relatifs-a-la-situa-557bfd1d739a/article/article-JORFTEXT000033759410-394,article-JORFTEXT000033759410-394,https://w3id.org/semleg/legimaintlex/resource/document/arrete-du-29-decembre-2016-portant-deconcentration-des-actes-relatifs-a-la-situa-557bfd1d739a,JORFTEXT000033759410,,['Accessibilité handicapés'],2016-12-29,https://w3id.org/semleg/legimaintlex/resource/document/arrete-du-29-decembre-2016-portant-deconcentration-des-actes-relatifs-a-la-situa-557bfd1d739a/article/article-JORFTEXT000033759410-394/content,"ANNEXE 4 Les directions régionales de l'environnement, de l'aménagement et du logement. Les directions de l'environnement, de l'aménagement et du logement. Les directions de la mer. La direction des territoires, de l'alimentation et de la mer de Saint-Pierre et Miquelon. La direction régionale et interdépartementale de l'environnement et de l'énergie d'Ile-de-France. La direction régionale et interdépartementale de l'équipement et de l'aménagement d'Ile-de-France. La direction régionale et interdépartementale de l'hébergement et du logement.",547
https://w3id.org/semleg/legimaintlex/resource/document/arrete-du-29-decembre-2016-portant-deconcentration-des-actes-relatifs-a-la-situa-557bfd1d739a/article/article-JORFTEXT000033759410-395,article-JORFTEXT000033759410-395,https://w3id.org/semleg/legimaintlex/resource/document/arrete-du-29-decembre-2016-portant-deconcentration-des-actes-relatifs-a-la-situa-557bfd1d739a,JORFTEXT000033759410,,['Accessibilité handicapés'],2016-12-29,https://w3id.org/semleg/legimaintlex/resource/document/arrete-du-29-decembre-2016-portant-deconcentration-des-actes-relatifs-a-la-situa-557bfd1d739a/article/article-JORFTEXT000033759410-395/content,"Pour les fonctionnaires relevant des corps ou emplois mentionnés à l'annexe 1-a du présent arrêté exerçant leurs fonctions dans les services déconcentrés des administrations civiles de l'Etat mentionnés à l'annexe 2 du présent arrêté, sont déléguées aux préfets de région, au préfet de Mayotte et au représentant de l'Etat à Saint-Pierre-et-Miquelon par le ministre chargé de l'environnement, le ministre chargé de l'économie, le ministre chargé des affaires sociales, le ministre chargé de la santé, le ministre chargé du travail, le ministre de l'intérieur, le ministre chargé de l'agriculture, le ministre chargé du logement, le ministre chargé de la culture, le ministre chargé des familles, le ministre chargé de la ville, le ministre chargé de la jeunesse et des sports, chacun en ce qui le concerne, les décisions individuelles relatives : 1° Au congé annuel et à l'attribution de jours de réduction du temps de travail ; 2° Aux congés de maternité ou pour adoption, de paternité et d'accueil de l'enfant ; 3° Au congé de maladie ; 4° Au congé de longue maladie ; 5° Au congé de longue durée ; 6° Au congé de formation professionnelle ; 7° Au congé pour validation des acquis de l'expérience ; 8° Au congé pour bilan de compétences ; 9° Au congé pour formation syndicale ; 10° Au congé pour formation en matière d'hygiène et de sécurité pour les représentants du personnel siégeant au sein des comités d'hygiène, de sécurité et des conditions de travail ; 11° Au congé pour participer aux activités des associations de jeunesse et d'éducation populaire, des fédérations et des associations sportives de plein air ; 12° Au congé de solidarité familiale ; 13° Au congé de représentation d'une association ou d'une mutuelle ; 14° Au congé de présence parentale ; 15° Au congé parental ; 16° Aux congés prévus aux titres IV et V du décret du 7 octobre 1994 susvisé ; 17° A la réintégration, après les congés mentionnés au 1° à 16°, dans les mêmes services, sans changement de département ou de collectivité d'outre-mer ; 18° Au congé pour l'accomplissement de périodes de service militaire, d'instruction militaire ou d'activité dans la réserve opérationnelle, de périodes d'activité dans la réserve de sécurité civile, de périodes d'activité dans la réserve sanitaire et de périodes d'activités dans la réserve civile de la police nationale ; 19° Aux autorisations d'absence pour suivre des formations continues et formations de préparation aux examens et aux concours administratifs ; 20° A l'utilisation des congés accumulés sur un compte épargne-temps ; 21° A l'autorisation d'exercer les fonctions à temps partiel y compris pour raison thérapeutique, et au retour dans l'exercice des fonctions à temps plein ; 22° A l'attribution des droits ouverts au titre du droit individuel à la formation ; 23° A l'autorisation de l'exercice des fonctions en télétravail ; 24° Aux disponibilités de droit ; 25° Aux disponibilités d'office ; 26° A l'affectation à un poste de travail au sein du même département ministériel qui n'entraîne ni changement de résidence administrative, ni modification de la situation de l'agent notamment au regard des fonctions ; 27° A la reconnaissance de l'imputabilité au service des accidents de service, à l'exception de ceux survenus aux chefs des services déconcentrés ; 28° A l'exercice d'une activité accessoire dans le cadre d'un cumul d'activités prévu par les dispositions du chapitre Ier du décret du 2 mai 2007 susvisé ; 29° A l'établissement et la signature des cartes d'identités de fonctionnaires et des cartes professionnelles, à l'exception de celles concernant les emplois régis par l' article 1er du décret du 31 mars 2009 susvisé ; 30° Aux sanctions disciplinaires du premier groupe.",3731
https://w3id.org/semleg/legimaintlex/resource/document/arrete-du-29-decembre-2016-portant-deconcentration-des-actes-relatifs-a-la-situa-557bfd1d739a/article/article-JORFTEXT000033759410-396,article-JORFTEXT000033759410-396,https://w3id.org/semleg/legimaintlex/resource/document/arrete-du-29-decembre-2016-portant-deconcentration-des-actes-relatifs-a-la-situa-557bfd1d739a,JORFTEXT000033759410,,['Accessibilité handicapés'],2016-12-29,https://w3id.org/semleg/legimaintlex/resource/document/arrete-du-29-decembre-2016-portant-deconcentration-des-actes-relatifs-a-la-situa-557bfd1d739a/article/article-JORFTEXT000033759410-396/content,"Pour les agents contractuels mentionnés à l'annexe 1-b du présent arrêté exerçant leurs fonctions dans les services déconcentrés des administrations civiles de l'Etat mentionnés à l'annexe 2 du présent arrêté, sont déléguées aux préfets de région, au préfet de Mayotte et au représentant de l'Etat à Saint-Pierre-et-Miquelon, par le ministre chargé de l'environnement, le ministre chargé de l'économie, le ministre chargé des affaires sociales, le ministre chargé de la santé, le ministre chargé du travail, le ministre de l'intérieur, le ministre chargé de l'agriculture, le ministre chargé du logement, le ministre chargé de la culture, le ministre chargé des familles, le ministre chargé de la ville, le ministre chargé de la jeunesse et des sports, chacun en ce qui le concerne, les décisions individuelles relatives : 1° Au congé annuel et à l'attribution de jours de réduction du temps de travail ; 2° Au congé pour formation syndicale ; 3° Au congé pour formation en matière d'hygiène et de sécurité pour les représentants du personnel siégeant au sein des comités techniques et des comités d'hygiène, de sécurité et des conditions de travail ; 4° Au congé pour formation de cadres et d'animateurs pour la jeunesse ; 5° Au congé de formation professionnelle ; 6° Au congé de représentation ; 7° Au congé de maladie ; 8° Au congé de grave maladie ; 9° Aux congés de maternité ou d'adoption, de paternité et d'accueil de l'enfant ; 10° Aux congés non rémunérés pour raisons familiales ou personnelles prévus au titre V du décret du 17 janvier 1986 susvisé ; 11° Au congé pour validation des acquis de l'expérience ; 12° Au congé pour bilan de compétences ; 13° Au congé pour l'accomplissement de périodes de service militaire, d'instruction militaire ou d'activité dans la réserve opérationnelle, de périodes d'activité dans la réserve de sécurité civile, de périodes d'activité dans la réserve sanitaire et de périodes d'activités dans la réserve civile de la police nationale ; 14° Aux autorisations d'absence pour suivre des formations continues et formation de préparation aux examens et aux concours administratifs ; 15° A l'attribution des droits ouverts au titre du droit individuel à la formation ; 16° A l'autorisation de l'exercice des fonctions en télétravail ; 17° A l'utilisation des congés accumulés sur un compte épargne-temps ; 18° A l'autorisation d'exercer des fonctions à temps partiel, y compris pour raison thérapeutique, et au retour dans l'exercice des fonctions à temps plein ; 19° A la reconnaissance de l'imputabilité au service des accidents du travail ; 20° A l'exercice d'une activité accessoire dans le cadre d'un cumul d'activités prévu par les dispositions du chapitre Ier du décret du 2 mai 2007 susvisé ; 21° A l'avertissement et au blâme.",2778
https://w3id.org/semleg/legimaintlex/resource/document/arrete-du-29-decembre-2016-portant-deconcentration-des-actes-relatifs-a-la-situa-557bfd1d739a/article/article-JORFTEXT000033759410-397,article-JORFTEXT000033759410-397,https://w3id.org/semleg/legimaintlex/resource/document/arrete-du-29-decembre-2016-portant-deconcentration-des-actes-relatifs-a-la-situa-557bfd1d739a,JORFTEXT000033759410,,['Accessibilité handicapés'],2016-12-29,https://w3id.org/semleg/legimaintlex/resource/document/arrete-du-29-decembre-2016-portant-deconcentration-des-actes-relatifs-a-la-situa-557bfd1d739a/article/article-JORFTEXT000033759410-397/content,"I. - Pour les fonctionnaires relevant des corps ou emplois mentionnés à l'annexe 1-c du présent arrêté exerçant leurs fonctions dans les préfectures et les sous-préfectures de leur ressort territorial sont déléguées aux préfets de région, à l'exception du préfet de la région Ile-de-France, préfet de Paris, par le ministre de l'intérieur, les décisions individuelles relatives : 1° Au recrutement de travailleurs handicapés en application du décret du 25 août 1995 susvisé , à l'exception des agents de catégorie A ; 2° A l'autorisation de prolongation d'activité au-delà de la limite d'âge ; 3° Au congé parental ; 4° Aux congés prévus aux articles 19 , 20 et 21 du décret du 7 octobre 1994 susvisé ; 5° Au congé pour l'accomplissement de périodes de service militaire, d'instruction militaire ou d'activités dans la réserve opérationnelle, de périodes d'activité dans la réserve de sécurité civile, de périodes d'activité dans la réserve sanitaire et de périodes d'activité dans la réserve civile de la police nationale ; 6° Aux disponibilités de droit. II. - Pour les fonctionnaires relevant des corps ou emplois mentionnés à l'annexe 1-c du présent arrêté exerçant leurs fonctions dans les préfectures et les sous-préfectures d'Ile-de-France, sont déléguées aux préfets de département d'Ile-de-France, pour les personnels placés sous leur autorité, et au préfet de la région Ile-de-France, préfet de Paris, pour les personnels affectés à la préfecture de Paris, par le ministre de l'intérieur, les décisions individuelles relatives : 1° A l'autorisation de prolongation d'activité au-delà de la limite d'âge ; 2° Au congé parental ; 3° Aux congés prévus aux articles 19 , 20 et 21 du décret du 7 octobre 1994 susvisé ; 4° Au congé pour l'accomplissement de périodes de service militaire, d'instruction militaire ou d'activités dans la réserve opérationnelle, de périodes d'activité dans la réserve de sécurité civile, de périodes d'activité dans la réserve sanitaire et de périodes d'activité dans la réserve civile de la police nationale ; 5° Aux disponibilités de droit.",2077
https://w3id.org/semleg/legimaintlex/resource/document/arrete-du-29-decembre-2016-portant-deconcentration-des-actes-relatifs-a-la-situa-557bfd1d739a/article/article-JORFTEXT000033759410-398,article-JORFTEXT000033759410-398,https://w3id.org/semleg/legimaintlex/resource/document/arrete-du-29-decembre-2016-portant-deconcentration-des-actes-relatifs-a-la-situa-557bfd1d739a,JORFTEXT000033759410,,['Accessibilité handicapés'],2016-12-29,https://w3id.org/semleg/legimaintlex/resource/document/arrete-du-29-decembre-2016-portant-deconcentration-des-actes-relatifs-a-la-situa-557bfd1d739a/article/article-JORFTEXT000033759410-398/content,"Pour les fonctionnaires relevant des corps ou emplois mentionnés aux annexes 1-c et 1-d du présent arrêté exerçant leurs fonctions dans les préfectures et les sous-préfectures de leur ressort territorial, sont déléguées aux préfets de département par le ministre de l'intérieur, les décisions individuelles relatives : 1° Au congé annuel et à l'attribution de jours de réduction du temps de travail ; 2° Aux congés de maternité ou d'adoption, de paternité et d'accueil de l'enfant ; 3° Au congé de maladie ; 4° Au congé de longue maladie ; 5° Au congé de longue durée ; 6° Au congé de formation professionnelle ; 7° Au congé pour validation des acquis de l'expérience ; 8° Au congé pour bilan de compétences ; 9° Au congé pour formation syndicale ; 10° Au congé pour formation en matière d'hygiène et de sécurité pour les représentants du personnel siégeant au sein des comités d'hygiène, de sécurité et des conditions de travail ; 11° Au congé pour participer aux activités des associations de jeunesse et d'éducation populaire, des fédérations et des associations sportives de plein air ; 12° Au congé de solidarité familiale ; 13° Au congé de représentation d'une association ou d'une mutuelle ; 14° Au congé de présence parentale ; 15° Aux congés prévus aux titres IV et V du décret du 7 octobre 1994 susvisé, à l'exception de ceux prévus aux articles 19, 20 et 21 ; 16° A la réintégration, après les congés mentionnés au 1° à 15° dans les mêmes services, sans changement de département ou de collectivité d'outre-mer ; 17° A l'utilisation des congés accumulés sur un compte épargne-temps ; 18° Aux autorisations d'absence pour suivre des formations continues et formations de préparation aux examens et aux concours administratifs ; 19° A l'autorisation d'exercer les fonctions à temps partiel y compris pour raison thérapeutique, et au retour dans l'exercice des fonctions à temps plein ; 20° A l'attribution des droits ouverts au titre du droit individuel à la formation ; 21° A l'autorisation de l'exercice des fonctions en télétravail ; 22° Aux disponibilités d'office pour raison de santé ; 23° A l'affectation à un poste de travail au sein du même département ministériel qui n'entraîne ni changement de résidence administrative, ni modification de la situation de l'agent notamment au regard des fonctions ; 24° A la reconnaissance de l'imputabilité au service des accidents de service ; 25° A l'exercice d'une activité accessoire dans le cadre d'un cumul d'activités prévu par les dispositions du chapitre Ier du décret du 2 mai 2007 susvisé ; 26° A l'établissement et la signature des cartes d'identités de fonctionnaires et des cartes professionnelles, à l'exception de celles concernant les emplois régis par l' article 1er du décret du 31 mars 2009 susvisé ; 27° Aux sanctions disciplinaires du premier groupe ; 28° Au congé bonifié pour les personnels dont la résidence administrative est outre-mer ; 29° Au congé et à l'autorisation d'absence pour l'exercice d'un mandat électif local.",3004
https://w3id.org/semleg/legimaintlex/resource/document/arrete-du-29-decembre-2016-portant-deconcentration-des-actes-relatifs-a-la-situa-557bfd1d739a/article/article-JORFTEXT000033759410-399,article-JORFTEXT000033759410-399,https://w3id.org/semleg/legimaintlex/resource/document/arrete-du-29-decembre-2016-portant-deconcentration-des-actes-relatifs-a-la-situa-557bfd1d739a,JORFTEXT000033759410,,['Accessibilité handicapés'],2016-12-29,https://w3id.org/semleg/legimaintlex/resource/document/arrete-du-29-decembre-2016-portant-deconcentration-des-actes-relatifs-a-la-situa-557bfd1d739a/article/article-JORFTEXT000033759410-399/content,"Pour les agents contractuels mentionnés à l'annexe 1-b du présent arrêté exerçant leurs fonctions dans les préfectures et les sous-préfectures de leur ressort territorial, sont déléguées aux préfets de département par le ministre de l'intérieur, les décisions individuelles relatives : 1° Au recrutement d'un agent contractuel de droit public soumis aux dispositions du décret du 17 janvier 1986 susvisé pour les contrats d'une durée inférieure à douze mois ; 2° Au licenciement durant la période d'essai pour les contrats d'une durée inférieure à douze mois ; 3° A l'autorisation de prolongation d'activité au-delà de la limite d'âge pour les contrats d'une durée inférieure à douze mois ; 4° Au congé annuel et à l'attribution de jours de réduction du temps de travail ; 5° Au congé pour formation syndicale ; 6° Au congé pour formation en matière d'hygiène et de sécurité pour les représentants du personnel siégeant au sein des comités techniques et des comités d'hygiène, de sécurité et des conditions de travail ; 7° Au congé pour formation de cadres et d'animateurs pour la jeunesse ; 8° Au congé de formation professionnelle ; 9° Au congé de représentation ; 10° Au congé de maladie ; 11° Au congé de grave maladie ; 12° Aux congés de maternité ou d'adoption, de paternité et d'accueil de l'enfant ; 13° Aux congés non rémunérés pour raisons familiales ou personnelles prévus au titre V du décret du 17 janvier 1986 susvisé ; 14° Au congé pour validation des acquis de l'expérience ; 15° Au congé pour bilan de compétences ; 16° Au congé pour l'accomplissement de périodes de service militaire, d'instruction militaire ou d'activité dans la réserve opérationnelle, de périodes d'activité dans la réserve de sécurité civile, de périodes d'activité dans la réserve sanitaire et de périodes d'activité dans la réserve civile de la police nationale ; 17° A l'attribution des droits ouverts au titre du droit individuel à la formation ; 18° A l'autorisation de l'exercice des fonctions en télétravail ; 19° A l'utilisation des congés accumulés sur un compte épargne-temps ; 20° Aux autorisations d'absence pour suivre des formations continues et formation de préparation aux examens et aux concours administratifs ; 21° Au congé et à l'autorisation d'absence pour l'exercice d'un mandat électif local ; 22° A l'autorisation d'exercer des fonctions à temps partiel, y compris pour raison thérapeutique, et au retour dans l'exercice des fonctions à temps plein ; 23° A la reconnaissance de l'imputabilité au service des accidents du travail ; 24° A l'exercice d'une activité accessoire dans le cadre d'un cumul d'activités prévu par les dispositions du chapitre Ier du décret du 2 mai 2007 susvisé ; 25° A l'avertissement et au blâme.",2735
https://w3id.org/semleg/legimaintlex/resource/document/arrete-du-29-decembre-2016-portant-deconcentration-des-actes-relatifs-a-la-situa-557bfd1d739a/article/article-JORFTEXT000033759410-400,article-JORFTEXT000033759410-400,https://w3id.org/semleg/legimaintlex/resource/document/arrete-du-29-decembre-2016-portant-deconcentration-des-actes-relatifs-a-la-situa-557bfd1d739a,JORFTEXT000033759410,,['Accessibilité handicapés'],2016-12-29,https://w3id.org/semleg/legimaintlex/resource/document/arrete-du-29-decembre-2016-portant-deconcentration-des-actes-relatifs-a-la-situa-557bfd1d739a/article/article-JORFTEXT000033759410-400/content,"I. - Pour les fonctionnaires relevant des corps ou emplois mentionnés à l'annexe 1-d du présent arrêté exerçant leurs fonctions dans les préfectures et les sous-préfectures de leur ressort territorial, sont déléguées aux préfets de zone de défense et de sécurité, à l'exception du préfet de police, préfet de la zone de défense et de sécurité de Paris, et des préfets sous l'autorité desquels sont placés les secrétariats généraux pour l'administration de la police en outre-mer, par le ministre de l'intérieur, les décisions individuelles relatives : 1° Au recrutement de travailleurs handicapés en application du décret du 25 août 1995 susvisé , à l'exception des agents de catégorie A et B ; 2° A l'autorisation de prolongation d'activité au-delà de la limite d'âge ; 3° Au congé parental ; 4° Au congé pour l'accomplissement de périodes de service militaire, d'instruction militaire ou d'activité dans la réserve opérationnelle, de périodes d'activité dans la réserve de sécurité civile, de périodes d'activité dans la réserve sanitaire et de périodes d'activité dans la réserve civile de la police nationale ; 5° Aux disponibilités de droit ; 6° Aux congés prévus aux articles 19, 20 et 21 du 7 octobre 1994 susvisé. II. - Pour les fonctionnaires relevant des corps ou emplois mentionnés à l'annexe 1-d du présent arrêté exerçant leurs fonctions dans les préfectures et les sous-préfectures d'Ile-de-France, sont déléguées aux préfets de département d'Ile-de-France, pour les personnels placés sous leur autorité, et au préfet de la région Ile-de-France, préfet de Paris, pour les personnels affectés à la préfecture de Paris, par le ministre de l'intérieur, les décisions individuelles relatives : 1° A l'autorisation de prolongation d'activité au-delà de la limite d'âge ; 2° Au congé parental ; 3° Aux congés prévus aux articles 19 , 20 et 21 du décret du 7 octobre 1994 susvisé ; 4° Au congé pour l'accomplissement de périodes de service militaire, d'instruction militaire ou d'activité dans la réserve opérationnelle, de périodes d'activité dans la réserve de sécurité civile, de périodes d'activité dans la réserve sanitaire et de périodes d'activité dans la réserve civile de la police nationale ; 5° Aux disponibilités de droit. III. - Pour les fonctionnaires relevant des corps ou emplois mentionnés à l'annexe 1-d du présent arrêté exerçant leurs fonctions dans les préfectures et les sous-préfectures de leur ressort territorial, sont déléguées aux préfets des départements d'outre-mer, par le ministre de l'intérieur, les décisions individuelles relatives : 1° Au recrutement de travailleurs handicapés en application du décret du 25 août 1995 susvisé , à l'exception des agents de catégorie A et B ; 2° A l'autorisation de prolongation d'activité au-delà de la limite d'âge ; 3° Au congé parental ; 4° Aux congés prévus aux articles 19 , 20 et 21 du décret du 7 octobre 1994 susvisé ; 5° Au congé pour l'accomplissement de périodes de service militaire, d'instruction militaire ou d'activités dans la réserve opérationnelle, de périodes d'activités dans la réserve de sécurité civile, période d'activité dans la réserve sanitaire et de périodes d'activités dans la réserve civile de la police nationale ; 6° Aux disponibilités de droit.",3254
https://w3id.org/semleg/legimaintlex/resource/document/arrete-du-29-decembre-2016-portant-deconcentration-des-actes-relatifs-a-la-situa-557bfd1d739a/article/article-JORFTEXT000033759410-401,article-JORFTEXT000033759410-401,https://w3id.org/semleg/legimaintlex/resource/document/arrete-du-29-decembre-2016-portant-deconcentration-des-actes-relatifs-a-la-situa-557bfd1d739a,JORFTEXT000033759410,,['Accessibilité handicapés'],2016-12-29,https://w3id.org/semleg/legimaintlex/resource/document/arrete-du-29-decembre-2016-portant-deconcentration-des-actes-relatifs-a-la-situa-557bfd1d739a/article/article-JORFTEXT000033759410-401/content,"Pour les fonctionnaires relevant des corps ou emplois mentionnés à l'annexe 1-a du présent arrêté exerçant leurs fonctions dans les services déconcentrés des administrations civiles de l'Etat mentionnés à l'annexe 3, sont déléguées en sus aux préfets de région, au préfet de Mayotte et au représentant de l'Etat de Saint-Pierre-et-Miquelon, par le ministre chargé des affaires sociales, le ministre chargé de la santé, le ministre chargé du travail, le ministre chargé des familles, le ministre chargé de la ville, le ministre chargé de la jeunesse et le ministre chargé des sports, les décisions individuelles relatives : 1° Au recrutement de travailleurs handicapés en application du décret du 25 août 1995 susvisé , à l'exception des agents de catégorie A ; 2° A l'autorisation de prolongation d'activité au-delà de la limite d'âge ; 3° Au congé bonifié ; 4° Aux autorisations d'absence prévues aux articles 13 et 16 (VI) du décret du 28 mai 1982 susvisé ; 5° Aux autorisations spéciales d'absence pour la participation aux travaux des assemblées électives et des organismes professionnels, pour événements de famille et en cas de cohabitation avec une personne atteinte de maladie contagieuse.",1197
https://w3id.org/semleg/legimaintlex/resource/document/arrete-du-29-decembre-2016-portant-deconcentration-des-actes-relatifs-a-la-situa-557bfd1d739a/article/article-JORFTEXT000033759410-402,article-JORFTEXT000033759410-402,https://w3id.org/semleg/legimaintlex/resource/document/arrete-du-29-decembre-2016-portant-deconcentration-des-actes-relatifs-a-la-situa-557bfd1d739a,JORFTEXT000033759410,,['Accessibilité handicapés'],2016-12-29,https://w3id.org/semleg/legimaintlex/resource/document/arrete-du-29-decembre-2016-portant-deconcentration-des-actes-relatifs-a-la-situa-557bfd1d739a/article/article-JORFTEXT000033759410-402/content,"Pour les agents contractuels mentionnés à l'annexe 1-b du présent arrêté exerçant leurs fonctions dans les services déconcentrés des administrations civiles de l'Etat mentionnés à l'annexe 3, sont déléguées en sus aux préfets de région, au préfet de Mayotte et au représentant de l'Etat de Saint-Pierre-et-Miquelon, le ministre chargé des affaires sociales, le ministre chargé de la santé, le ministre chargé du travail, le ministre chargé des familles, le ministre chargé de la ville, le ministre chargé de la jeunesse et le ministre chargé des sports, les décisions individuelles relatives : 1° Au recrutement d'un agent contractuel de droit public en application du décret du 17 janvier 1986 susvisé ; 2° Au licenciement pendant la période d'essai ; 3° A l'autorisation de prolongation d'activité au-delà de la limite d'âge ; 4° Aux autorisations d'absence prévues aux articles 13 et 16 (VI) du décret du 28 mai 1982 susvisé ; 5° Aux autorisations spéciales d'absence pour la participation aux travaux des assemblées électives et des organismes professionnels, pour événements de famille et en cas de cohabitation avec une personne atteinte de maladie contagieuse.",1167
https://w3id.org/semleg/legimaintlex/resource/document/arrete-du-29-decembre-2016-portant-deconcentration-des-actes-relatifs-a-la-situa-557bfd1d739a/article/article-JORFTEXT000033759410-403,article-JORFTEXT000033759410-403,https://w3id.org/semleg/legimaintlex/resource/document/arrete-du-29-decembre-2016-portant-deconcentration-des-actes-relatifs-a-la-situa-557bfd1d739a,JORFTEXT000033759410,,['Accessibilité handicapés'],2016-12-29,https://w3id.org/semleg/legimaintlex/resource/document/arrete-du-29-decembre-2016-portant-deconcentration-des-actes-relatifs-a-la-situa-557bfd1d739a/article/article-JORFTEXT000033759410-403/content,"Pour les fonctionnaires relevant des corps ou emplois mentionnés à l'annexe 1-a du présent arrêté exerçant leurs fonctions dans les services déconcentrés des administrations civiles de l'Etat mentionnés à l'annexe 4, sont déléguées en sus aux préfets de région, au préfet de Mayotte et au représentant de l'Etat de Saint-Pierre-et-Miquelon, par le ministre chargé de l'environnement et le ministre chargé du logement les décisions individuelles relatives : 1° Aux autorisations d'absence prévues à l' article 13 du décret du 28 mai 1982 susvisé ; 2° Au congé bonifié ; 3° Au recrutement de travailleurs handicapés en application du décret du 25 août 1995 susvisé , pour le corps des adjoints administratifs des administrations de l'Etat.",737
https://w3id.org/semleg/legimaintlex/resource/document/arrete-du-29-decembre-2016-portant-deconcentration-des-actes-relatifs-a-la-situa-557bfd1d739a/article/article-JORFTEXT000033759410-404,article-JORFTEXT000033759410-404,https://w3id.org/semleg/legimaintlex/resource/document/arrete-du-29-decembre-2016-portant-deconcentration-des-actes-relatifs-a-la-situa-557bfd1d739a,JORFTEXT000033759410,,['Accessibilité handicapés'],2016-12-29,https://w3id.org/semleg/legimaintlex/resource/document/arrete-du-29-decembre-2016-portant-deconcentration-des-actes-relatifs-a-la-situa-557bfd1d739a/article/article-JORFTEXT000033759410-404/content,"Pour les agents contractuels mentionnés à l'annexe 1-b du présent arrêté exerçant leurs fonctions dans les services déconcentrés des administrations civiles de l'Etat mentionnés à l'annexe 4, sont déléguées en sus aux préfets de région, au préfet de Mayotte et au représentant de l'Etat de Saint-Pierre-et-Miquelon, par le ministre chargé de l'environnement et le ministre chargé du logement, les décisions individuelles relatives aux autorisations d'absence prévues à l' article 13 du décret du 28 mai 1982 susvisé .",517
https://w3id.org/semleg/legimaintlex/resource/document/arrete-du-29-decembre-2016-portant-deconcentration-des-actes-relatifs-a-la-situa-557bfd1d739a/article/article-JORFTEXT000033759410-405,article-JORFTEXT000033759410-405,https://w3id.org/semleg/legimaintlex/resource/document/arrete-du-29-decembre-2016-portant-deconcentration-des-actes-relatifs-a-la-situa-557bfd1d739a,JORFTEXT000033759410,,['Accessibilité handicapés'],2016-12-29,https://w3id.org/semleg/legimaintlex/resource/document/arrete-du-29-decembre-2016-portant-deconcentration-des-actes-relatifs-a-la-situa-557bfd1d739a/article/article-JORFTEXT000033759410-405/content,"Les préfets, le préfet de Mayotte et le représentant de l'Etat à Saint-Pierre-et-Miquelon peuvent déléguer leur signature aux chefs des services déconcentrés des administrations civiles de l'Etat mentionnés à l'annexe 2 du présent arrêté. Ces derniers peuvent eux-mêmes subdéléguer leur signature aux responsables chargés de la gestion du personnel.",349
https://w3id.org/semleg/legimaintlex/resource/document/arrete-du-29-decembre-2016-portant-deconcentration-des-actes-relatifs-a-la-situa-557bfd1d739a/article/article-JORFTEXT000033759410-406,article-JORFTEXT000033759410-406,https://w3id.org/semleg/legimaintlex/resource/document/arrete-du-29-decembre-2016-portant-deconcentration-des-actes-relatifs-a-la-situa-557bfd1d739a,JORFTEXT000033759410,,['Accessibilité handicapés'],2016-12-29,https://w3id.org/semleg/legimaintlex/resource/document/arrete-du-29-decembre-2016-portant-deconcentration-des-actes-relatifs-a-la-situa-557bfd1d739a/article/article-JORFTEXT000033759410-406/content,"En cas de modification du présent arrêté, l'arrêté modificatif est signé par les ministres concernés et le ministre chargé de la fonction publique.",147
https://w3id.org/semleg/legimaintlex/resource/document/arrete-du-29-decembre-2016-portant-deconcentration-des-actes-relatifs-a-la-situa-557bfd1d739a/article/article-JORFTEXT000033759410-407,article-JORFTEXT000033759410-407,https://w3id.org/semleg/legimaintlex/resource/document/arrete-du-29-decembre-2016-portant-deconcentration-des-actes-relatifs-a-la-situa-557bfd1d739a,JORFTEXT000033759410,,['Accessibilité handicapés'],2016-12-29,https://w3id.org/semleg/legimaintlex/resource/document/arrete-du-29-decembre-2016-portant-deconcentration-des-actes-relatifs-a-la-situa-557bfd1d739a/article/article-JORFTEXT000033759410-407/content,"I.-L'arrêté du 1er juillet 2013 susvisé est ainsi modifié : 1° A l'article 1er, les mots : « aux préfets de région, au préfet de Mayotte, au préfet de Saint-Pierre-et-Miquelon et » sont supprimés ; 2° A l'article 2, les mots : « aux préfets de région, au préfet de Mayotte, au préfet de Saint-Pierre-et-Miquelon, à l'égard des agents affectés dans les services régionaux et départementaux mentionnés à l' article 1er du décret n° 2013-571 du 1er juillet 2013 susvisé , et » sont supprimés ; 3° Les articles 6 et 7 sont abrogés ; II.-Sont abrogées en tant qu'elles concernent les actes mentionnés par le présent arrêté pour les agents mentionnés à l'annexe 1 affectés dans les services mentionnés à l'annexe 2 les dispositions des arrêtés du 20 novembre 2013 susvisés. ; III.-les articles 1er et 3 de l'arrêté du 25 novembre 2014 susvisé sont abrogés ; IV.-Sont abrogées en tant qu'elles concernent les actes mentionnés par le présent arrêté pour les agents mentionnés à l'annexe 1 affectés dans les préfectures et les sous-préfectures les dispositions des arrêtés du 26 janvier 2015 susvisés.",1092
https://w3id.org/semleg/legimaintlex/resource/document/arrete-du-29-decembre-2016-portant-deconcentration-des-actes-relatifs-a-la-situa-557bfd1d739a/article/article-JORFTEXT000033759410-408,article-JORFTEXT000033759410-408,https://w3id.org/semleg/legimaintlex/resource/document/arrete-du-29-decembre-2016-portant-deconcentration-des-actes-relatifs-a-la-situa-557bfd1d739a,JORFTEXT000033759410,,['Accessibilité handicapés'],2016-12-29,https://w3id.org/semleg/legimaintlex/resource/document/arrete-du-29-decembre-2016-portant-deconcentration-des-actes-relatifs-a-la-situa-557bfd1d739a/article/article-JORFTEXT000033759410-408/content,"Les dispositions du présent arrêté entrent en vigueur selon les modalités prévues par le tableau suivant : DATE D'ENTRÉE EN VIGUEUR SERVICES DÉCONCENTRÉS des administrations civiles de l'Etat concernés 1er janvier 2017 Préfecture Sous-préfectures Les secrétariats généraux des affaires régionales Les directions régionales des entreprises, de la concurrence, de la consommation, du travail et de l'emploi Les directions régionales de la jeunesse, des sports et de la cohésion sociale Les directions régionales et départementales de la jeunesse, des sports et de la cohésion sociale La direction régionale et interdépartementale de l'hébergement et du logement Les directions des entreprises, de la concurrence, de la consommation, du travail et de l'emploi Les directions de la jeunesse, des sports et de la cohésion sociale La direction de la cohésion sociale, du travail, de l'emploi et de la population de Saint-Pierre-et-Miquelon Les directions régionales de l'environnement, de l'aménagement et du logement Les directions de l'environnement, de l'aménagement et du logement Les directions de la mer La direction des territoires, de l'alimentation et de la mer de Saint-Pierre et Miquelon La direction régionale et interdépartementale de l'environnement et de l'énergie d'Ile-de-France La direction régionale et interdépartementale de l'équipement et de l'aménagement d'Ile-de-France 1er juillet 2017 Les directions régionales des affaires culturelles Les directions des affaires culturelles Les directions régionales de l'alimentation, de l'agriculture et de la forêt Les directions de l'alimentation, de l'agriculture et de la forêt La direction régionale et interdépartementale de l'alimentation, de l'agriculture et de la forêt",1735
https://w3id.org/semleg/legimaintlex/resource/document/arrete-du-29-decembre-2016-portant-deconcentration-des-actes-relatifs-a-la-situa-557bfd1d739a/article/article-JORFTEXT000033759410-410,article-JORFTEXT000033759410-410,https://w3id.org/semleg/legimaintlex/resource/document/arrete-du-29-decembre-2016-portant-deconcentration-des-actes-relatifs-a-la-situa-557bfd1d739a,JORFTEXT000033759410,,['Accessibilité handicapés'],2016-12-29,https://w3id.org/semleg/legimaintlex/resource/document/arrete-du-29-decembre-2016-portant-deconcentration-des-actes-relatifs-a-la-situa-557bfd1d739a/article/article-JORFTEXT000033759410-410/content,ANNEXE 1-b Agents contractuels de droit public recrutés en application du décret n° 78-457 du 17 mars 1978 modifié fixant les dispositions applicables aux agents contractuels de l'administration centrale et des services déconcentrés du ministère du travail et du ministère de la santé et de la sécurité sociale. Agents contractuels de droit public relevant du décret n° 86-83 du 17 janvier 1986 modifié relatif aux dispositions applicables aux agents contractuels de l'Etat pris pour l'application de l' article 7 de la loi n° 84-16 du 11 janvier 1984 portant dispositions statutaires relatives à la fonction publique de l'Etat. Agents régis par le décret n° 46-1507 du 18 juin 1946 modifié fixant le statut des auxiliaires recrutés sur contrat par le ministère des travaux publics et des transports pour le service des ponts et chaussées.,839
https://w3id.org/semleg/legimaintlex/resource/document/arrete-du-29-decembre-2016-portant-deconcentration-des-actes-relatifs-a-la-situa-557bfd1d739a/article/article-JORFTEXT000033759410-411,article-JORFTEXT000033759410-411,https://w3id.org/semleg/legimaintlex/resource/document/arrete-du-29-decembre-2016-portant-deconcentration-des-actes-relatifs-a-la-situa-557bfd1d739a,JORFTEXT000033759410,,['Accessibilité handicapés'],2016-12-29,https://w3id.org/semleg/legimaintlex/resource/document/arrete-du-29-decembre-2016-portant-deconcentration-des-actes-relatifs-a-la-situa-557bfd1d739a/article/article-JORFTEXT000033759410-411/content,ANNEXE 1-c Adjoints administratifs des administrations de l'Etat ( décret n° 2006-1760 du 23 décembre 2006 modifié relatif aux dispositions statutaires communes applicables aux corps d'adjoints administratifs des administrations de l'Etat). Conseillers d'administration de l'intérieur et de l'outre-mer ( décret n° 2007-1488 du 17 octobre 2007 modifié relatif à l'emploi de conseiller d'administration de l'intérieur et de l'outre-mer) Secrétaires administratifs de l'intérieur et de l'outre-mer ( décret n° 2010-1346 du 9 novembre 2010 modifié portant statut particulier du corps des secrétaires administratifs de l'intérieur et de l'outre-mer et relatif aux modalités temporaires d'accès au corps des attachés d'administration de l'intérieur et de l'outre-mer). Attachés d'administration de l'Etat ( décret n° 2011-1317 du 17 octobre 2011 modifié portant statut particulier du corps interministériel des attachés d'administration de l'Etat).,943
https://w3id.org/semleg/legimaintlex/resource/document/arrete-du-29-decembre-2016-portant-deconcentration-des-actes-relatifs-a-la-situa-557bfd1d739a/article/article-JORFTEXT000033759410-412,article-JORFTEXT000033759410-412,https://w3id.org/semleg/legimaintlex/resource/document/arrete-du-29-decembre-2016-portant-deconcentration-des-actes-relatifs-a-la-situa-557bfd1d739a,JORFTEXT000033759410,,['Accessibilité handicapés'],2016-12-29,https://w3id.org/semleg/legimaintlex/resource/document/arrete-du-29-decembre-2016-portant-deconcentration-des-actes-relatifs-a-la-situa-557bfd1d739a/article/article-JORFTEXT000033759410-412/content,ANNEXE 1-d Agents des systèmes d'information et de communication ( décret n° 69-904 du 29 septembre 1969 modifié). Agents principaux des services techniques ( décret n° 75-888 du 23 septembre 1975 modifié portant dispositions applicables aux emplois d'agent principal des services techniques). Contremaîtres des services techniques du matériel ( décret n° 92-1119 du 2 octobre 1992 modifié relatif aux dispositions statutaires applicables au corps des contremaîtres des services techniques du matériel du ministère de l'intérieur et de la sécurité publique). Infirmières et infirmiers des services médicaux des administrations de l'Etat ( décret n° 94-1020 du 23 novembre 1994 modifié fixant les dispositions statutaires communes applicables aux corps des infirmières et infirmiers des services médicaux des administrations de l'Etat). Ingénieurs des services techniques ( décret n° 2005-1304 du 19 octobre 2005 modifié portant statut particulier du corps des ingénieurs des services techniques du ministère de l'intérieur). Adjoints techniques des administrations de l'Etat ( décret n° 2006-1761 du 23 décembre 2006 modifié relatif aux dispositions statutaires communes applicables aux corps d'adjoints techniques des administrations de l'Etat). Techniciens des systèmes d'information et de communication ( décret n° 2011-1987 du 27 décembre 2011 modifié portant statut particulier du corps des techniciens des systèmes d'information et de communication du ministère de l'intérieur). Contrôleurs des services techniques ( décret n° 2011-1988 du 27 décembre 2011 modifié portant statut particulier du corps des contrôleurs des services techniques du ministère de l'intérieur). Infirmiers de catégorie A des administrations de l'Etat ( décret n° 2012-762 du 9 mai 2012 modifié portant dispositions statutaires communes aux corps d'infirmiers de catégorie A des administrations de l'Etat). Assistants de service social ( décret n° 2012-1098 du 28 septembre 2012 modifié portant statut particulier du corps interministériel des assistants de service social des administrations de l'Etat). Conseillers techniques de service social des administrations de l'Etat ( décret n° 2012-1099 du 28 septembre 2012 modifié portant statut particulier du corps interministériel des conseillers techniques de service social des administrations de l'Etat). Conseillers pour l'action sociale des administrations de l'Etat ( décret n° 2012-1100 du 28 septembre 2012 modifié relatif à l'emploi de conseiller pour l'action sociale des administrations de l'Etat). Ingénieurs des systèmes d'information et de communication ( décret n° 2015-576 du 27 mai 2015 portant statut particulier du corps des ingénieurs des systèmes d'information et de communication).,2733
https://w3id.org/semleg/legimaintlex/resource/document/arrete-du-29-decembre-2016-portant-deconcentration-des-actes-relatifs-a-la-situa-557bfd1d739a/article/article-JORFTEXT000033759410-413,article-JORFTEXT000033759410-413,https://w3id.org/semleg/legimaintlex/resource/document/arrete-du-29-decembre-2016-portant-deconcentration-des-actes-relatifs-a-la-situa-557bfd1d739a,JORFTEXT000033759410,,['Accessibilité handicapés'],2016-12-29,https://w3id.org/semleg/legimaintlex/resource/document/arrete-du-29-decembre-2016-portant-deconcentration-des-actes-relatifs-a-la-situa-557bfd1d739a/article/article-JORFTEXT000033759410-413/content,"ANNEXE 2 Les secrétariats généraux des affaires régionales. Les directions régionales des affaires culturelles. Les directions des affaires culturelles. Les directions régionales de l'alimentation, de l'agriculture et de la forêt. Les directions de l'alimentation, de l'agriculture et de la forêt. Les directions régionales des entreprises, de la concurrence, de la consommation, du travail et de l'emploi. Les directions des entreprises de la concurrence, de la consommation, du travail et de l'emploi. La direction de la cohésion sociale, du travail, de l'emploi et de la population de saint-Pierre et Miquelon. Les directions régionales de l'environnement, de l'aménagement et du logement. Les directions de l'environnement, de l'aménagement et du logement. Les directions de la mer. La direction des territoires, de l'alimentation et de la mer de Saint-Pierre et Miquelon. Les directions régionales de la jeunesse, des sports et de la cohésion sociale. Les directions régionales et départementales de la jeunesse, des sports et de la cohésion sociale. La direction régionale et interdépartementale de l'alimentation, de l'agriculture et de la forêt. La direction régionale et interdépartementale de l'environnement et de l'énergie d'Ile-de-France. La direction régionale et interdépartementale de l'équipement et de l'aménagement d'Ile-de-France. La direction régionale et interdépartementale de l'hébergement et du logement. Les directions de la jeunesse, des sports et de la cohésion sociale.",1498
https://w3id.org/semleg/legimaintlex/resource/document/arrete-du-29-decembre-2016-portant-deconcentration-des-actes-relatifs-a-la-situa-557bfd1d739a/article/article-JORFTEXT000033759410-414,article-JORFTEXT000033759410-414,https://w3id.org/semleg/legimaintlex/resource/document/arrete-du-29-decembre-2016-portant-deconcentration-des-actes-relatifs-a-la-situa-557bfd1d739a,JORFTEXT000033759410,,['Accessibilité handicapés'],2016-12-29,https://w3id.org/semleg/legimaintlex/resource/document/arrete-du-29-decembre-2016-portant-deconcentration-des-actes-relatifs-a-la-situa-557bfd1d739a/article/article-JORFTEXT000033759410-414/content,"ANNEXE 3 Les directions régionales des entreprises, de la concurrence, de la consommation, du travail et de l'emploi. Les directions régionales de la jeunesse, des sports et de la cohésion sociale. Les directions régionales et départementales de la jeunesse, des sports et de la cohésion sociale. La direction régionale et interdépartementale de l'hébergement et du logement. Les directions des entreprises, de la concurrence, de la consommation, du travail et de l'emploi. Les directions de la jeunesse, des sports et de la cohésion sociale. La direction de la cohésion sociale, du travail, de l'emploi et de la population de Saint-Pierre-et-Miquelon.",652
https://w3id.org/semleg/legimaintlex/resource/document/arrete-du-29-decembre-2016-portant-designation-du-site-natura-2000-grotte-de-sai-0f73b413af5e/article/article-JORFTEXT000033825475-391,article-JORFTEXT000033825475-391,https://w3id.org/semleg/legimaintlex/resource/document/arrete-du-29-decembre-2016-portant-designation-du-site-natura-2000-grotte-de-sai-0f73b413af5e,JORFTEXT000033825475,,['Accessibilité handicapés'],2016-12-29,https://w3id.org/semleg/legimaintlex/resource/document/arrete-du-29-decembre-2016-portant-designation-du-site-natura-2000-grotte-de-sai-0f73b413af5e/article/article-JORFTEXT000033825475-391/content,La liste des types d'habitats naturels et des espèces de faune et flore sauvages justifiant la désignation du site Natura 2000 Grotte de Saint-Sulpice d'Eymet figure en annexe au présent arrêté.,194
https://w3id.org/semleg/legimaintlex/resource/document/arrete-du-29-decembre-2016-portant-designation-du-site-natura-2000-grotte-de-sai-0f73b413af5e/article/article-JORFTEXT000033825475-392,article-JORFTEXT000033825475-392,https://w3id.org/semleg/legimaintlex/resource/document/arrete-du-29-decembre-2016-portant-designation-du-site-natura-2000-grotte-de-sai-0f73b413af5e,JORFTEXT000033825475,,['Accessibilité handicapés'],2016-12-29,https://w3id.org/semleg/legimaintlex/resource/document/arrete-du-29-decembre-2016-portant-designation-du-site-natura-2000-grotte-de-sai-0f73b413af5e/article/article-JORFTEXT000033825475-392/content,"Les cartes visées à l'article 1er ainsi que la liste des types d'habitats naturels et des espèces de faune et de flore sauvages visée à l'article 2 peuvent être consultées à la préfecture de la Dordogne, dans les mairies des communes situées dans le périmètre du site, à la direction régionale de l'environnement, de l'aménagement et du logement de Nouvelle-Aquitaine ainsi qu'à la direction de l'eau et de la biodiversité du ministère de l'environnement, de l'énergie et de la mer, en charge des relations internationales sur le climat.",537
https://w3id.org/semleg/legimaintlex/resource/document/arrete-du-29-decembre-2016-portant-designation-du-site-natura-2000-grotte-de-sai-0f73b413af5e/article/article-JORFTEXT000033825475-393,article-JORFTEXT000033825475-393,https://w3id.org/semleg/legimaintlex/resource/document/arrete-du-29-decembre-2016-portant-designation-du-site-natura-2000-grotte-de-sai-0f73b413af5e,JORFTEXT000033825475,,['Accessibilité handicapés'],2016-12-29,https://w3id.org/semleg/legimaintlex/resource/document/arrete-du-29-decembre-2016-portant-designation-du-site-natura-2000-grotte-de-sai-0f73b413af5e/article/article-JORFTEXT000033825475-393/content,"Est désigné sous l'appellation « site Natura 2000 Grotte de Saint-Sulpice d'Eymet » (zone spéciale de conservation FR 7200675) l'espace délimité sur la carte d'assemblage au 1/100 000 et les 3 cartes au 1/25 000 ci-jointes, qui s'étend dans le département de la Dordogne sur une partie du territoire des communes suivantes : Eymet, Flaugeac, Rouffignac-de-Sigoulès, Saint-Capraise-d'Eymet.",389
https://w3id.org/semleg/legimaintlex/resource/document/arrete-du-29-decembre-2016-portant-designation-du-site-natura-2000-lagunes-de-sa-16223e3cc0d7/article/article-JORFTEXT000033825487-415,article-JORFTEXT000033825487-415,https://w3id.org/semleg/legimaintlex/resource/document/arrete-du-29-decembre-2016-portant-designation-du-site-natura-2000-lagunes-de-sa-16223e3cc0d7,JORFTEXT000033825487,,['Accessibilité handicapés'],2016-12-29,https://w3id.org/semleg/legimaintlex/resource/document/arrete-du-29-decembre-2016-portant-designation-du-site-natura-2000-lagunes-de-sa-16223e3cc0d7/article/article-JORFTEXT000033825487-415/content,"Est désigné sous l'appellation « site Natura 2000 Lagunes de Saint-Magne et Louchats » (zone spéciale de conservation FR 7200708) l'espace délimité sur la carte d'assemblage au 1/100 000 et les 2 cartes au 1/25 000 ci-jointes, qui s'étend dans le département de la Gironde sur une partie du territoire des communes suivantes : Hostens, Louchats, Saint-Magne.",358
https://w3id.org/semleg/legimaintlex/resource/document/arrete-du-29-decembre-2016-portant-designation-du-site-natura-2000-lagunes-de-sa-16223e3cc0d7/article/article-JORFTEXT000033825487-416,article-JORFTEXT000033825487-416,https://w3id.org/semleg/legimaintlex/resource/document/arrete-du-29-decembre-2016-portant-designation-du-site-natura-2000-lagunes-de-sa-16223e3cc0d7,JORFTEXT000033825487,,['Accessibilité handicapés'],2016-12-29,https://w3id.org/semleg/legimaintlex/resource/document/arrete-du-29-decembre-2016-portant-designation-du-site-natura-2000-lagunes-de-sa-16223e3cc0d7/article/article-JORFTEXT000033825487-416/content,La liste des types d'habitats naturels et des espèces de faune et flore sauvages justifiant la désignation du site Natura 2000 Lagunes de Saint-Magne et Louchats figure en annexe au présent arrêté.,197
https://w3id.org/semleg/legimaintlex/resource/document/arrete-du-29-decembre-2016-portant-designation-du-site-natura-2000-lagunes-de-sa-16223e3cc0d7/article/article-JORFTEXT000033825487-417,article-JORFTEXT000033825487-417,https://w3id.org/semleg/legimaintlex/resource/document/arrete-du-29-decembre-2016-portant-designation-du-site-natura-2000-lagunes-de-sa-16223e3cc0d7,JORFTEXT000033825487,,['Accessibilité handicapés'],2016-12-29,https://w3id.org/semleg/legimaintlex/resource/document/arrete-du-29-decembre-2016-portant-designation-du-site-natura-2000-lagunes-de-sa-16223e3cc0d7/article/article-JORFTEXT000033825487-417/content,"Les cartes visées à l'article 1er ainsi que la liste des types d'habitats naturels et des espèces de faune et de flore sauvages visée à l'article 2 peuvent être consultées à la préfecture de la Gironde, dans les mairies des communes situées dans le périmètre du site, à la direction régionale de l'environnement, de l'aménagement et du logement de Nouvelle-Aquitaine ainsi qu'à la direction de l'eau et de la biodiversité du ministère de l'environnement, de l'énergie et de la mer, en charge des relations internationales sur le climat.",536
https://w3id.org/semleg/legimaintlex/resource/document/arrete-du-29-decembre-2016-portant-designation-du-site-natura-2000-massif-du-mon-992f2c5e82ae/article/article-JORFTEXT000033888456-388,article-JORFTEXT000033888456-388,https://w3id.org/semleg/legimaintlex/resource/document/arrete-du-29-decembre-2016-portant-designation-du-site-natura-2000-massif-du-mon-992f2c5e82ae,JORFTEXT000033888456,,['Accessibilité handicapés'],2016-12-29,https://w3id.org/semleg/legimaintlex/resource/document/arrete-du-29-decembre-2016-portant-designation-du-site-natura-2000-massif-du-mon-992f2c5e82ae/article/article-JORFTEXT000033888456-388/content,"Les cartes visées à l'article 1er ainsi que la liste des types d'habitats naturels et des espèces de faune et de flore sauvages visée à l'article 2 peuvent être consultées à la préfecture des Pyrénées-Atlantiques, dans les mairies des communes situées dans le périmètre du site, à la direction régionale de l'environnement, de l'aménagement et du logement de Nouvelle-Aquitaine ainsi qu'à la direction de l'eau et de la biodiversité du ministère de l'environnement, de l'énergie et de la mer, en charge des relations internationales sur le climat.",547
https://w3id.org/semleg/legimaintlex/resource/document/arrete-du-29-decembre-2016-portant-designation-du-site-natura-2000-massif-du-mon-992f2c5e82ae/article/article-JORFTEXT000033888456-389,article-JORFTEXT000033888456-389,https://w3id.org/semleg/legimaintlex/resource/document/arrete-du-29-decembre-2016-portant-designation-du-site-natura-2000-massif-du-mon-992f2c5e82ae,JORFTEXT000033888456,,['Accessibilité handicapés'],2016-12-29,https://w3id.org/semleg/legimaintlex/resource/document/arrete-du-29-decembre-2016-portant-designation-du-site-natura-2000-massif-du-mon-992f2c5e82ae/article/article-JORFTEXT000033888456-389/content,"Est désigné sous l'appellation « site Natura 2000 Massif du Mondarrain et de l'Artzamendi » (zone spéciale de conservation FR 7200759) l'espace délimité sur la carte d'assemblage au 1/100 000 et les deux cartes au 1/25 000 ci-jointes, qui s'étend dans le département des Pyrénées-Atlantiques sur une partie du territoire des communes suivantes : Ainhoa, Bidarray, Espelette, Itxassou, Louhossoa, Souraïde.",405
https://w3id.org/semleg/legimaintlex/resource/document/arrete-du-29-decembre-2016-portant-designation-du-site-natura-2000-massif-du-mon-992f2c5e82ae/article/article-JORFTEXT000033888456-390,article-JORFTEXT000033888456-390,https://w3id.org/semleg/legimaintlex/resource/document/arrete-du-29-decembre-2016-portant-designation-du-site-natura-2000-massif-du-mon-992f2c5e82ae,JORFTEXT000033888456,,['Accessibilité handicapés'],2016-12-29,https://w3id.org/semleg/legimaintlex/resource/document/arrete-du-29-decembre-2016-portant-designation-du-site-natura-2000-massif-du-mon-992f2c5e82ae/article/article-JORFTEXT000033888456-390/content,La liste des types d'habitats naturels et des espèces de faune et flore sauvages justifiant la désignation du site Natura 2000 Massif du Mondarrain et de l'Artzamendi figure en annexe au présent arrêté.,202
https://w3id.org/semleg/legimaintlex/resource/document/arrete-du-29-decembre-2016-portant-designation-du-site-natura-2000-pelouses-a-or-125f86f92c48/article/article-JORFTEXT000033825499-384,article-JORFTEXT000033825499-384,https://w3id.org/semleg/legimaintlex/resource/document/arrete-du-29-decembre-2016-portant-designation-du-site-natura-2000-pelouses-a-or-125f86f92c48,JORFTEXT000033825499,,['Accessibilité handicapés'],2016-12-29,https://w3id.org/semleg/legimaintlex/resource/document/arrete-du-29-decembre-2016-portant-designation-du-site-natura-2000-pelouses-a-or-125f86f92c48/article/article-JORFTEXT000033825499-384/content,La liste des types d'habitats naturels et des espèces de faune et flore sauvages justifiant la désignation du site Natura 2000 Pelouses à orchidées et lisières du Vercors occidental figure en annexe au présent arrêté.,217
https://w3id.org/semleg/legimaintlex/resource/document/arrete-du-29-decembre-2016-portant-designation-du-site-natura-2000-pelouses-a-or-125f86f92c48/article/article-JORFTEXT000033825499-385,article-JORFTEXT000033825499-385,https://w3id.org/semleg/legimaintlex/resource/document/arrete-du-29-decembre-2016-portant-designation-du-site-natura-2000-pelouses-a-or-125f86f92c48,JORFTEXT000033825499,,['Accessibilité handicapés'],2016-12-29,https://w3id.org/semleg/legimaintlex/resource/document/arrete-du-29-decembre-2016-portant-designation-du-site-natura-2000-pelouses-a-or-125f86f92c48/article/article-JORFTEXT000033825499-385/content,"Les cartes visées à l'article 1er ainsi que la liste des types d'habitats naturels et des espèces de faune et de flore sauvages visée à l'article 2 peuvent être consultées à la préfecture de la Drôme, dans les mairies des communes situées dans le périmètre du site, à la direction régionale de l'environnement, de l'aménagement et du logement d'Auvergne-Rhône-Alpes ainsi qu'à la direction de l'eau et de la biodiversité du ministère de l'environnement, de l'énergie et de la mer, en charge des relations internationales sur le climat.",535
https://w3id.org/semleg/legimaintlex/resource/document/arrete-du-29-decembre-2016-portant-designation-du-site-natura-2000-pelouses-a-or-125f86f92c48/article/article-JORFTEXT000033825499-386,article-JORFTEXT000033825499-386,https://w3id.org/semleg/legimaintlex/resource/document/arrete-du-29-decembre-2016-portant-designation-du-site-natura-2000-pelouses-a-or-125f86f92c48,JORFTEXT000033825499,,['Accessibilité handicapés'],2016-12-29,https://w3id.org/semleg/legimaintlex/resource/document/arrete-du-29-decembre-2016-portant-designation-du-site-natura-2000-pelouses-a-or-125f86f92c48/article/article-JORFTEXT000033825499-386/content,"Est désigné sous l'appellation « site Natura 2000 Pelouses à orchidées et lisières du Vercors occidental » (zone spéciale de conservation FR 8201681) l'espace délimité sur la carte d'assemblage au 1/162 007 et les trois cartes au 1/25 000 ci-jointes, qui s'étend dans le département de la Drôme sur une partie du territoire des communes suivantes : Léoncel, Plan-de-Baix.",371
https://w3id.org/semleg/legimaintlex/resource/document/arrete-du-29-decembre-2016-portant-designation-du-site-natura-2000-vallee-du-cir-a510491ec035/article/article-JORFTEXT000033825481-380,article-JORFTEXT000033825481-380,https://w3id.org/semleg/legimaintlex/resource/document/arrete-du-29-decembre-2016-portant-designation-du-site-natura-2000-vallee-du-cir-a510491ec035,JORFTEXT000033825481,,['Accessibilité handicapés'],2016-12-29,https://w3id.org/semleg/legimaintlex/resource/document/arrete-du-29-decembre-2016-portant-designation-du-site-natura-2000-vallee-du-cir-a510491ec035/article/article-JORFTEXT000033825481-380/content,"Est désigné sous l'appellation « site Natura 2000 Vallée du Ciron » (zone spéciale de conservation FR 7200693) l'espace délimité sur la carte d'assemblage au 1/200 000 et les treize cartes au 1/25 000 ci-jointes, s'étendant : - dans le département de la Gironde sur une partie du territoire des communes suivantes : Balizac, Barsac, Bernos-Beaulac, Bommes, Bourideys, Budos, Captieux, Cudos, Escaudes, Giscos, Goualade, Lartigue, Lerm-et-Musset, Lucmau, Léogeats, Noaillan, Pompéjac, Preignac, Préchac, Pujols-sur-Ciron, Saint-Léger-de-Balson, Saint-Michel-de-Castelnau, Saint-Symphorien, Sauternes, Uzeste, Villandraut ; - dans le département des Landes sur une partie du territoire des communes suivantes : Lubbon, Maillas ; - dans le département de Lot-et-Garonne sur une partie du territoire des communes suivantes : Allons, Houeillès, Pindères, Sauméjan.",859
https://w3id.org/semleg/legimaintlex/resource/document/arrete-du-29-decembre-2016-portant-designation-du-site-natura-2000-vallee-du-cir-a510491ec035/article/article-JORFTEXT000033825481-381,article-JORFTEXT000033825481-381,https://w3id.org/semleg/legimaintlex/resource/document/arrete-du-29-decembre-2016-portant-designation-du-site-natura-2000-vallee-du-cir-a510491ec035,JORFTEXT000033825481,,['Accessibilité handicapés'],2016-12-29,https://w3id.org/semleg/legimaintlex/resource/document/arrete-du-29-decembre-2016-portant-designation-du-site-natura-2000-vallee-du-cir-a510491ec035/article/article-JORFTEXT000033825481-381/content,La liste des types d'habitats naturels et des espèces de faune et flore sauvages justifiant la désignation du site Natura 2000 Vallée du Ciron figure en annexe au présent arrêté.,178
https://w3id.org/semleg/legimaintlex/resource/document/arrete-du-29-decembre-2016-portant-designation-du-site-natura-2000-vallee-du-cir-a510491ec035/article/article-JORFTEXT000033825481-382,article-JORFTEXT000033825481-382,https://w3id.org/semleg/legimaintlex/resource/document/arrete-du-29-decembre-2016-portant-designation-du-site-natura-2000-vallee-du-cir-a510491ec035,JORFTEXT000033825481,,['Accessibilité handicapés'],2016-12-29,https://w3id.org/semleg/legimaintlex/resource/document/arrete-du-29-decembre-2016-portant-designation-du-site-natura-2000-vallee-du-cir-a510491ec035/article/article-JORFTEXT000033825481-382/content,"Les cartes visées à l'article 1er ainsi que la liste des types d'habitats naturels et des espèces de faune et de flore sauvages visée à l'article 2 peuvent être consultées aux préfectures de la Gironde, des Landes et du Lot-et-Garonne, dans les mairies des communes situées dans le périmètre du site, à la direction régionale de l'environnement, de l'aménagement et du logement de Nouvelle-Aquitaine ainsi qu'à la direction de l'eau et de la biodiversité du ministère de l'environnement, de l'énergie et de la mer, en charge des relations internationales sur le climat.",569
https://w3id.org/semleg/legimaintlex/resource/document/arrete-du-4-octobre-2010-fixant-l-indemnite-allouee-aux-administrateurs-du-centr-d3c1057ed53d/article/article-JORFTEXT000022955945-376,article-JORFTEXT000022955945-376,https://w3id.org/semleg/legimaintlex/resource/document/arrete-du-4-octobre-2010-fixant-l-indemnite-allouee-aux-administrateurs-du-centr-d3c1057ed53d,JORFTEXT000022955945,,"['Accessibilité handicapés', ""Équipements sportifs et équipements d'aires collectives de jeux"", 'Portes et portails', 'Formations obligatoires']",2010-10-04,https://w3id.org/semleg/legimaintlex/resource/document/arrete-du-4-octobre-2010-fixant-l-indemnite-allouee-aux-administrateurs-du-centr-d3c1057ed53d/article/article-JORFTEXT000022955945-376/content,"Le montant de l'indemnité représentative du temps passé à l'exercice de leur mandat allouée, d'une part, aux administrateurs du Centre national de la propriété forestière conformément à l' article R. 221-53 du code forestier et, d'autre part, aux conseillers des centres régionaux de la propriété forestière conformément à l'article R. 221-58 du code forestier est calculé sur la base de vacations de quatre heures par demi-journée et de huit heures par journée.",462
https://w3id.org/semleg/legimaintlex/resource/document/arrete-du-4-octobre-2010-fixant-l-indemnite-allouee-aux-administrateurs-du-centr-d3c1057ed53d/article/article-JORFTEXT000022955945-377,article-JORFTEXT000022955945-377,https://w3id.org/semleg/legimaintlex/resource/document/arrete-du-4-octobre-2010-fixant-l-indemnite-allouee-aux-administrateurs-du-centr-d3c1057ed53d,JORFTEXT000022955945,,"['Accessibilité handicapés', ""Équipements sportifs et équipements d'aires collectives de jeux"", 'Portes et portails', 'Formations obligatoires']",2010-10-04,https://w3id.org/semleg/legimaintlex/resource/document/arrete-du-4-octobre-2010-fixant-l-indemnite-allouee-aux-administrateurs-du-centr-d3c1057ed53d/article/article-JORFTEXT000022955945-377/content,L'arrêté du 12 juillet 2007 relatif à l'indemnité représentative du temps passé à l'exercice de leur mandat des présidents et administrateurs des centres régionaux de la propriété forestière est abrogé.,202
https://w3id.org/semleg/legimaintlex/resource/document/arrete-du-4-octobre-2010-fixant-l-indemnite-allouee-aux-administrateurs-du-centr-d3c1057ed53d/article/article-JORFTEXT000022955945-378,article-JORFTEXT000022955945-378,https://w3id.org/semleg/legimaintlex/resource/document/arrete-du-4-octobre-2010-fixant-l-indemnite-allouee-aux-administrateurs-du-centr-d3c1057ed53d,JORFTEXT000022955945,,"['Accessibilité handicapés', ""Équipements sportifs et équipements d'aires collectives de jeux"", 'Portes et portails', 'Formations obligatoires']",2010-10-04,https://w3id.org/semleg/legimaintlex/resource/document/arrete-du-4-octobre-2010-fixant-l-indemnite-allouee-aux-administrateurs-du-centr-d3c1057ed53d/article/article-JORFTEXT000022955945-378/content,Le montant de l'indemnité horaire est calculé sur la base de l'indice brut 444 de rémunération de la fonction publique de l'Etat et de la durée annuelle de travail qui lui est applicable.,187
https://w3id.org/semleg/legimaintlex/resource/document/arrete-du-4-octobre-2010-fixant-l-indemnite-allouee-aux-administrateurs-du-centr-d3c1057ed53d/article/article-JORFTEXT000022955945-379,article-JORFTEXT000022955945-379,https://w3id.org/semleg/legimaintlex/resource/document/arrete-du-4-octobre-2010-fixant-l-indemnite-allouee-aux-administrateurs-du-centr-d3c1057ed53d,JORFTEXT000022955945,,"['Accessibilité handicapés', ""Équipements sportifs et équipements d'aires collectives de jeux"", 'Portes et portails', 'Formations obligatoires']",2010-10-04,https://w3id.org/semleg/legimaintlex/resource/document/arrete-du-4-octobre-2010-fixant-l-indemnite-allouee-aux-administrateurs-du-centr-d3c1057ed53d/article/article-JORFTEXT000022955945-379/content,Le conseil d'administration du Centre national de la propriété forestière détermine la liste des réunions qui peuvent ouvrir droit au versement de l'indemnité au profit des administrateurs du Centre national de la propriété forestière et des conseillers des centres régionaux de la propriété forestière. Les administrateurs suppléants et les conseillers suppléants ne peuvent prétendre au versement de cette indemnité que lorsqu'ils ont été régulièrement désignés pour assister à une réunion en lieu et place de l'administrateur ou du conseiller titulaires.,557
https://w3id.org/semleg/legimaintlex/resource/document/arrete-du-4-octobre-2010-fixant-la-liste-des-unites-territoriales-de-l-etablisse-3c215d420c5b/article/article-JORFTEXT000022964917-375,article-JORFTEXT000022964917-375,https://w3id.org/semleg/legimaintlex/resource/document/arrete-du-4-octobre-2010-fixant-la-liste-des-unites-territoriales-de-l-etablisse-3c215d420c5b,JORFTEXT000022964917,,"['Accessibilité handicapés', ""Équipements sportifs et équipements d'aires collectives de jeux"", 'Portes et portails', 'Formations obligatoires']",2010-10-04,https://w3id.org/semleg/legimaintlex/resource/document/arrete-du-4-octobre-2010-fixant-la-liste-des-unites-territoriales-de-l-etablisse-3c215d420c5b/article/article-JORFTEXT000022964917-375/content,"La prime de restructuration de service et l'allocation d'aide à la mobilité du conjoint instituées par le décret du 17 avril 2008 susvisé , et dont les conditions d'attribution sont définies par l'arrêté du 22 juin 2010 susvisé, peuvent être attribuées aux agents mutés ou déplacés dans le cadre de la restructuration de l'une des unités territoriales de l'établissement public Météo-France suivantes : Centre départemental de la météorologie de l'Ain (Ambérieu). Centre départemental de la météorologie de l'Aisne (Saint-Quentin). Centre départemental de la météorologie de l'Allier (Vichy). Centre départemental de la météorologie de l'Aude (Carcassonne). Centre départemental de la météorologie de l'Aveyron (Millau). Centre départemental de la météorologie de la Corrèze (Brive). Centre départemental de la météorologie des Côtes-d'Armor (Saint-Brieuc). Centre départemental de la météorologie de la Creuse (Guéret). Centre départemental de la météorologie de l'Eure (Evreux). Centre départemental de la météorologie d'Eure-et-Loir (Chartres). Centre départemental de la météorologie de la Meuse (Bar-le-Duc). Centre départemental de la météorologie de Seine-et-Marne (Melun). Centre départemental de la météorologie du Territoire de Belfort (Belfort). Centre départemental de la météorologie des Vosges (Epinal). Station aéronautique du Bourget. Station aéronautique d'Entzheim. Station aéronautique de Figari. Station aéronautique de Quimper.",1448
https://w3id.org/semleg/legimaintlex/resource/document/arrete-du-4-octobre-2010-fixant-un-contingent-exprime-en-puissance-et-en-jauge-p-deb2d4e408ca/article/article-JORFTEXT000022913800-373,article-JORFTEXT000022913800-373,https://w3id.org/semleg/legimaintlex/resource/document/arrete-du-4-octobre-2010-fixant-un-contingent-exprime-en-puissance-et-en-jauge-p-deb2d4e408ca,JORFTEXT000022913800,,"['Accessibilité handicapés', ""Équipements sportifs et équipements d'aires collectives de jeux"", 'Portes et portails', 'Formations obligatoires']",2010-10-04,https://w3id.org/semleg/legimaintlex/resource/document/arrete-du-4-octobre-2010-fixant-un-contingent-exprime-en-puissance-et-en-jauge-p-deb2d4e408ca/article/article-JORFTEXT000022913800-373/content,"Un contingent exprimé en puissance et en jauge des permis de mise en exploitation des navires de pêche susceptibles d'être délivrés est fixé à 3 098 kW et 2 140,55 UMS respectivement. Ce contingent est évalué par le ministre chargé des pêches maritimes à partir des demandes de permis de mise en exploitation déposées dans les directions interrégionales de la mer (DIRM) conformément aux modalités prévues par le décret n° 93-33 du 8 janvier 1993 et des disponibilités capacitaires nationales conformément au plafond de capacité maximal fixé par la réglementation communautaire. Ce contingent est délivré sous réserve de respecter les variations en puissance et en jauge entre les navires entrés et les navires sortis de flotte selon la répartition par région précisée dans les tableaux à l'annexe du présent arrêté.",816
https://w3id.org/semleg/legimaintlex/resource/document/arrete-du-4-octobre-2010-modifiant-l-arrete-du-8-juin-2006-modifie-fixant-les-co-ce48dd864246/article/article-JORFTEXT000022915258-372,article-JORFTEXT000022915258-372,https://w3id.org/semleg/legimaintlex/resource/document/arrete-du-4-octobre-2010-modifiant-l-arrete-du-8-juin-2006-modifie-fixant-les-co-ce48dd864246,JORFTEXT000022915258,,"['Accessibilité handicapés', ""Équipements sportifs et équipements d'aires collectives de jeux"", 'Portes et portails', 'Formations obligatoires']",2010-10-04,https://w3id.org/semleg/legimaintlex/resource/document/arrete-du-4-octobre-2010-modifiant-l-arrete-du-8-juin-2006-modifie-fixant-les-co-ce48dd864246/article/article-JORFTEXT000022915258-372/content,L'annexe de l'arrêté du 8 juin 2006 susvisé est modifiée conformément à celle du présent arrêté en ce qui concerne les emplois exercés en administration centrale et dans un service à compétence nationale.,204
https://w3id.org/semleg/legimaintlex/resource/document/arrete-du-4-octobre-2010-relatif-a-la-prevention-des-risques-accidentels-au-sein-124c5ab754bb/article/article-JORFTEXT000023081900-374,article-JORFTEXT000023081900-374,https://w3id.org/semleg/legimaintlex/resource/document/arrete-du-4-octobre-2010-relatif-a-la-prevention-des-risques-accidentels-au-sein-124c5ab754bb,JORFTEXT000023081900,,"['Accessibilité handicapés', ""Équipements sportifs et équipements d'aires collectives de jeux"", 'Portes et portails', 'Formations obligatoires']",2010-10-04,https://w3id.org/semleg/legimaintlex/resource/document/arrete-du-4-octobre-2010-relatif-a-la-prevention-des-risques-accidentels-au-sein-124c5ab754bb/article/article-JORFTEXT000023081900-374/content,"Sauf mention contraire dans les articles concernés, le présent arrêté est applicable à l'ensemble des installations classées soumises à autorisation.",149
https://w3id.org/semleg/legimaintlex/resource/document/arrete-du-8-decembre-2014-definissant-les-regles-de-bonnes-pratiques-relatives-a-1c09faad898d/article/article-JORFTEXT000029921462-139,article-JORFTEXT000029921462-139,https://w3id.org/semleg/legimaintlex/resource/document/arrete-du-8-decembre-2014-definissant-les-regles-de-bonnes-pratiques-relatives-a-1c09faad898d,JORFTEXT000029921462,,['Accessibilité handicapés'],2014-12-08,https://w3id.org/semleg/legimaintlex/resource/document/arrete-du-8-decembre-2014-definissant-les-regles-de-bonnes-pratiques-relatives-a-1c09faad898d/article/article-JORFTEXT000029921462-139/content,"Le directeur général de la santé est chargé de l'exécution du présent arrêté, qui sera publiée ainsi que son annexe au Journal officiel de la République française.",163
https://w3id.org/semleg/legimaintlex/resource/document/arrete-du-8-decembre-2014-definissant-les-regles-de-bonnes-pratiques-relatives-a-1c09faad898d/article/article-JORFTEXT000029921462-140,article-JORFTEXT000029921462-140,https://w3id.org/semleg/legimaintlex/resource/document/arrete-du-8-decembre-2014-definissant-les-regles-de-bonnes-pratiques-relatives-a-1c09faad898d,JORFTEXT000029921462,,['Accessibilité handicapés'],2014-12-08,https://w3id.org/semleg/legimaintlex/resource/document/arrete-du-8-decembre-2014-definissant-les-regles-de-bonnes-pratiques-relatives-a-1c09faad898d/article/article-JORFTEXT000029921462-140/content,"Les règles de bonnes pratiques relatives à la mise en œuvre de l'information de la parentèle dans le cadre d'un examen des caractéristiques génétiques à finalité médicale, mentionnées à l' article R. 1131-20-5 du code de la santé publique , sont annexées au présent arrêté.",273
https://w3id.org/semleg/legimaintlex/resource/document/arrete-du-8-decembre-2014-fixant-les-dispositions-prises-pour-l-application-des-3a0ce1fc1054/article/article-JORFTEXT000029893131-114,article-JORFTEXT000029893131-114,https://w3id.org/semleg/legimaintlex/resource/document/arrete-du-8-decembre-2014-fixant-les-dispositions-prises-pour-l-application-des-3a0ce1fc1054,JORFTEXT000029893131,,['Accessibilité handicapés'],2014-12-08,https://w3id.org/semleg/legimaintlex/resource/document/arrete-du-8-decembre-2014-fixant-les-dispositions-prises-pour-l-application-des-3a0ce1fc1054/article/article-JORFTEXT000029893131-114/content,"Les dispositions du présent arrêté entrent en vigueur à compter du 1er janvier 2015. Elles s'appliquent aux demandes de permis de construire et aux demandes d'autorisations de construire, aménager ou modifier un établissement recevant du public déposées à compter de cette date.",278
https://w3id.org/semleg/legimaintlex/resource/document/arrete-du-8-decembre-2014-fixant-les-dispositions-prises-pour-l-application-des-3a0ce1fc1054/article/article-JORFTEXT000029893131-115,article-JORFTEXT000029893131-115,https://w3id.org/semleg/legimaintlex/resource/document/arrete-du-8-decembre-2014-fixant-les-dispositions-prises-pour-l-application-des-3a0ce1fc1054,JORFTEXT000029893131,,['Accessibilité handicapés'],2014-12-08,https://w3id.org/semleg/legimaintlex/resource/document/arrete-du-8-decembre-2014-fixant-les-dispositions-prises-pour-l-application-des-3a0ce1fc1054/article/article-JORFTEXT000029893131-115/content,"Dispositions relatives aux sorties. I. - Usages attendus : Les sorties peuvent être aisément repérées, atteintes et utilisées par les personnes handicapées. II. - Caractéristiques minimales : Pour satisfaire aux exigences du I, les sorties utilisées par les usagers dans des conditions normales de fonctionnement de l'établissement ou de l'installation respectent les dispositions suivantes : - chaque sortie est repérable de tout point où le public est admis, soit directement, soit par l'intermédiaire d'une signalisation adaptée répondant aux exigences définies à l'annexe 3 ; - la signalisation indiquant la sortie ne présente aucun risque de confusion avec le repérage des issues de secours.",696
https://w3id.org/semleg/legimaintlex/resource/document/arrete-du-8-decembre-2014-fixant-les-dispositions-prises-pour-l-application-des-3a0ce1fc1054/article/article-JORFTEXT000029893131-116,article-JORFTEXT000029893131-116,https://w3id.org/semleg/legimaintlex/resource/document/arrete-du-8-decembre-2014-fixant-les-dispositions-prises-pour-l-application-des-3a0ce1fc1054,JORFTEXT000029893131,,['Accessibilité handicapés'],2014-12-08,https://w3id.org/semleg/legimaintlex/resource/document/arrete-du-8-decembre-2014-fixant-les-dispositions-prises-pour-l-application-des-3a0ce1fc1054/article/article-JORFTEXT000029893131-116/content,"Dispositions relatives à l'éclairage. I. - Usages attendus : La qualité de l'éclairage, artificiel ou naturel, des circulations intérieures et extérieures est telle que l'ensemble du cheminement est traité sans créer de gêne visuelle. Les parties du cheminement qui peuvent être source de perte d'équilibre pour les personnes handicapées, les dispositifs d'accès et les informations fournies par la signalétique font l'objet d'une qualité d'éclairage renforcée. II. - Caractéristiques minimales : Pour satisfaire aux exigences du I, le dispositif d'éclairage artificiel répond aux dispositions suivantes : Il permet d'assurer des valeurs d'éclairement moyen horizontal mesurées au sol le long du parcours usuel de circulation en tenant compte des zones de transition entre les tronçons d'un parcours, d'au moins : 20 lux pour le cheminement extérieur accessible ainsi que les parcs de stationnement extérieurs et leurs circulations piétonnes accessibles ; 20 lux pour les parcs de stationnement intérieurs et leurs circulations piétonnes accessibles ; 200 lux au droit des postes d'accueil ; 100 lux pour les circulations intérieures horizontales ; 150 lux pour chaque escalier et équipement mobile. Lorsque la durée de fonctionnement d'un système d'éclairage est temporisée, l'extinction est progressive. Dans le cas d'un fonctionnement par détection de présence, la détection couvre l'ensemble de l'espace concerné et deux zones de détection successives se chevauchent obligatoirement. La mise en œuvre des points lumineux évite tout effet d'éblouissement direct des usagers en position « debout » comme « assis » ou de reflet sur la signalétique.",1649
https://w3id.org/semleg/legimaintlex/resource/document/arrete-du-8-decembre-2014-fixant-les-dispositions-prises-pour-l-application-des-3a0ce1fc1054/article/article-JORFTEXT000029893131-117,article-JORFTEXT000029893131-117,https://w3id.org/semleg/legimaintlex/resource/document/arrete-du-8-decembre-2014-fixant-les-dispositions-prises-pour-l-application-des-3a0ce1fc1054,JORFTEXT000029893131,,['Accessibilité handicapés'],2014-12-08,https://w3id.org/semleg/legimaintlex/resource/document/arrete-du-8-decembre-2014-fixant-les-dispositions-prises-pour-l-application-des-3a0ce1fc1054/article/article-JORFTEXT000029893131-117/content,"Dispositions relatives aux circulations intérieures verticales. Les circulations intérieures verticales répondent aux dispositions suivantes : Toute dénivellation des circulations horizontales supérieure ou égale à 1,20 m détermine un niveau décalé considéré comme un étage. Lorsque le bâtiment comporte un ascenseur, tous les étages comportant des locaux ouverts au public sont desservis. Lorsque l'ascenseur, l'escalier ou l'équipement mobile n'est pas visible depuis l'entrée ou le hall du niveau principal d'accès au bâtiment, il y est repéré par une signalisation adaptée répondant aux exigences définies à l'annexe 3. Lorsqu'il existe plusieurs ascenseurs, escaliers ou équipements desservant de façon sélective les différents niveaux, cette signalisation aide l'usager à choisir l'ascenseur, l'escalier ou l'équipement mobile qui lui convient. Pour les ascenseurs, cette information figure également à proximité des commandes d'appel. Le numéro ou la dénomination de chaque étage desservi par un ascenseur est accessible sur chaque palier, à proximité de l'ascenseur, notamment par une signalétique en relief. 7.1. Escaliers I. - Usages attendus : Les escaliers peuvent être utilisés en sécurité par les personnes handicapées, y compris lorsqu'une aide appropriée est nécessaire. La sécurité des personnes est assurée par des aménagements ou équipements facilitant notamment le repérage des obstacles et l'équilibre tout au long de l'escalier. II. - Caractéristiques minimales : Les escaliers ouverts au public dans des conditions normales de fonctionnement répondent aux dispositions suivantes, que le bâtiment comporte ou non un ascenseur, un élévateur, un escalier mécanique ou un plan incliné mécanique : 1° Caractéristiques dimensionnelles : La largeur minimale entre mains courantes est de 1 m. Les marches répondent aux exigences suivantes : - hauteur inférieure ou égale à 17 cm ; - largeur du giron supérieure ou égale à 28 cm. En l'absence de travaux ayant pour objet de changer les caractéristiques dimensionnelles des escaliers, les caractéristiques dimensionnelles initiales peuvent être conservées. 2° Sécurité d'usage : En haut de l'escalier et sur chaque palier intermédiaire, un revêtement de sol permet l'éveil à la vigilance à une distance de 0,50 m de la première marche grâce à un contraste visuel et tactile. Pour une implantation plus efficace, permettant à une personne aveugle ou malvoyante de détecter cet éveil à la vigilance, cette distance peut être réduite à un giron de la première marche de l'escalier. La première et la dernière marche sont pourvues d'une contremarche d'une hauteur minimale de 0,10 m, visuellement contrastée par rapport à la marche sur au moins 0,10 m de hauteur. Les nez de marches répondent aux exigences suivantes : - être contrastés visuellement par rapport au reste de l'escalier sur au moins 3 cm en horizontal ; - être non glissants. L'escalier comporte un dispositif d'éclairage répondant aux exigences définies à l'article 14. 3° Atteinte et usage : L'escalier, quelle que soit sa conception, comporte une main courante de chaque côté. Dans le cas où leur installation dans un escalier existant aurait pour conséquence de réduire le passage à une largeur inférieure à 1 m, ou dans les escaliers à fût central de diamètre inférieur ou égal à 0,40 m, une seule main courante est exigée. Toute main courante répond aux exigences suivantes : - être située à une hauteur comprise entre 0,80 m et 1,00 m mesurée depuis le nez de marche. Toutefois, lorsqu'un garde-corps tient lieu de main courante, celle-ci devra être située pour des motifs de sécurité à la hauteur minimale requise pour le garde-corps ; - se prolonger horizontalement de la longueur d'une marche au-delà de la première et de la dernière marche de chaque volée sans pour autant créer d'obstacle au niveau des circulations horizontales ; - être continue, rigide et facilement préhensible. Dans les escaliers à fut central, une discontinuité de la main courante est autorisée dès lors que celle-ci permet son utilisation sans danger et que sa longueur est inférieure à 0,10 m ; - être différenciée de la paroi support grâce à un éclairage particulier ou un contraste visuel. 7.2. Ascenseurs I. - Usages attendus : Tous les ascenseurs peuvent être utilisés par les personnes handicapées. Les caractéristiques et la disposition des commandes extérieures et intérieures à la cabine permettent, notamment, leur repérage et leur utilisation par ces personnes. Dans les ascenseurs, des dispositifs permettent de prendre appui et de recevoir par des moyens adaptés les informations liées aux mouvements de la cabine, aux étages desservis et au système d'alarme. II. - Caractéristiques minimales : S'il est procédé à l'installation d'un ascenseur, celui-ci respecte les dispositions décrites au I précédent. Les spécifications de la norme NF EN 81-70:2003 sont réputées satisfaire à ces exigences. 1. Un ascenseur est obligatoire : 1.1. Si l'effectif admis aux étages supérieurs ou inférieurs atteint ou dépasse cinquante personnes. 1.2. Lorsque l'effectif admis aux étages supérieurs ou inférieurs n'atteint pas cinquante personnes et que certaines prestations ne peuvent être offertes au rez-de-chaussée. Le seuil de cinquante personnes est porté à cent personnes pour les établissements de 5e catégorie lorsqu'il existe des contraintes liées à la présence d'éléments participant à la solidité du bâtiment ainsi que pour les établissements d'enseignement quelle que soit sa catégorie. 1.3. Dans les restaurants comportant un étage, l'installation d'un ascenseur ou tout système présentant des caractéristiques équivalentes et remplissant les mêmes objectifs pour le desservir n'est pas exigé dès lors que l'effectif admis sur cet étage est inférieur à 25 % de la capacité totale du restaurant et que l'ensemble des prestations est offert à l'identique dans l'espace principal accessible. 2. Nonobstant les dispositions du paragraphe 1, lorsqu'il existe des contraintes liées à la présence d'éléments participant à la solidité du bâtiment, les établissements hôteliers existants à la date du présent arrêté et classés, au sens de l' article D. 311-7 du code du tourisme , en catégorie 1 étoile, 2 étoiles ou 3 étoiles selon le classement en vigueur à la date d'entrée en vigueur du présent arrêté mais ne comportant pas plus de trois étages en sus du rez-de-chaussée, ou encore non classés mais offrant une gamme de prix et de prestations équivalentes, sont exonérés de l'obligation d'installer un ascenseur dès lors que les prestations et les chambres adaptées prévues à l'article 17 sont accessibles au rez-de-chaussée et que les chambres adaptées présentent une qualité d'usage de fonctionnement équivalente de celles situées en étage. 3. Tous les ascenseurs peuvent être utilisés par les personnes handicapées et sont conformes aux dispositions décrites au I précédent. Les spécifications de la norme NF EN 81-70:2003 sont réputées satisfaire à ces exigences. Cependant, lorsqu'il existe des contraintes liées à la présence d'éléments participant à la solidité du bâtiment ne permettant pas d'appliquer les exigences, si un ou plusieurs ascenseurs existent dans le bâtiment, alors un au moins par batterie respecte les dispositions suivantes : 3.1. La signalisation palière du mouvement de la cabine respecte les exigences ci-après : - un signal sonore prévient du début d'ouverture des portes ; - deux flèches lumineuses d'une hauteur d'au moins 40 mm sont installées pour indiquer le sens du déplacement ; - un signal sonore utilisant des sons différents pour la montée et la descente accompagne l'illumination des flèches. 3.2. La signalisation en cabine respecte les exigences ci-après : - un indicateur visuel permet de connaître la position de la cabine. La hauteur des numéros d'étage est comprise entre 30 et 60 mm ; - à l'arrêt de la cabine, un message vocal indique sa position. 3.3. En outre, un nouveau dispositif de demande de secours équipé de signalisations visuelle et sonore ou un dispositif de demande de secours existant faisant l'objet d'une modification comporte : - un pictogramme illuminé jaune, en complément du signal sonore de transmission de la demande, pour indiquer que la demande de secours a été émise ; - un pictogramme illuminé vert, en complément du signal sonore normalement requis (liaison phonique), pour indiquer que la demande de secours a été enregistrée ; - une aide à la communication pour les personnes malentendantes, telle qu'une boucle magnétique. Dans tous les cas, les signaux sonores et messages vocaux ont un niveau réglable entre 35 et 65 dB (A). 3.4. Lorsque tous les appareils d'une batterie d'ascenseur ne respectent pas les exigences prévues aux 3.1 à 3.3, une commande d'appel spécifique est installée à proximité immédiate de la batterie d'ascenseur afin d'attribuer une cabine répondant à ces exigences. 4. Un appareil élévateur vertical peut être installé à la place d'un ascenseur, dans les cas suivants : - l'établissement est situé dans une zone où un plan de prévention du risque inondation, tel que prévu par le code de l'environnement ou la topographie du terrain ne permet pas l'aménagement d'un cheminement accessible ou ne garantit pas l'accessibilité de l'entrée de l'établissement ; - à l'intérieur d'un établissement situé dans un cadre bâti existant. 4.1. Le choix du type de matériel se fait en fonction de la hauteur de course : - un appareil élévateur vertical avec nacelle et sans gaine peut être installé jusqu'à une hauteur de 0,50 m ; - un appareil élévateur vertical avec nacelle, gaine et portillon peut être installé jusqu'à une hauteur de 1,20 m ; - un appareil élévateur vertical avec gaine fermée et avec porte peut être installé jusqu'à une hauteur de 3,20 m. - un appareil élévateur satisfait aux règles de sécurité en vigueur. Notamment, un dispositif de protection empêche l'accès sous un appareil sans gaine lorsque celui-ci est en position haute. 4.2. Un appareil élévateur vertical respecte les caractéristiques minimales suivantes : - la plate-forme élévatrice a une dimension utile minimale de 0,90 m × 1,40 m dans le cas d'un service simple ou opposé ou de 1,10 m × 1,40 m dans le cas d'un service en angle ; - la plate-forme élévatrice peut soulever une charge de 250 kg/m2 correspondant à une masse de 315 kg pour une plate-forme de dimension 0,90 m × 1,40 m. La commande est positionnée de manière à être utilisable par une personne en fauteuil roulant. La commande d'appel d'un appareil élévateur vertical avec gaine fermée est à enregistrement. Elle est située hors du débattement de la porte et ne gêne pas la circulation. La porte ou le portillon d'entrée a une largeur nominale minimale de 0,90 m correspondant à une largeur minimale de passage utile de 0,83 m. Pour être installé jusqu'à une hauteur de 3,20 m, un appareil élévateur vertical avec gaine fermée et avec porte présente une vitesse nominale comprise entre 0,13 et 0,15 m/s. A l'intérieur d'un appareil élévateur vertical avec nacelle, les commandes à pression maintenue respectent les conditions suivantes : - l'inclinaison de leur support est comprise entre 30° et 45° par rapport à la verticale ; - la force de pression nécessaire pour activer les commandes doit être comprise entre 2 N et 5 N. 5. Les ascenseurs sont libres d'accès. Cette disposition ne s'applique pas aux établissements scolaires sous réserve qu'un dispositif permettant d'utiliser l'appareil en toute autonomie soit remis à l'élève concerné. Les appareils élévateurs verticaux sont autant que possible libres d'accès. A défaut, un appareil élévateur vertical est assorti d'un dispositif permettant à la personne handicapée de signaler sa présence au personnel de l'établissement. Ce dispositif de signalement répond aux critères suivants : - être situé à proximité du portillon ou de la porte d'entrée de l'appareil ; - être facilement repérable ; - être visuellement contrasté vis-à-vis de son support ; - être situé au droit d'une signalisation visuelle, tel qu'un panneau, pour expliciter sa signification ; - être situé à une hauteur comprise entre 0,90 m et 1,30 m et à plus de 0,40 m d'un angle rentrant de parois ou de tout autre obstacle à l'approche d'un fauteuil roulant. L'usager est informé de la prise en compte de son appel. Sauf dans les cas cités au 4 du présent article, un appareil élévateur ne peut remplacer un ascenseur que si une dérogation est obtenue dans les conditions fixées à l' article R. 111-19-10 du code de la construction et de l'habitation . Dans ce cas, l'appareil élévateur doit être d'usage permanent et respecter les réglementations en vigueur. Un escalier mécanique ou un plan incliné mécanique ne peuvent pas remplacer ni un ascenseur obligatoire ni un appareil élévateur.",12776
https://w3id.org/semleg/legimaintlex/resource/document/arrete-du-8-decembre-2014-fixant-les-dispositions-prises-pour-l-application-des-3a0ce1fc1054/article/article-JORFTEXT000029893131-118,article-JORFTEXT000029893131-118,https://w3id.org/semleg/legimaintlex/resource/document/arrete-du-8-decembre-2014-fixant-les-dispositions-prises-pour-l-application-des-3a0ce1fc1054,JORFTEXT000029893131,,['Accessibilité handicapés'],2014-12-08,https://w3id.org/semleg/legimaintlex/resource/document/arrete-du-8-decembre-2014-fixant-les-dispositions-prises-pour-l-application-des-3a0ce1fc1054/article/article-JORFTEXT000029893131-118/content,"Dispositions spécifiques applicables à certains types d'établissements. Certaines dispositions architecturales et aménagements des établissements recevant du public ou installations ouvertes au public et des équipements visés aux articles 16 à 19, en raison de leur spécificité, satisfont à des obligations spécifiques définies par les articles suivants.",354
https://w3id.org/semleg/legimaintlex/resource/document/arrete-du-8-decembre-2014-fixant-les-dispositions-prises-pour-l-application-des-3a0ce1fc1054/article/article-JORFTEXT000029893131-119,article-JORFTEXT000029893131-119,https://w3id.org/semleg/legimaintlex/resource/document/arrete-du-8-decembre-2014-fixant-les-dispositions-prises-pour-l-application-des-3a0ce1fc1054,JORFTEXT000029893131,,['Accessibilité handicapés'],2014-12-08,https://w3id.org/semleg/legimaintlex/resource/document/arrete-du-8-decembre-2014-fixant-les-dispositions-prises-pour-l-application-des-3a0ce1fc1054/article/article-JORFTEXT000029893131-119/content,"Les dispositions du présent arrêté sont prises pour l'application des dispositions des articles R. 111-19-7 à R. 111-19-11 du code de la construction et de l'habitation et de l' article 14 du décret n° 2006-555 du 17 mai 2006 susvisé . Les dispositions architecturales et les aménagements propres à assurer l'accessibilité des établissements recevant du public situés dans un cadre bâti existant et des installations existantes, avec ou sans travaux, satisfont aux obligations définies aux articles 2 à 19. Des solutions d'effet équivalent peuvent être mises en œuvre dès lors que celles-ci satisfont aux mêmes objectifs. Les dispositions des articles 5 à 19 concernant les espaces de manœuvre avec possibilité de demi-tour, les espaces de manœuvre de porte et l'espace d'usage devant les équipements ne s'appliquent pas : - pour les étages ou niveaux non accessibles aux personnes circulant en fauteuil roulant ; - dès lors que l'accès au bâtiment ne permet pas à une personne en fauteuil roulant de le franchir. Cette impossibilité d'accès au bâtiment est avérée notamment si l'espace entre le bord de la chaussée et l'entrée de l'établissement présente à la fois une largeur de trottoir inférieure ou égale à 2,8 m, une pente longitudinale de trottoir supérieure ou égale à 5 % et une différence de niveaux d'une hauteur supérieure à 17 cm entre l'extérieur et l'intérieur du bâtiment.",1388
https://w3id.org/semleg/legimaintlex/resource/document/arrete-du-8-decembre-2014-fixant-les-dispositions-prises-pour-l-application-des-3a0ce1fc1054/article/article-JORFTEXT000029893131-120,article-JORFTEXT000029893131-120,https://w3id.org/semleg/legimaintlex/resource/document/arrete-du-8-decembre-2014-fixant-les-dispositions-prises-pour-l-application-des-3a0ce1fc1054,JORFTEXT000029893131,,['Accessibilité handicapés'],2014-12-08,https://w3id.org/semleg/legimaintlex/resource/document/arrete-du-8-decembre-2014-fixant-les-dispositions-prises-pour-l-application-des-3a0ce1fc1054/article/article-JORFTEXT000029893131-120/content,"Dispositions spécifiques applicables aux établissements recevant du public assis. I. - Usages attendus : Tout établissement ou installation accueillant du public assis reçoit les personnes handicapées dans les mêmes conditions d'accès et d'utilisation que celles offertes aux personnes valides. A cet effet, des emplacements accessibles par un cheminement praticable sont aménagés. Dans les restaurants ainsi que dans les salles à usage polyvalent ne comportant pas d'aménagements spécifiques, ces emplacements peuvent être dégagés lors de l'arrivée des personnes handicapées. Le nombre, les caractéristiques et la disposition de ces emplacements sont définis en fonction du nombre total de places offertes. II. - Caractéristiques minimales : Pour satisfaire aux exigences du I, les emplacements accessibles aux personnes en fauteuil roulant dans les établissements et installations recevant du public assis répondent aux dispositions suivantes : 1° Nombre : Le nombre d'emplacements accessibles est d'au moins 2 jusqu'à 50 places et d'un emplacement supplémentaire par tranche ou fraction de 50 places en sus. Au-delà de 1 000 places, le nombre d'emplacements accessibles, qui ne saurait être inférieur à 20, est fixé par arrêté municipal. Dès lors qu'une mezzanine n'est pas desservie par un ascenseur conformément à la possibilité offerte par l'article 7.2 (2), le nombre de places accessibles est tout de même calculé sur la capacité totale du restaurant. Les places accessibles sont alors localisées dans l'espace principal accessible. 2° Répartition : Lorsque plusieurs places s'imposent, les places adaptées sont réparties en fonction des différentes catégories de places offertes au public. 3° Caractéristiques dimensionnelles : Chaque emplacement accessible correspond à un espace d'usage dont les caractéristiques dimensionnelles sont définies à l'annexe 2. Le cheminement d'accès à ces emplacements présente les mêmes caractéristiques que les circulations intérieures visées à l'article 6. Les emmarchements des gradins et les gradins ne sont pas considérés comme des circulations intérieures verticales ou horizontales au sens du présent arrêté.",2157
https://w3id.org/semleg/legimaintlex/resource/document/arrete-du-8-decembre-2014-fixant-les-dispositions-prises-pour-l-application-des-3a0ce1fc1054/article/article-JORFTEXT000029893131-121,article-JORFTEXT000029893131-121,https://w3id.org/semleg/legimaintlex/resource/document/arrete-du-8-decembre-2014-fixant-les-dispositions-prises-pour-l-application-des-3a0ce1fc1054,JORFTEXT000029893131,,['Accessibilité handicapés'],2014-12-08,https://w3id.org/semleg/legimaintlex/resource/document/arrete-du-8-decembre-2014-fixant-les-dispositions-prises-pour-l-application-des-3a0ce1fc1054/article/article-JORFTEXT000029893131-121/content,"Dispositions spécifiques relatives aux chambres des établissements comportant des locaux d'hébergement. I. - Usages attendus : Tout établissement disposant de locaux d'hébergement pour le public comporte des chambres aménagées et accessibles de manière à pouvoir être occupées par des personnes handicapées, à l'exception des établissements ne comportant pas plus de dix chambres, dont aucune n'est située au rez-de-chaussée ou en étage accessible par ascenseur. Lorsque ces chambres comportent une salle d'eau, celle-ci est aménagée et accessible. Si ces chambres ne comportent pas de salle d'eau et s'il existe au moins une salle d'eau d'étage, celle-ci est aménagée et accessible depuis ces chambres par un cheminement accessible. Lorsque ces chambres comportent un cabinet d'aisances, celui-ci est aménagé et accessible. Si ces chambres ne comportent pas de cabinet d'aisances, un cabinet d'aisances indépendant et accessible de ces chambres est aménagé à cet étage. Une chambre non adaptée peut être utilisée par une personne présentant une déficience visuelle, auditive ou mentale. II. - Caractéristiques minimales : II.1. Pour satisfaire aux exigences du I, les dispositions relatives à l'ensemble des chambres sont les suivantes : Toutes les chambres répondent aux dispositions suivantes : - une prise de courant au moins est située à proximité immédiate de la tête de lit et, pour les établissements disposant d'un réseau de téléphonie interne, une prise téléphone est reliée à ce réseau ; - le numéro ou la dénomination de chaque chambre figure en relief sur la porte, présente une taille suffisante et un contraste visuel par rapport à son environnement et est positionné dans le champ de vision du client. Les équipements installés en hauteur tels que les écrans de télévision sont installés en dehors du cheminement ou à une hauteur supérieure à 2,20 m, au fur et à mesure de leur renouvellement. II.2. Pour satisfaire aux exigences du I, les dispositions relatives aux chambres adaptées sont les suivantes : Les établissements comportant des locaux d'hébergement pour le public, notamment les établissements d'hébergement hôtelier ainsi que tous les établissements comportant des locaux à sommeil, notamment les hôpitaux et les internats, comportent des chambres adaptées répondant aux dispositions suivantes : a) Nombre Pour les établissements d'hébergement de personnes âgées dépendantes ou de personnes présentant un handicap moteur, l'ensemble des chambres ou logements, salles d'eau, douches et cabinet d'aisance sont adaptés. Pour les autres établissements, le nombre minimal de chambres adaptées est défini de la façon suivante : 1 chambre si l'établissement ne comporte pas plus de 20 chambres ; 2 chambres si l'établissement ne compte pas plus de 50 chambres ; 1 chambre supplémentaire par tranche ou fraction de 50 chambres supplémentaire au-delà de 50. Les chambres adaptées sont réparties entre les différents niveaux accessibles. 2° Caractéristiques dimensionnelles : Une chambre adaptée comporte en dehors du débattement de porte éventuel et de l'emprise d'un lit de 1,40 m × 1,90 m : - un espace de manœuvre avec possibilité de demi-tour dont les caractéristiques dimensionnelles sont définies à l'annexe 2 ; - un passage d'au moins 0,90 m sur au moins un grand côté du lit. Dans les établissements où les règles d'occupation ne prévoient qu'une personne par chambre ou couchage, le lit à prendre en compte est de dimensions 0,90 m × 1,90 m. Lorsque le lit est fixé au sol, le plan de couchage est situé à une hauteur comprise entre 0,40 m et 0,50 m du sol. Le cabinet de toilette intégré à la chambre ou l'une au moins des salles d'eau à usage collectif situées à l'étage comporte : - une douche sans ressaut de plus de 2 cm équipée : - de barres d'appui permettant le transfert d'une personne en fauteuil roulant ; - d'un équipement permettant de s'asseoir et de disposer d'un appui en position « debout » ; - d'un espace d'usage tel que défini à l'annexe 2 placé latéralement à l'équipement permettant de s'asseoir ; - en dehors du débattement de porte et des équipements fixes, un espace de manœuvre avec possibilité de demi-tour dont les caractéristiques dimensionnelles sont définies à l'annexe 2. Le cabinet d'aisances intégré à la chambre ou l'un au moins des cabinets d'aisances à usage collectif situés à l'étage offre dès la livraison, en dehors du débattement de porte, un espace d'usage accessible à une personne en fauteuil roulant tel que défini à l'annexe 2, situé latéralement par rapport à la cuvette. Ce cabinet est équipé d'une barre d'appui latérale permettant le transfert de la personne depuis le fauteuil vers la cuvette et réciproquement. La barre est située à une hauteur comprise entre 0,70 m et 0,80 m. Sa fixation ainsi que le support permettent à un adulte de prendre appui de tout son poids. Dans les établissements hôteliers et les établissements comportant des locaux d'hébergement existants, seules les portes permettant de desservir et d'accéder aux chambres adaptées et aux services collectifs ont une largeur minimale de passage utile de 0,83 m. Dans le cas où une porte située en amont du cheminement présente une largeur inférieure, la largeur minimale de passage utile de la porte de la chambre adaptée ou des locaux de services collectifs est égale à celle de la porte située en amont, avec un minimum de 0,77 m.",5382
https://w3id.org/semleg/legimaintlex/resource/document/arrete-du-8-decembre-2014-fixant-les-dispositions-prises-pour-l-application-des-3a0ce1fc1054/article/article-JORFTEXT000029893131-122,article-JORFTEXT000029893131-122,https://w3id.org/semleg/legimaintlex/resource/document/arrete-du-8-decembre-2014-fixant-les-dispositions-prises-pour-l-application-des-3a0ce1fc1054,JORFTEXT000029893131,,['Accessibilité handicapés'],2014-12-08,https://w3id.org/semleg/legimaintlex/resource/document/arrete-du-8-decembre-2014-fixant-les-dispositions-prises-pour-l-application-des-3a0ce1fc1054/article/article-JORFTEXT000029893131-122/content,"Dispositions relatives aux tapis roulants, escaliers et plans inclinés mécaniques. I. - Usages attendus : Lorsque le cheminement courant se fait par un tapis roulant, un escalier mécanique ou un plan incliné mécanique, celui-ci peut être repéré et utilisé par des personnes ayant une déficience visuelle ou des difficultés à conserver leur équilibre. Un tapis roulant, un escalier mécanique ou un plan incliné mécanique est doublé par un cheminement accessible non mobile ou par un ascenseur. II. - Caractéristiques minimales : Pour l'application du I du présent article, ces équipements répondent aux dispositions suivantes : 1° Repérage : Une signalisation adaptée répondant aux exigences définies à l'annexe 3 permet à un usager de choisir entre l'équipement mobile et un autre cheminement accessible. 2° Atteinte et usage : Les mains courantes situées de part et d'autre de l'équipement accompagnent le déplacement. L'équipement comporte un dispositif d'éclairage répondant aux exigences définies à l'article 14. Le départ et l'arrivée des parties en mouvement sont mis en évidence par un contraste de couleur ou de lumière.",1128
https://w3id.org/semleg/legimaintlex/resource/document/arrete-du-8-decembre-2014-fixant-les-dispositions-prises-pour-l-application-des-3a0ce1fc1054/article/article-JORFTEXT000029893131-123,article-JORFTEXT000029893131-123,https://w3id.org/semleg/legimaintlex/resource/document/arrete-du-8-decembre-2014-fixant-les-dispositions-prises-pour-l-application-des-3a0ce1fc1054,JORFTEXT000029893131,,['Accessibilité handicapés'],2014-12-08,https://w3id.org/semleg/legimaintlex/resource/document/arrete-du-8-decembre-2014-fixant-les-dispositions-prises-pour-l-application-des-3a0ce1fc1054/article/article-JORFTEXT000029893131-123/content,"Dispositions spécifiques relatives aux cabines et aux espaces à usage individuel. I. - Usages attendus : Lorsque des prestations identiques sont offertes dans des cabines ou des espaces à usage individuel, tels que des cabines d'habillage ou de déshabillage, de soins ou de douche, l'établissement comporte des cabines ou des espaces adaptés aux personnes handicapés et accessibles par un cheminement praticable. Ces cabines ou ces espaces adaptés sont installés au même emplacement que les autres cabines ou espaces lorsque ceux-ci sont regroupés. Lorsqu'il existe des cabines ou espaces séparés pour chaque sexe, au moins une cabine ou espace adapté et séparé pour chaque sexe est installé. II. - Caractéristiques minimales : Pour satisfaire aux exigences du I, les cabines ou espaces adaptés respectent les dispositions suivantes : 1° Nombre Le nombre minimal de cabines ou d'espaces adaptés est défini de la façon suivante : 1 cabine ou espace adapté si l'établissement n'en comporte pas plus de 20. A l'occasion de travaux, le nombre minimal de cabine ou d'espace adapté est réévalué de la façon suivante : 2 cabines ou espaces adaptés si l'établissement n'en comporte plus de 50 ; 1 cabine ou espace supplémentaire par tranche ou portion de 50. 2° Atteinte et usage Les cabines ou espaces à usage individuel adaptés comportent en dehors du débattement de porte éventuel : - un espace de manœuvre avec possibilité de demi-tour dont les caractéristiques dimensionnelles sont définies à l'annexe 2 ; - un équipement permettant de s'asseoir et de disposer d'un appui en position « debout ». Les douches adaptées comportent : - un siphon de sol ; - un équipement permettant de s'asseoir et de disposer d'un appui en position « debout » ; - en dehors du débattement de porte, un espace d'usage accessible à une personne en fauteuil roulant tel que défini à l'annexe 2, situé latéralement par rapport à l'équipement permettant de s'asseoir ; - un espace de manœuvre avec possibilité de demi-tour dont les caractéristiques dimensionnelles sont définies à l'annexe 2, situé à l'intérieur de la douche adaptée ou, à défaut, à l'extérieur. Dans le cas où cet espace de manœuvre avec possibilité de demi-tour est situé à l'extérieur de la douche adaptée pour les personnes handicapées, il est situé devant la porte ou devant l'entrée de la douche ou à défaut à proximité de celle-ci. Lorsqu'elle existe, un espace de manœuvre de manœuvre de porte est nécessaire devant celle-ci. La porte est en outre équipée d'un dispositif permettant de la refermer derrière soi une fois entré. - des équipements accessibles en position « assis », notamment des patères, robinetterie, sèche-cheveux, miroirs, dispositifs de fermeture des portes.",2724
https://w3id.org/semleg/legimaintlex/resource/document/arrete-du-8-decembre-2014-fixant-les-dispositions-prises-pour-l-application-des-3a0ce1fc1054/article/article-JORFTEXT000029893131-124,article-JORFTEXT000029893131-124,https://w3id.org/semleg/legimaintlex/resource/document/arrete-du-8-decembre-2014-fixant-les-dispositions-prises-pour-l-application-des-3a0ce1fc1054,JORFTEXT000029893131,,['Accessibilité handicapés'],2014-12-08,https://w3id.org/semleg/legimaintlex/resource/document/arrete-du-8-decembre-2014-fixant-les-dispositions-prises-pour-l-application-des-3a0ce1fc1054/article/article-JORFTEXT000029893131-124/content,"Dispositions relatives aux revêtements des sols, murs et plafonds. I. - Usages attendus : Les revêtements de sol et les équipements situés sur le sol des cheminements sont sûrs et permettent une circulation aisée des personnes handicapées. Sous réserve de la prise en compte de contraintes particulières liées à l'hygiène ou à l'ambiance hygrométrique des locaux, les revêtements des sols, murs et plafonds ne créent pas de gêne visuelle ou sonore pour les personnes ayant une déficience sensorielle. II. - Caractéristiques minimales : Pour l'application du I du présent article, les dispositions suivantes sont respectées : - qu'ils soient posés ou encastrés, les tapis fixes présentent la dureté nécessaire pour ne pas gêner la progression d'un fauteuil roulant. Ils ne créent pas de ressaut de plus de 2 cm ; - les valeurs réglementaires de temps de réverbération et de surface équivalente de matériaux absorbants définies par les exigences acoustiques en vigueur sont respectées. Lorsqu'il n'existe pas de texte pour définir ces exigences, quel que soit le type d'établissement concerné, l'aire d'absorption équivalente des revêtements et éléments absorbants représente au moins 25 % de la surface au sol des espaces réservés à l'accueil et à l'attente du public ainsi que des salles de restauration. L'aire d'absorption équivalente A d'un revêtement absorbant est donnée par la formule : A = S × αw où S désigne la surface du revêtement absorbant et αw son indice d'évaluation unique de l'absorption acoustique.",1516
https://w3id.org/semleg/legimaintlex/resource/document/arrete-du-8-decembre-2014-fixant-les-dispositions-prises-pour-l-application-des-3a0ce1fc1054/article/article-JORFTEXT000029893131-125,article-JORFTEXT000029893131-125,https://w3id.org/semleg/legimaintlex/resource/document/arrete-du-8-decembre-2014-fixant-les-dispositions-prises-pour-l-application-des-3a0ce1fc1054,JORFTEXT000029893131,,['Accessibilité handicapés'],2014-12-08,https://w3id.org/semleg/legimaintlex/resource/document/arrete-du-8-decembre-2014-fixant-les-dispositions-prises-pour-l-application-des-3a0ce1fc1054/article/article-JORFTEXT000029893131-125/content,"Dispositions relatives aux cheminements extérieurs. I. - Usages attendus : Un cheminement accessible permet d'accéder à l'entrée principale, ou à une des entrées principales, des bâtiments depuis l'accès au terrain. Dès lors qu'une entrée principale ne peut pas être rendue accessible selon les dispositions prévues à l'article 4, l'accessibilité d'une entrée dissociée peut être envisagée. Cette entrée est signalée et ouverte à tous en permanence pendant les heures d'ouverture. Le choix et l'aménagement du cheminement accessible sont tels qu'ils facilitent la continuité de la chaîne du déplacement avec l'extérieur du terrain. Le cheminement accessible est le cheminement usuel, ou l'un des cheminements usuels. Le cheminement accessible permet notamment à une personne ayant une déficience visuelle ou auditive de se localiser, s'orienter et atteindre le bâtiment en sécurité et permet à une personne ayant une déficience motrice d'accéder à tout équipement ou aménagement donné à l'usage. Les caractéristiques d'un cheminement accessible sont définies au II ci-après. Lorsqu'il existe plusieurs cheminements, le ou les cheminements accessibles sont signalés de manière adaptée. Les principaux éléments structurants du cheminement sont repérables et détectables par les personnes ayant une déficience visuelle. Lorsque le cheminement courant se fait par un plan incliné, celui-ci offre des caractéristiques minimales définies au II ci-après. Lorsque les caractéristiques du terrain ne permettent pas la réalisation d'un cheminement accessible depuis l'extérieur du terrain, un espace de stationnement adapté tel que défini à l'article 3 est prévu à proximité d'une entrée accessible du bâtiment et se trouve relié à celle-ci par un cheminement accessible. II. - Caractéristiques minimales : Les cheminements extérieurs accessibles aux personnes handicapées répondent aux dispositions suivantes : 1° Repérage et guidage : Une signalisation adaptée est mise en place à l'entrée du terrain de l'opération, à proximité des places de stationnement pour le public, ainsi qu'en chaque point d'un cheminement accessible où un choix d'itinéraire est donné à l'usager. Les éléments de signalisation répondent aux exigences définies à l'annexe 3. Le revêtement d'un cheminement accessible présente un contraste visuel et tactile par rapport à son environnement permettant sa détection à la canne ou au pied. A défaut, le cheminement comporte sur toute sa longueur un repère continu, tactile, pour le guidage à l'aide d'une canne d'aveugle, et visuellement contrasté par rapport à son environnement pour faciliter le guidage des personnes malvoyantes. Dès lors que des bandes de guidage sont installées, elles respectent les dispositions décrites en annexe 6. Les spécifications de la norme NF P 98-352:2014 sont réputées satisfaire à ces exigences. 2° Caractéristiques dimensionnelles : a) Profil en long : Le cheminement accessible est horizontal et sans ressaut. Pentes : Lorsqu'une dénivellation ne peut être évitée, un plan incliné de pente inférieure ou égale à 6 % est aménagé afin de la franchir. Les valeurs de pentes suivantes sont tolérées exceptionnellement : - jusqu'à 10 % sur une longueur inférieure ou égale à 2 m ; - jusqu'à 12 % sur une longueur inférieure ou égale à 0,50 m. Palier de repos : Un palier de repos est nécessaire en haut et en bas de chaque plan incliné, quelle qu'en soit la longueur. En cas de plan incliné de pente supérieure ou égale à 5 %, un palier de repos est nécessaire tous les 10 m. Les caractéristiques dimensionnelles du palier sont définies à l'annexe 2. Ressaut : Lorsqu'il ne peut être évité, un faible écart de niveau peut être traité par un ressaut à bord arrondi ou muni d'un chanfrein et dont la hauteur est inférieure ou égale à 2 cm. Cette hauteur maximale peut toutefois être portée à 4 cm si le ressaut comporte sur toute sa hauteur une pente ne dépassant pas 33 %. La distance minimale entre deux ressauts successifs est de 2,50 m. Ces ressauts successifs sont séparés par des paliers de repos. Les pentes créées comportant plusieurs ressauts successifs, dits « pas d'âne », sont interdites. Un plan incliné ne présente pas de ressaut, ni en haut ni en bas. b) Profil en travers : Largeur de passage : La largeur minimale du cheminement accessible est de 1,20 m libre de tout obstacle, sans préjudice des prescriptions prévues par le règlement de sécurité contre les risques d'incendie et de panique dans les établissements recevant du public. Lorsqu'un rétrécissement ponctuel ne peut être évité, la largeur minimale du cheminement peut, sur une faible longueur, être comprise entre 0,90 m et 1,20 m de manière à permettre le passage d'une personne en fauteuil roulant. Dévers : Le cheminement est conçu et mis en œuvre de manière à éviter la stagnation d'eau. Lorsqu'un dévers est nécessaire, il est inférieur ou égal à 3 %. c) Espaces de manœuvre et d'usage pour les personnes circulant en fauteuil roulant : Un espace de manœuvre avec possibilité de demi-tour est nécessaire en chaque point du cheminement accessible où un choix d'itinéraire est donné à l'usager. De même, un espace de manœuvre avec possibilité de demi-tour est nécessaire au droit du système de contrôle d'accès des portes d'entrée desservies par un cheminement accessible. Un espace de manœuvre de porte est nécessaire de part et d'autre de chaque porte ou portillon situé le long du cheminement, à l'exception des portes et des portillons automatiques coulissants dès lors qu'est prévue la détection de toute personne avant le passage de la porte et son passage de la porte en toute sécurité, des portes et des portillons ouvrant uniquement sur un escalier et des portes des sanitaires, des douches et des locaux non adaptés. Un espace d'usage est nécessaire devant chaque équipement ou aménagement situé le long d'un cheminement afin d'en permettre l'atteinte et l'usage. Les caractéristiques dimensionnelles de ces différents espaces sont définies à l'annexe 2. 3° Sécurité d'usage : Le sol ou le revêtement de sol du cheminement accessible est non meuble, non glissant, non réfléchissant et sans obstacle à la roue. Les trous et fentes situés dans le sol d'un cheminement accessible ont une largeur ou un diamètre inférieur ou égal à 2 cm. Un cheminement accessible est libre de tout obstacle. Afin d'être repérables et d'éviter le danger de choc, les éléments éventuels qui ne peuvent pas être mis en dehors du cheminement accessible doivent répondre aux exigences suivantes : - s'ils sont suspendus au-dessus du cheminement, laisser un passage libre d'au moins 2,20 m de hauteur au-dessus du sol ; - s'ils sont implantés sur le cheminement accessible, quelle que soit leur hauteur, ou en saillie latérale de plus de 15 cm sur le cheminement, comporter un élément de contraste visuel par rapport à leur environnement immédiat et un rappel tactile ou un prolongement au sol. Afin d'être repérables et d'éviter le danger de choc, lors de leur installation ou lorsque des travaux sont réalisés sur le cheminement, les éléments suspendus en porte à faux ou en saillie latérale de plus de 15 cm qui ne peuvent pas être mis en dehors du cheminement accessible sont accompagnés de dispositifs permettant de prévenir du danger de choc. Ces dispositifs permettant de prévenir du danger de choc sont situés dans la zone de balayage d'une canne de détection, présentent des angles arrondis et ne présentent pas d'arête vive. Les caractéristiques techniques de ce dispositif sont décrites en annexe 4. Afin de pouvoir être détectés par les personnes aveugles ou malvoyantes, le mobilier, les bornes et les poteaux remplacés ou installés lors de travaux concernant un cheminement, respectent les dispositions de l'annexe 5. Lorsqu'un cheminement accessible est bordé à une distance inférieure à 0,90 m par une rupture de niveau d'une hauteur de plus de 0,40 m, un dispositif de protection est implanté afin d'éviter les chutes. En cas de travaux réalisés sur un cheminement accessible, lorsqu'il est bordé à une distance inférieure à 0,90 m par une rupture de niveau d'une hauteur de plus de 0,25 m, un dispositif de protection est implanté afin d'alerter les personnes du risque de chute. Lorsqu'un escalier est situé dans un espace de circulation, la partie située en dessous de 2,20 m, si elle n'est pas fermée, est visuellement contrastée, comporte un rappel tactile situé dans la zone de balayage d'une canne de détection et est réalisée de manière à prévenir les dangers de chocs pour des personnes aveugles ou malvoyantes. Les parois vitrées situées sur les cheminements ou en bordure immédiate de ceux-ci sont repérables par des personnes de toutes tailles à l'aide d'éléments visuels contrastés par rapport à l'environnement immédiat et visibles de part et d'autre de la paroi. Toute volée d'escalier comportant trois marches ou plus répond aux exigences applicables aux escaliers visées à l'article 7-1, à l'exception des dispositions concernant l'éclairage. Toute volée d'escalier comportant moins de trois marches répond aux exigences applicables aux escaliers visées au 2° du II de l'article 7-1, à l'exception de la disposition concernant l'éclairage. Lors de l'installation et du remplacement du dispositif d'éveil à la vigilance prévu à l'article 7-1, celui-ci respecte les dispositions décrites en annexe 7. Les spécifications de la norme NF P 98-351:2010 sont réputées satisfaire à ces exigences. Lorsqu'un cheminement accessible croise un itinéraire emprunté par des véhicules, la covisibilité entre les conducteurs des véhicules et les piétons est garantie afin de permettre à chacun de pouvoir évaluer la possibilité de franchir le croisement sans risque de collision. Pour cela, le cheminement comporte au droit de ce croisement : - un élément permettant l'éveil de la vigilance des piétons. En cas de travaux, il est installé un élément respectant les dispositions décrites en annexe 7. Les spécifications de la norme NF P 98-351:2010 sont réputées satisfaire à ces exigences ; - un marquage au sol et une signalisation qui indiquent également aux conducteurs des véhicules qu'ils croisent un cheminement pour piétons ; - si nécessaire et en cas de travaux, un dispositif complétant voire élargissant le champ de vision. Le cheminement accessible comporte un dispositif d'éclairage répondant aux exigences définies à l'article 14. Lors de leur installation ou de leur renouvellement, les feux tricolores installés sur les espaces extérieurs de l'établissement sont équipés de répétiteurs de phase respectant les dispositions décrites en annexe 8. Les spécifications de la norme NF S 32-002:2004 sont réputées satisfaire à ces exigences.",10676
https://w3id.org/semleg/legimaintlex/resource/document/arrete-du-8-decembre-2014-fixant-les-dispositions-prises-pour-l-application-des-3a0ce1fc1054/article/article-JORFTEXT000029893131-126,article-JORFTEXT000029893131-126,https://w3id.org/semleg/legimaintlex/resource/document/arrete-du-8-decembre-2014-fixant-les-dispositions-prises-pour-l-application-des-3a0ce1fc1054,JORFTEXT000029893131,,['Accessibilité handicapés'],2014-12-08,https://w3id.org/semleg/legimaintlex/resource/document/arrete-du-8-decembre-2014-fixant-les-dispositions-prises-pour-l-application-des-3a0ce1fc1054/article/article-JORFTEXT000029893131-126/content,"Dispositions spécifiques relatives aux caisses de paiement et aux dispositifs ou équipements disposés en batterie ou en série. I. - Usages attendus : Lorsqu'il existe des caisses de paiement ou des dispositifs ou équipements disposés en batterie ou en série, un nombre minimal de caisses ou dispositifs ou équipements disposés en batterie ou en série, défini en fonction du nombre total de caisses ou de dispositifs ou équipements disposés en batterie ou en série, sont adaptés et accessibles par un cheminement praticable et l'un d'entre eux est prioritairement ouvert. II. - Caractéristiques minimales : Les caisses de paiement et les dispositifs ou équipements adaptés sont répartis de manière uniforme. Lorsque ces caisses de paiement ou dispositifs ou équipements disposés en batterie ou en série sont localisés sur plusieurs niveaux, ces obligations s'appliquent à chaque niveau. 1° Nombre Le nombre minimal de caisses de paiement ou de dispositifs ou équipements disposés en batterie ou en série adaptés est d'une caisse ou de dispositifs ou équipement par tranche de vingt, arrondi à l'unité supérieure. Lorsqu'il n'existe qu'une seule caisse de paiement, celle-ci est accessible aux personnes handicapées. 2° Caractéristiques dimensionnelles Les caisses de paiement ou dispositifs ou équipements disposés en batterie ou en série sont conçus et disposés de manière à permettre leur usage par une personne en fauteuil roulant. La largeur minimale du cheminement d'accès aux caisses de paiement ou dispositifs ou équipements disposés en batterie ou en série adaptés est de 0,90 m. Les caisses de paiement ou dispositifs ou équipements disposés en batterie ou en série sont munis d'un affichage directement lisible par l'usager afin de permettre aux personnes sourdes ou malentendantes de recevoir l'information sur le prix à payer.",1837
https://w3id.org/semleg/legimaintlex/resource/document/arrete-du-8-decembre-2014-fixant-les-dispositions-prises-pour-l-application-des-3a0ce1fc1054/article/article-JORFTEXT000029893131-127,article-JORFTEXT000029893131-127,https://w3id.org/semleg/legimaintlex/resource/document/arrete-du-8-decembre-2014-fixant-les-dispositions-prises-pour-l-application-des-3a0ce1fc1054,JORFTEXT000029893131,,['Accessibilité handicapés'],2014-12-08,https://w3id.org/semleg/legimaintlex/resource/document/arrete-du-8-decembre-2014-fixant-les-dispositions-prises-pour-l-application-des-3a0ce1fc1054/article/article-JORFTEXT000029893131-127/content,"Dispositions relatives aux portes, portiques et sas. I. - Usages attendus : Toutes les portes situées sur les cheminements permettent le passage des personnes handicapées et peuvent être manœuvrées par des personnes ayant des capacités physiques réduites, y compris en cas de système d'ouverture complexe. Les portes comportant une partie vitrée importante peuvent être repérées par les personnes malvoyantes de toutes tailles et ne créent pas de gêne visuelle. Les portes battantes et les portes automatiques peuvent être utilisées sans danger par les personnes handicapées. Les sas permettent le passage et la manœuvre des portes pour les personnes handicapées. Toutefois, lorsqu'un dispositif rendu nécessaire du fait de contraintes liées notamment à la sécurité ou à la sûreté s'avère incompatible avec les contraintes liées à un handicap ou à l'utilisation d'une aide technique, notamment dans le cas de portes à tambour, tourniquets ou sas cylindriques, une porte adaptée est installée à proximité de ce dispositif. II. - Caractéristiques minimales : Pour satisfaire aux exigences du I, les portes et sas répondent aux dispositions suivantes : 1° Caractéristiques dimensionnelles : Les portes principales desservant des locaux ou zones accessibles pouvant recevoir 100 personnes ou plus ont une largeur de passage utile minimale de 1,20 m. Si les portes sont composées de plusieurs vantaux, la largeur nominale minimale du vantail couramment utilisé est de 0,80 m, soit une largeur de passage utile de 0,77 m. Les portes principales permettant l'accès aux locaux accessibles pouvant recevoir moins de 100 personnes ont une largeur nominale minimale de 0,80 m, soit une largeur de passage utile minimale de 0,77 m. Les portiques de sécurité ont une largeur de passage utile minimale de 0,77 m. Un espace de manœuvre de porte dont les caractéristiques dimensionnelles sont définies à l'annexe 2 est nécessaire devant chaque porte, à l'exception : - de celles ouvrant uniquement sur un escalier ; - des portes des sanitaires, douches et cabines d'essayage ou de déshabillage non adaptés. Les sas sont tels que : - à l'intérieur du sas, un espace de manœuvre de porte existe devant chaque porte, hors débattement éventuel de la porte non manœuvrée ; - à l'extérieur du sas, un espace de manœuvre de porte existe devant chaque porte. Les caractéristiques dimensionnelles de ces espaces sont définies à l'annexe 2. 2° Atteinte et usage : Les poignées de porte sont facilement préhensibles et manœuvrables en position « debout » comme « assis », ainsi que par une personne ayant des difficultés à saisir et à faire un geste de rotation du poignet ; Lorsqu'une porte est à ouverture automatique, la durée d'ouverture permet le passage de personnes à mobilité réduite. Le système est conçu pour pouvoir détecter des personnes de toutes tailles. Lorsqu'une porte comporte un système d'ouverture électrique, le déverrouillage est signalé par un signal sonore et lumineux. L'effort nécessaire pour ouvrir la porte est inférieur ou égal à 50 N, que la porte soit ou non équipée d'un dispositif de fermeture automatique. En cas de dispositifs liés à la sécurité ou la sûreté de l'établissement ou de l'installation, les personnes mises en difficulté par ces dispositifs peuvent se signaler à l'accueil, repérer la porte adaptée et la franchir sans difficulté. 3° Sécurité d'usage : En cas de travaux ou de leur renouvellement, les portes ou leur encadrement ainsi que leur dispositif d'ouverture présentent un contraste visuel par rapport à leur environnement. Les portes comportant une partie vitrée importante sont repérables ouvertes comme fermées, à l'aide d'éléments visuels contrastés par rapport à l'environnement immédiat visibles de part et d'autre de la paroi vitrée.",3769
https://w3id.org/semleg/legimaintlex/resource/document/arrete-du-8-decembre-2014-fixant-les-dispositions-prises-pour-l-application-des-3a0ce1fc1054/article/article-JORFTEXT000029893131-128,article-JORFTEXT000029893131-128,https://w3id.org/semleg/legimaintlex/resource/document/arrete-du-8-decembre-2014-fixant-les-dispositions-prises-pour-l-application-des-3a0ce1fc1054,JORFTEXT000029893131,,['Accessibilité handicapés'],2014-12-08,https://w3id.org/semleg/legimaintlex/resource/document/arrete-du-8-decembre-2014-fixant-les-dispositions-prises-pour-l-application-des-3a0ce1fc1054/article/article-JORFTEXT000029893131-128/content,"Dispositions relatives au stationnement automobile. Le présent article s'applique à tout parc de stationnement automobile intérieur ou extérieur à l'usage du public et dépendant d'un établissement recevant du public ou d'une installation ouverte au public ainsi qu'aux parcs de stationnement en ouvrage, enterrés ou aériens. I. - Usages attendus : Tout parc de stationnement visé par le présent article comporte une ou plusieurs places de stationnement adaptées pour les personnes handicapées et réservées à leur usage. Une place de stationnement adaptée est aisément repérable par tous à partir de l'entrée du parc de stationnement, est positionnée, dimensionnée et équipée de façon à permettre aux personnes titulaires de la carte de stationnement pour personnes handicapées prévue à l' article L. 241-3-2 du code de l'action sociale et des familles , et en particulier à une personne en fauteuil roulant ou à son accompagnateur, de stationner son véhicule au plus proche d'un cheminement accessible conduisant à une entrée ou d'une sortie accessible de l'établissement. Les places adaptées, quelle que soit leur configuration, notamment lorsqu'elles sont réalisées dans un volume fermé, sont telles qu'un usager en fauteuil roulant peut quitter l'emplacement une fois le véhicule garé. Les caractéristiques de ces places sont définies au II du présent article. II. - Caractéristiques minimales : Les places adaptées pour les personnes handicapées dans des parcs de stationnement automobile répondent aux dispositions suivantes : 1° Situation : Les places de stationnement adaptées nouvellement créées sont localisées à proximité d'une entrée, de la sortie accessible, du hall d'accueil ou de l'ascenseur et reliées à ceux-ci par un cheminement accessible tel que défini selon les cas à l'article 2 ou à l'article 6 du présent arrêté. La borne de paiement est située dans un espace accessible. Dans les parcs de stationnement en ouvrage enterrés ou aériens, les places de stationnement adaptées et réservées aux personnes handicapées peuvent être concentrées sur les deux niveaux les plus proches de la surface. 2° Repérage : Dans le respect des prescriptions définies à l'annexe 3 concernant l'information et la signalisation, les emplacements adaptés et réservés sont signalés. Chaque place adaptée destinée au public est repérée par un marquage au sol ainsi qu'une signalisation verticale. 3° nombre : Les places adaptées destinées à l'usage du public présentent au minimum 2 % du nombre total de places prévues pour le public. Le nombre minimal de places adaptées est arrondi à l'unité supérieure. Au-delà de 500 places, le nombre de places adaptées, qui ne saurait être inférieur à 10, est fixé par arrêté municipal. 4° Caractéristiques dimensionnelles : Une place de stationnement adaptée correspond à un espace horizontal au dévers près, inférieur ou égal à 3 %. La largeur minimale des places adaptées nouvellement créées est de 3,30 m et leur longueur minimale est de 5 m. Pour les places situées en épi ou en bataille, lorsque des travaux sont réalisés ou lorsque de nouvelles places sont créées, une surlongueur de 1,20 m est matérialisée sur la voie de circulation des parcs de stationnement par une peinture ou une signalisation adaptée au sol afin de signaler la possibilité pour une personne en fauteuil roulant de sortir par l'arrière de son véhicule. Qu'elle soit à l'extérieur ou à l'intérieur du bâtiment, une place de stationnement adaptée se raccorde sans ressaut de plus de 2 cm au cheminement d'accès à l'entrée du bâtiment ou à l'ascenseur. 5° Atteinte et usage : S'il existe un contrôle d'accès ou de sortie du parc de stationnement, le système permet à des personnes sourdes ou malentendantes ou à des personnes muettes de signaler leur présence au personnel et d'être informées de la prise en compte de leur appel. En particulier et en l'absence d'une vision directe de ces accès ou sorties par le personnel : - tout signal lié au fonctionnement du dispositif d'accès est sonore et visuel ; - les appareils d'interphonie sont munis d'un système permettant au personnel de l'établissement de visualiser le conducteur. Lors de leur installation et de leur renouvellement, les appareils d'interphonie comportent : - une boucle d'induction magnétique respectant les dispositions décrites en annexe 9. Les spécifications de la norme NF EN 60118-4:2007 sont réputées satisfaire à ces exigences ; - un retour visuel des informations principales fournies oralement.",4486
https://w3id.org/semleg/legimaintlex/resource/document/arrete-du-8-decembre-2014-fixant-les-dispositions-prises-pour-l-application-des-3a0ce1fc1054/article/article-JORFTEXT000029893131-129,article-JORFTEXT000029893131-129,https://w3id.org/semleg/legimaintlex/resource/document/arrete-du-8-decembre-2014-fixant-les-dispositions-prises-pour-l-application-des-3a0ce1fc1054,JORFTEXT000029893131,,['Accessibilité handicapés'],2014-12-08,https://w3id.org/semleg/legimaintlex/resource/document/arrete-du-8-decembre-2014-fixant-les-dispositions-prises-pour-l-application-des-3a0ce1fc1054/article/article-JORFTEXT000029893131-129/content,"Dispositions relatives aux locaux ouverts au public, aux équipements et dispositifs de commande.",96
https://w3id.org/semleg/legimaintlex/resource/document/arrete-du-8-decembre-2014-fixant-les-dispositions-prises-pour-l-application-des-3a0ce1fc1054/article/article-JORFTEXT000029893131-130,article-JORFTEXT000029893131-130,https://w3id.org/semleg/legimaintlex/resource/document/arrete-du-8-decembre-2014-fixant-les-dispositions-prises-pour-l-application-des-3a0ce1fc1054,JORFTEXT000029893131,,['Accessibilité handicapés'],2014-12-08,https://w3id.org/semleg/legimaintlex/resource/document/arrete-du-8-decembre-2014-fixant-les-dispositions-prises-pour-l-application-des-3a0ce1fc1054/article/article-JORFTEXT000029893131-130/content,L'arrêté du 21 mars 2007 fixant les dispositions prises pour l'application des articles R. 111-19-8 et R. 111-19-11 du code de la construction et de l'habitation relatives à l'accessibilité pour les personnes handicapées des établissements existants recevant du public et des installations existantes ouvertes au public est abrogé.,331
https://w3id.org/semleg/legimaintlex/resource/document/arrete-du-8-decembre-2014-fixant-les-dispositions-prises-pour-l-application-des-3a0ce1fc1054/article/article-JORFTEXT000029893131-131,article-JORFTEXT000029893131-131,https://w3id.org/semleg/legimaintlex/resource/document/arrete-du-8-decembre-2014-fixant-les-dispositions-prises-pour-l-application-des-3a0ce1fc1054,JORFTEXT000029893131,,['Accessibilité handicapés'],2014-12-08,https://w3id.org/semleg/legimaintlex/resource/document/arrete-du-8-decembre-2014-fixant-les-dispositions-prises-pour-l-application-des-3a0ce1fc1054/article/article-JORFTEXT000029893131-131/content,"I. - Usages attendus : Les personnes handicapées peuvent accéder à l'ensemble des locaux ouverts au public et en ressortir de manière autonome. Les équipements, le mobilier, les dispositifs de commande et de service situés dans les établissements recevant du public ou dans les installations ouvertes au public doivent être repérés, atteints et utilisés par les personnes handicapées. La disposition des équipements ne crée pas d'obstacle ou de danger pour les personnes ayant une déficience visuelle. Lorsque plusieurs équipements ou éléments de mobilier ayant la même fonction sont mis à la disposition du public, un au moins par groupe d'équipements ou d'éléments de mobilier doit être repéré, atteint et utilisé par les personnes handicapées. Dans le cas d'équipements soumis à des horaires de fonctionnement, l'équipement adapté fonctionne en priorité. II. - Caractéristiques minimales : Pour satisfaire aux exigences du I, les équipements, le mobilier ainsi que les dispositifs de commande, de service et d'information fixes destinés au public, qu'ils soient situés à l'intérieur ou à l'extérieur, respectent les dispositions suivantes : 1° Repérage : Les équipements et le mobilier sont repérables grâce notamment à un éclairage particulier ou à un contraste visuel. Les dispositifs de commande sont repérables par un contraste visuel ou tactile. 2° Atteinte et usage : Un espace d'usage dont les caractéristiques dimensionnelles sont définies à l'annexe 2 est nécessaire au droit de tout équipement, mobilier, dispositif de commande et de service situé à chaque étage accessible aux personnes en fauteuil roulant. Un équipement ou un élément de mobilier au moins par groupe d'équipements ou d'éléments de mobilier est utilisable par une personne en position « debout » comme en position « assis ». Pour être utilisable en position « assis », un équipement ou élément de mobilier présente les caractéristiques suivantes : a) Hauteur comprise entre 0,90 m et 1,30 m et à plus de 0,40 m d'un angle rentrant de parois ou de tout autre obstacle à l'approche d'un fauteuil roulant : - pour une commande manuelle ; - lorsque l'utilisation de l'équipement nécessite de voir, lire, entendre, parler ; b) Hauteur maximale de 0,80 m et un vide en partie inférieure d'au moins 0,30 m de profondeur, 0,60 m de largeur et 0,70 m de hauteur permettant le passage des pieds et des genoux d'une personne en fauteuil roulant, lorsqu'un élément de mobilier permet de lire un document, écrire, utiliser un clavier. La disposition relative au vide en partie inférieure ne s'applique pas dès lors que l'équipement ou le mobilier est situé à un étage non accessible à une personne en fauteuil roulant. Dans le cas de guichets d'information ou de vente manuelle, lorsque la communication avec le personnel est sonorisée, le dispositif de sonorisation est équipé d'un système de transmission du signal acoustique par induction magnétique, signalé par un pictogramme. Les établissements recevant du public de 1re et 2e catégories comportant plus de trois salles de réunion sonorisées accueillant chacune plus de cinquante personnes mettent à disposition des personnes mal-entendantes une boucle à induction magnétique portative. Les éléments de signalisation et d'information répondent aux exigences définies à l'annexe 3. Lorsqu'il existe un ou plusieurs points d'affichage instantané, toute information sonore est doublée par une information visuelle sur ce support. Les interrupteurs mis à disposition du public ne sont pas à effleurement.",3524
https://w3id.org/semleg/legimaintlex/resource/document/arrete-du-8-decembre-2014-fixant-les-dispositions-prises-pour-l-application-des-3a0ce1fc1054/article/article-JORFTEXT000029893131-132,article-JORFTEXT000029893131-132,https://w3id.org/semleg/legimaintlex/resource/document/arrete-du-8-decembre-2014-fixant-les-dispositions-prises-pour-l-application-des-3a0ce1fc1054,JORFTEXT000029893131,,['Accessibilité handicapés'],2014-12-08,https://w3id.org/semleg/legimaintlex/resource/document/arrete-du-8-decembre-2014-fixant-les-dispositions-prises-pour-l-application-des-3a0ce1fc1054/article/article-JORFTEXT000029893131-132/content,"Dispositions relatives aux accès à l'établissement ou l'installation. I. - Usages attendus : Le niveau d'accès principal à chaque bâtiment où le public est admis est accessible en continuité avec le cheminement extérieur accessible. Tout dispositif visant à permettre ou restreindre l'accès au bâtiment ou à se signaler au personnel doit pouvoir être repéré, atteint et utilisé par une personne handicapée. L'utilisation du dispositif doit être la plus simple possible. II. - Caractéristiques minimales : Pour l'application du I du présent article, l'accès au bâtiment ou à des parties de l'établissement répond aux dispositions suivantes : 1° L'accès est horizontal et sans ressaut : Lorsqu'il ne peut être évité, un faible écart de niveau peut être traité par un ressaut à bord arrondi ou muni d'un chanfrein et dont la hauteur est inférieure ou égale à 2 cm. Cette hauteur peut être portée à 4 cm si le ressaut comporte sur toute sa hauteur une pente ne dépassant pas 33 %. Lorsqu'une dénivellation ne peut être évitée, une rampe respectant les valeurs de pente indiquées au a du 2° du II de l'article 2 notamment lorsque cette rampe est en cours d'utilisation, est aménagée afin de la franchir. Cette rampe est, par ordre de préférence : - une rampe permanente, intégrée à l'intérieur de l'établissement ou construite sur le cheminement extérieur de l'établissement ; - une rampe inclinée permanente ou posée avec emprise sur le domaine public. L'espace d'emprise permet alors les manœuvres d'accès d'une personne en fauteuil roulant ; - une rampe amovible, qui peut être automatique ou manuelle. Une rampe permettant de traiter un dénivelé présent à l'accès du bâtiment présente les caractéristiques suivantes : - supporter une masse minimale de 300 kg ; - être suffisamment large pour accueillir une personne en fauteuil roulant ; - être non glissante ; - être contrastée par rapport à son environnement ; - être constituée de matériaux opaques. Une rampe permanente ou posée ne présente pas de vides latéraux. Une rampe amovible est stable et assortie d'un dispositif permettant à la personne handicapée de signaler sa présence au personnel de l'établissement, tel qu'une sonnette. Ce dispositif de signalement répond aux critères suivants : - être situé à proximité de la porte d'entrée ; - être facilement repérable ; - être visuellement contrasté vis-à-vis de son support ; - être situé au droit d'une signalisation visuelle, tel qu'un panneau, pour expliciter sa signification ; - comporter un système indiquant son bon état de fonctionnement, dans le cas d'une rampe amovible automatique ; - être situé à une hauteur comprise entre 0,90 m et 1,30 m, mesurés depuis l'espace d'emprise de la rampe et à plus de 0,40 m d'un angle rentrant de parois ou de tout autre obstacle à l'approche d'un fauteuil roulant. L'usager est informé de la prise en compte de son appel. Les employés de l'établissement sont formés à la manipulation et au déploiement de la rampe amovible. 2° Repérage : Les entrées principales du bâtiment sont facilement repérables et détectables par des éléments architecturaux ou par un traitement utilisant des matériaux différents ou visuellement contrastés. S'il est prévu, le numéro ou la dénomination du bâtiment est situé à proximité immédiate de la porte d'entrée. Tout dispositif visant à permettre ou restreindre l'accès au bâtiment ou à se signaler au personnel est facilement repérable visuellement par un contraste visuel ou une signalétique répondant aux exigences définies à l'annexe 3, et n'est pas situé dans une zone sombre. 3° Atteinte et caractéristiques minimales : Les systèmes de communication entre le public et le personnel ainsi que les dispositifs de commande manuelle mis à la disposition du public répondent aux exigences suivantes : - être situés à plus de 0,40 m d'un angle rentrant de parois ou de tout autre obstacle à l'approche d'un fauteuil roulant ; - être situés à une hauteur comprise entre 0,90 m et 1,30 m. Le système d'ouverture des portes est utilisable en position « debout » comme en position « assis ». Lorsqu'il existe un dispositif de déverrouillage électrique, il permet à toute personne à mobilité réduite d'atteindre la porte et d'entamer la manœuvre d'ouverture avant que la porte ne soit à nouveau verrouillée. Le bouton de déverrouillage de la porte présente un contraste visuel et tactile par rapport à son environnement. Les éléments d'information relatifs à l'orientation dans le bâtiment répondent aux exigences définies à l'annexe 3. Tout signal lié au fonctionnement d'un dispositif d'accès est sonore et visuel. S'il existe un contrôle d'accès à l'établissement, le système permet à des personnes sourdes ou malentendantes ou à des personnes muettes de signaler leur présence au personnel et d'être informées de la prise en compte de leur appel. En particulier et en l'absence d'une vision directe de ces accès par le personnel, les appareils d'interphonie sont munis d'un système permettant au personnel de l'établissement de visualiser le visiteur. Lors de leur installation ou de leur renouvellement, les appareils d'interphonie comportent : - une boucle d'induction magnétique respectant les dispositions décrites en annexe 9. Les spécifications de la norme NF EN 60118-4:2007 sont réputées satisfaire à ces exigences ; - un retour visuel des informations principales fournies oralement.",5377
https://w3id.org/semleg/legimaintlex/resource/document/arrete-du-8-decembre-2014-fixant-les-dispositions-prises-pour-l-application-des-3a0ce1fc1054/article/article-JORFTEXT000029893131-133,article-JORFTEXT000029893131-133,https://w3id.org/semleg/legimaintlex/resource/document/arrete-du-8-decembre-2014-fixant-les-dispositions-prises-pour-l-application-des-3a0ce1fc1054,JORFTEXT000029893131,,['Accessibilité handicapés'],2014-12-08,https://w3id.org/semleg/legimaintlex/resource/document/arrete-du-8-decembre-2014-fixant-les-dispositions-prises-pour-l-application-des-3a0ce1fc1054/article/article-JORFTEXT000029893131-133/content,"Dispositions relatives aux sanitaires. I. - Usages attendus : Chaque niveau accessible, lorsque des sanitaires y sont prévus pour le public, comporte au moins un cabinet d'aisances adapté pour les personnes handicapées circulant en fauteuil roulant et comportant un lavabo accessible. Cette disposition ne s'applique pas aux hôtels ne proposant que le service de restauration du petit déjeuner. Les cabinets d'aisances adaptés sont installés, de préférence, au même emplacement que les autres cabinets d'aisances lorsque ceux-ci sont regroupés. Si cette disposition ne peut être respectée, les cabinets d'aisance adaptés séparés des cabinets d'aisance non accessibles sont signalés. Lorsqu'il existe des cabinets d'aisances séparés pour chaque sexe, l'aménagement d'un cabinet d'aisances accessible n'est pas exigé pour chaque sexe. Dans ce cas, tout cabinet adapté pour les personnes handicapées pouvant être utilisé par des personnes de chaque sexe est accessible directement depuis les circulations communes et signalé par des pictogrammes rappelant la possibilité de leur utilisation par des personnes des deux sexes, handicapées ou non. Les lavabos ou un lavabo au moins par groupe de lavabos sont accessibles aux personnes handicapées ainsi que les divers aménagements tels que notamment miroir, distributeur de savon, sèche-mains, patères. II. - Caractéristiques minimales : Pour satisfaire aux exigences du I, les sanitaires ouverts au public répondent aux dispositions suivantes : 1° Caractéristiques dimensionnelles : Un cabinet d'aisances adapté pour les personnes handicapées présente les caractéristiques suivantes : - comporter, en dehors du débattement de porte, un espace d'usage accessible à une personne en fauteuil roulant tel que défini à l'annexe 2, situé latéralement par rapport à la cuvette ; - comporter un espace de manœuvre avec possibilité de demi-tour dont les caractéristiques dimensionnelles sont définies à l'annexe 2, situé à l'intérieur du cabinet ou, à défaut, à l'extérieur. Dans le cas où cet espace de manœuvre avec possibilité de demi-tour est situé à l'extérieur du cabinet d'aisances adapté pour les personnes handicapées, il est situé devant la porte ou, à défaut, à proximité de celle-ci. Un espace de manœuvre de porte est nécessaire devant celle-ci. 2° Atteinte et usage : Un cabinet d'aisances adapté pour les personnes handicapées présente les caractéristiques suivantes : - il comporte un dispositif permettant de refermer la porte derrière soi une fois entré ; - il comporte un lave-mains accessible dont le plan supérieur est situé à une hauteur maximale de 0,85 m ; - la surface d'assise de la cuvette est située à une hauteur comprise entre 0,45 m et 0,50 m du sol, abattant inclus, à l'exception des sanitaires destinés spécifiquement à l'usage d'enfants ; - une barre d'appui latérale est prévue à côté de la cuvette, permettant le transfert d'une personne en fauteuil roulant et apportant une aide au relevage. La barre est située à une hauteur comprise entre 0,70 m et 0,80 m. Sa fixation ainsi que le support permettent à un adulte de prendre appui de tout son poids. Un lavabo accessible présente un vide en partie inférieure d'au moins 0,30 m de profondeur, 0,60 m de largeur et 0,70 m de hauteur permettant le passage des pieds et des genoux d'une personne en fauteuil roulant. Le choix de l'équipement ainsi que le choix et le positionnement de la robinetterie permettent un usage complet du lavabo en position assis. Lorsque des urinoirs sont disposés en batterie, ils sont positionnés à des hauteurs différentes.",3575
https://w3id.org/semleg/legimaintlex/resource/document/arrete-du-8-decembre-2014-fixant-les-dispositions-prises-pour-l-application-des-3a0ce1fc1054/article/article-JORFTEXT000029893131-134,article-JORFTEXT000029893131-134,https://w3id.org/semleg/legimaintlex/resource/document/arrete-du-8-decembre-2014-fixant-les-dispositions-prises-pour-l-application-des-3a0ce1fc1054,JORFTEXT000029893131,,['Accessibilité handicapés'],2014-12-08,https://w3id.org/semleg/legimaintlex/resource/document/arrete-du-8-decembre-2014-fixant-les-dispositions-prises-pour-l-application-des-3a0ce1fc1054/article/article-JORFTEXT000029893131-134/content,"Dispositions relatives à l'accueil du public. I. - Usages attendus : Tout aménagement, équipement ou mobilier situé au point d'accueil du public et nécessaire pour accéder aux espaces ouverts au public, pour les utiliser et pour les comprendre, doit pouvoir être repéré, atteint et utilisé par une personne handicapée. Lorsqu'il y a plusieurs points d'accueil à proximité l'un de l'autre, l'un au moins d'entre eux est rendu accessible dans les mêmes conditions d'accès et d'utilisation que celles offertes aux personnes valides, est prioritairement ouvert et est signalé de manière adaptée dès l'entrée. En particulier, le dispositif d'accueil bénéficie d'une ambiance visuelle et sonore adaptée. Ainsi, toute information strictement sonore nécessaire à l'utilisation normale du point d'accueil fait l'objet d'une transmission par des moyens adaptés ou est doublée par une information visuelle. Les espaces ou équipements destinés à la communication font l'objet d'une qualité d'éclairage renforcée. II. - Caractéristiques minimales : Pour l'application du I du présent article, les aménagements et équipements accessibles destinés à l'accueil du public répondent aux dispositions suivantes : Les banques d'accueil sont utilisables par une personne en position « debout » comme en position « assis » et permettent la communication visuelle de face, en évitant l'effet d'éblouissement ou de contre-jour dû à l'éclairage naturel ou artificiel, entre les usagers et le personnel. Lorsque des usages tels que lire, écrire ou utiliser un clavier sont requis, une partie au moins de l'équipement présente les caractéristiques suivantes : - une hauteur maximale de 0,80 m ; - un vide en partie inférieure d'au moins 0,30 m de profondeur, 0,60 m de largeur et 0,70 m de hauteur permettant le passage des pieds et des genoux d'une personne en fauteuil roulant. La disposition relative au vide en partie inférieure ne s'applique pas dès lors qu'un des points d'accueil est situé à un étage ou niveau non desservi par un ascenseur ou un élévateur. Lorsque l'accueil est sonorisé et en cas de renouvellement ou lors de l'installation d'un tel système, celui-ci est équipé d'un système de transmission du signal acoustique par induction magnétique, respectant les dispositions décrites en annexe 9. Les spécifications de la norme NF EN 60118-4:2007 sont réputées satisfaire à ces exigences. Ce système est signalé par un pictogramme. Les accueils des établissements recevant du public remplissant une mission de service public ainsi que des établissements recevant du public de 1re et 2e catégories sont équipés obligatoirement d'une telle boucle d'induction magnétique. Les postes d'accueil comportent un dispositif d'éclairage répondant aux exigences définies à l'article 14.",2765
https://w3id.org/semleg/legimaintlex/resource/document/arrete-du-8-decembre-2014-fixant-les-dispositions-prises-pour-l-application-des-3a0ce1fc1054/article/article-JORFTEXT000029893131-135,article-JORFTEXT000029893131-135,https://w3id.org/semleg/legimaintlex/resource/document/arrete-du-8-decembre-2014-fixant-les-dispositions-prises-pour-l-application-des-3a0ce1fc1054,JORFTEXT000029893131,,['Accessibilité handicapés'],2014-12-08,https://w3id.org/semleg/legimaintlex/resource/document/arrete-du-8-decembre-2014-fixant-les-dispositions-prises-pour-l-application-des-3a0ce1fc1054/article/article-JORFTEXT000029893131-135/content,"Dispositions relatives aux circulations intérieures horizontales. I. - Usages attendus : Les circulations intérieures horizontales sont accessibles et sans danger pour les personnes handicapées. Les principaux éléments structurants du cheminement sont repérables par les personnes ayant une déficience visuelle. Les personnes handicapées peuvent accéder à l'ensemble des locaux ouverts au public et en ressortir de manière autonome. II. - Caractéristiques minimales : Les circulations intérieures horizontales répondent aux exigences applicables au cheminement extérieur accessible visées à l'article 2, à l'exception des dispositions concernant : - l'aménagement d'espaces de manœuvre avec possibilité de demi-tour ainsi que les espaces de manœuvre de porte pour une personne circulant en fauteuil roulant dans les étages non accessibles aux personnes circulant en fauteuil roulant ; - le repérage et le guidage ; - le passage libre sous les obstacles en hauteur, qui est réduit à 2 m dans les parcs de stationnement. Sous réserve que le maître de l'ouvrage fournisse un plan correspondant au respect de la largeur de 1,20 m mentionnée à l'article 2 dans les circulations horizontales de l'établissement, des allées structurantes ainsi que les autres allées pourront être mises en place selon les caractéristiques suivantes, sans préjudice des dispositions prévues par le règlement de sécurité contre les risques d'incendie et de panique dans les établissements recevant du public : - les allées structurantes ont une largeur de 1,20 m et permettent à une personne en fauteuil roulant d'accéder depuis l'entrée aux prestations essentielles de l'établissement tels que les caisses, ascenseurs et autres circulations verticales, sanitaires adaptés, cabines d'essayage adaptées, meubles d'accueil, photocopieurs, bacs de recyclage, bornes de lecture de prix, balances des fruits et légumes. Dans les restaurants, les allées structurantes donnent au minimum l'accès depuis l'entrée aux places accessibles aux personnes en fauteuil roulant et aux sanitaires adaptés : - les autres allées ont une largeur de 1,05 m au sol au minimum et de 0,90 m au minimum à partir d'une hauteur de 0,20 m par rapport au sol ; - des espaces de manœuvre avec possibilité de demi-tour sont positionnés tous les 6 m au maximum ainsi qu'au croisement entre deux allées. Dans les restaurants, les autres allées ont une largeur au moins égale à 0,60 m.",2425
https://w3id.org/semleg/legimaintlex/resource/document/arrete-du-8-decembre-2014-modifiant-l-arrete-du-29-novembre-2001-fixant-la-liste-8bb1e0e33ef8/article/article-JORFTEXT000029917452-110,article-JORFTEXT000029917452-110,https://w3id.org/semleg/legimaintlex/resource/document/arrete-du-8-decembre-2014-modifiant-l-arrete-du-29-novembre-2001-fixant-la-liste-8bb1e0e33ef8,JORFTEXT000029917452,,['Accessibilité handicapés'],2014-12-08,https://w3id.org/semleg/legimaintlex/resource/document/arrete-du-8-decembre-2014-modifiant-l-arrete-du-29-novembre-2001-fixant-la-liste-8bb1e0e33ef8/article/article-JORFTEXT000029917452-110/content,"L'annexe de l'arrêté du 29 novembre 2001 susvisé fixant la liste des emplois ouvrant droit à la nouvelle bonification indiciaire au titre de la politique de la ville est remplacée, à effet du 1er septembre 2014, pour ce qui concerne la répartition de l'enveloppe de la direction départementale de l'équipement de la Dordogne, par les dispositions de l'annexe au présent arrêté.",377
https://w3id.org/semleg/legimaintlex/resource/document/arrete-du-8-decembre-2014-portant-abrogation-de-diverses-mesures-relatives-aux-t-d5b75c04268e/article/article-JORFTEXT000029914093-141,article-JORFTEXT000029914093-141,https://w3id.org/semleg/legimaintlex/resource/document/arrete-du-8-decembre-2014-portant-abrogation-de-diverses-mesures-relatives-aux-t-d5b75c04268e,JORFTEXT000029914093,,['Accessibilité handicapés'],2014-12-08,https://w3id.org/semleg/legimaintlex/resource/document/arrete-du-8-decembre-2014-portant-abrogation-de-diverses-mesures-relatives-aux-t-d5b75c04268e/article/article-JORFTEXT000029914093-141/content,Sont abrogés : 1° L'arrêté du 9 février 2009 portant création d'un traitement automatisé de données à caractère personnel relatif à la carte professionnelle des agents de sécurité privée dénommé « DRACAR » ; 2° L'arrêté du 9 février 2009 autorisant la création d'un traitement automatisé de données à caractère personnel dénommé « Téléc @ rtepro ».,348
https://w3id.org/semleg/legimaintlex/resource/document/arrete-du-8-decembre-2014-portant-abrogation-de-l-arrete-du-14-fevrier-2005-rela-732215f63888/article/article-JORFTEXT000029958808-142,article-JORFTEXT000029958808-142,https://w3id.org/semleg/legimaintlex/resource/document/arrete-du-8-decembre-2014-portant-abrogation-de-l-arrete-du-14-fevrier-2005-rela-732215f63888,JORFTEXT000029958808,,['Accessibilité handicapés'],2014-12-08,https://w3id.org/semleg/legimaintlex/resource/document/arrete-du-8-decembre-2014-portant-abrogation-de-l-arrete-du-14-fevrier-2005-rela-732215f63888/article/article-JORFTEXT000029958808-142/content,L'arrêté relatif au titre professionnel technicien (ne) supérieur (e) de laboratoire de chimie est abrogé à compter du 19 mars 2015.,132
https://w3id.org/semleg/legimaintlex/resource/document/arrete-du-8-decembre-2014-relatif-au-titre-professionnel-d-agent-e-technique-de-30f2e2a35ae4/article/article-JORFTEXT000029958787-111,article-JORFTEXT000029958787-111,https://w3id.org/semleg/legimaintlex/resource/document/arrete-du-8-decembre-2014-relatif-au-titre-professionnel-d-agent-e-technique-de-30f2e2a35ae4,JORFTEXT000029958787,,['Accessibilité handicapés'],2014-12-08,https://w3id.org/semleg/legimaintlex/resource/document/arrete-du-8-decembre-2014-relatif-au-titre-professionnel-d-agent-e-technique-de-30f2e2a35ae4/article/article-JORFTEXT000029958787-111/content,"Les titulaires des certificats de compétences professionnelles du titre professionnel d'agent(e) technique de déchèterie obtenus antérieurement à la date d'entrée en vigueur du présent arrêté sont réputés avoir obtenu les certificats de compétences professionnelles du titre professionnel d'agent(e) technique de déchèterie selon le tableau figurant ci-dessous : AGENT(E) TECHNIQUE de déchèterie (arrêté du 18 décembre 2006 modifié) AGENT(E) TECHNIQUE de déchèterie (présent arrêté) Assurer l'accueil, l'accompagnement des différents usagers et le bon déroulement du tri des apports dans une déchèterie Assurer en sécurité la qualité du tri des apports dans une déchèterie Assurer une relation de service dans le cadre réglementé d'une déchèterie Assurer l'exploitation fonctionnelle d'une déchèterie Maintenir la déchèterie en capacité de fonctionner",851
https://w3id.org/semleg/legimaintlex/resource/document/arrete-du-8-decembre-2014-relatif-au-titre-professionnel-d-agent-e-technique-de-30f2e2a35ae4/article/article-JORFTEXT000029958787-112,article-JORFTEXT000029958787-112,https://w3id.org/semleg/legimaintlex/resource/document/arrete-du-8-decembre-2014-relatif-au-titre-professionnel-d-agent-e-technique-de-30f2e2a35ae4,JORFTEXT000029958787,,['Accessibilité handicapés'],2014-12-08,https://w3id.org/semleg/legimaintlex/resource/document/arrete-du-8-decembre-2014-relatif-au-titre-professionnel-d-agent-e-technique-de-30f2e2a35ae4/article/article-JORFTEXT000029958787-112/content,Le titre professionnel d'agent(e) technique de déchèterie est composé des trois unités constitutives suivantes : 1. Assurer en sécurité la qualité du tri des apports dans une déchèterie ; 2. Assurer une relation de service dans le cadre réglementé d'une déchèterie ; 3. Maintenir la déchèterie en capacité de fonctionner. Elles peuvent être sanctionnées par des certificats de compétences professionnelles (CCP) dans les conditions prévues par l'arrêté du 9 mars 2006 susvisé.,476
https://w3id.org/semleg/legimaintlex/resource/document/arrete-du-8-decembre-2014-relatif-au-titre-professionnel-d-agent-e-technique-de-30f2e2a35ae4/article/article-JORFTEXT000029958787-113,article-JORFTEXT000029958787-113,https://w3id.org/semleg/legimaintlex/resource/document/arrete-du-8-decembre-2014-relatif-au-titre-professionnel-d-agent-e-technique-de-30f2e2a35ae4,JORFTEXT000029958787,,['Accessibilité handicapés'],2014-12-08,https://w3id.org/semleg/legimaintlex/resource/document/arrete-du-8-decembre-2014-relatif-au-titre-professionnel-d-agent-e-technique-de-30f2e2a35ae4/article/article-JORFTEXT000029958787-113/content,"Le titre professionnel d'agent(e) technique de déchèterie est enregistré au répertoire national des certifications professionnelles, pour une durée de cinq ans à compter du 8 février 2015, au niveau V et dans le domaine d'activité 343 m r (code NSF).",250
https://w3id.org/semleg/legimaintlex/resource/document/arrete-du-8-decembre-2014-relatif-au-titre-professionnel-de-technicien-ne-de-tra-c9e8b9c1a19d/article/article-JORFTEXT000030160662-136,article-JORFTEXT000030160662-136,https://w3id.org/semleg/legimaintlex/resource/document/arrete-du-8-decembre-2014-relatif-au-titre-professionnel-de-technicien-ne-de-tra-c9e8b9c1a19d,JORFTEXT000030160662,,['Accessibilité handicapés'],2014-12-08,https://w3id.org/semleg/legimaintlex/resource/document/arrete-du-8-decembre-2014-relatif-au-titre-professionnel-de-technicien-ne-de-tra-c9e8b9c1a19d/article/article-JORFTEXT000030160662-136/content,Le titre professionnel technicien(ne) de traitement des eaux est composé des trois unités constitutives suivantes : 1. Analyser des échantillons d'eaux ou de boues. 2. Conduire différents procédés de traitement d'eaux et de boues. 3. Effectuer la maintenance des installations de traitement d'eaux et de boues. Elles peuvent être sanctionnées par des certificats de compétences professionnelles (CCP) dans les conditions prévues par l'arrêté du 9 mars 2006 susvisé.,465
https://w3id.org/semleg/legimaintlex/resource/document/arrete-du-8-decembre-2014-relatif-au-titre-professionnel-de-technicien-ne-de-tra-c9e8b9c1a19d/article/article-JORFTEXT000030160662-137,article-JORFTEXT000030160662-137,https://w3id.org/semleg/legimaintlex/resource/document/arrete-du-8-decembre-2014-relatif-au-titre-professionnel-de-technicien-ne-de-tra-c9e8b9c1a19d,JORFTEXT000030160662,,['Accessibilité handicapés'],2014-12-08,https://w3id.org/semleg/legimaintlex/resource/document/arrete-du-8-decembre-2014-relatif-au-titre-professionnel-de-technicien-ne-de-tra-c9e8b9c1a19d/article/article-JORFTEXT000030160662-137/content,Les titulaires des certificats de compétences professionnelles du titre professionnel technicien (ne) de traitement des eaux obtenus antérieurement à la date d'entrée en vigueur du présent arrêté sont réputés avoir obtenu les certificats de compétences professionnelles du titre professionnel technicien(ne) de traitement des eaux selon le tableau figurant ci-dessous : TECHNICIEN(NE) de traitement des eaux (arrêté du 14 février 2005 modifié) TECHNICIEN(NE) de traitement des eaux (présent arrêté) Analyser les eaux à traiter Analyser des échantillons d'eaux ou de boues Conduire différents procédés de traitement des eaux Conduire différents procédés de traitement d'eaux et de boues Contribuer à la maintenance des installations des eaux et à la gestion des réseaux Effectuer la maintenance des installations de traitement d'eaux et de boues,844
https://w3id.org/semleg/legimaintlex/resource/document/arrete-du-8-decembre-2014-relatif-au-titre-professionnel-de-technicien-ne-de-tra-c9e8b9c1a19d/article/article-JORFTEXT000030160662-138,article-JORFTEXT000030160662-138,https://w3id.org/semleg/legimaintlex/resource/document/arrete-du-8-decembre-2014-relatif-au-titre-professionnel-de-technicien-ne-de-tra-c9e8b9c1a19d,JORFTEXT000030160662,,['Accessibilité handicapés'],2014-12-08,https://w3id.org/semleg/legimaintlex/resource/document/arrete-du-8-decembre-2014-relatif-au-titre-professionnel-de-technicien-ne-de-tra-c9e8b9c1a19d/article/article-JORFTEXT000030160662-138/content,"Le titre professionnel technicien(ne) de traitement des eaux est enregistré au répertoire national des certifications professionnelles pour une durée de cinq ans à compter du 7 mars 2015, au niveau IV et dans le domaine d'activité 343 u (code NSF).",248
https://w3id.org/semleg/legimaintlex/resource/document/code-de-la-construction-et-de-l-habitation-6c75c541a386/article/D111-19-34-LEGIARTI000029711509-154,D111-19-34-LEGIARTI000029711509-154,https://w3id.org/semleg/legimaintlex/resource/document/code-de-la-construction-et-de-l-habitation-6c75c541a386,LEGIARTI000029711509,D111-19-34,['Accessibilité handicapés'],2014-11-07,https://w3id.org/semleg/legimaintlex/resource/document/code-de-la-construction-et-de-l-habitation-6c75c541a386/article/D111-19-34-LEGIARTI000029711509-154/content,"I.-Le dossier d'un agenda d'accessibilité programmée comprend les pièces suivantes :
1° Le nom et l'adresse du demandeur, ainsi que son numéro SIREN/ SIRET ou, à défaut, sa date de naissance ;
2° La dénomination de l'établissement recevant du public ou de l'installation ouverte au public situés dans le département ainsi que la catégorie et le type de l'établissement pour lequel la demande est présentée ou, lorsque l'agenda porte sur plusieurs établissements ou installations pour lesquels le propriétaire ou l'exploitant a prévu une mise en accessibilité sur plus d'une période, la liste des établissements et des installations concernés classés par département ainsi que le nombre de périodes sollicitées pour la mise en accessibilité et le nombre d'années pour chacune des périodes ;
3° La présentation de la situation de l'établissement ou l'analyse synthétique du patrimoine au regard des obligations définies à la sous-section 5 de la présente section ;
4° Si le propriétaire ou l'exploitant de cet établissement est une collectivité territoriale ou un établissement public de coopération intercommunale, une présentation de la politique d'accessibilité menée sur le territoire et des modalités d'élaboration de l'agenda, notamment la concertation avec les commerçants et les associations de personnes handicapées, ainsi que la délibération de l'organe délibérant validant l'agenda dont l'approbation est demandée ;
5° La nature des travaux ou autres actions à réaliser pour mettre en conformité le ou les établissements avec les exigences définies à la sous-section 5 de la présente section ainsi que, le cas échéant, l'indication des exigences auxquelles il ne peut être satisfait et qui font ou feront l'objet d'une demande de dérogation présentée dans le cadre de l'autorisation de construire, d'aménager ou de modifier un établissement recevant le public ;
6° La programmation des travaux ou autres actions de mise en accessibilité portant sur chaque année de la période et, lorsque l'agenda concerne un ou plusieurs établissements ou installations pour lesquels le propriétaire ou l'exploitant a prévu une mise en accessibilité sur plus d'une période, sur chacune des périodes composant l'agenda et sur chacune des années de la première période ;
7° L'estimation financière de la mise en accessibilité du ou des établissements ou installations ainsi que la répartition des coûts sur les années de l'agenda, toutes prestations ou sujétions confondues. Le cas échéant, les engagements financiers de chacun des cosignataires prévus au III de l'article R. 111-19-32 sont joints.
II.-Lorsque le propriétaire ou l'exploitant d'un établissement recevant du public demande l'approbation d'un agenda d'accessibilité portant sur cet établissement sur une seule période, le dossier prévu au I est assorti de la demande d'autorisation de construire, d'aménager ou de modifier l'établissement prévue à l'article R. 111-19-17, contenant, le cas échéant, des demandes de dérogation prévues à l'article R. 111-19-10.
III.-Lorsqu'un propriétaire ou exploitant demande l'approbation d'un ou plusieurs agendas d'accessibilité programmée pour plusieurs établissements ou installations, le dossier de chacun des agendas comprend, outre les pièces prévues au I, une présentation d'ensemble de la mise en accessibilité de ces établissements et installations qui décrit :
1° Les orientations et les priorités dans la mise en accessibilité ainsi que les raisons de ces choix ;
2° Les éventuelles mesures de mutualisation ou de substitution proposées pendant la durée de l'agenda ;
3° Le coût global de mise en accessibilité de l'ensemble du patrimoine concerné et la répartition de ce coût sur chaque période de l'agenda et sur chacune des années de la première période.
IV.-Lorsque le propriétaire ou l'exploitant d'un ou plusieurs établissements recevant du public de cinquième catégorie soumis à des contraintes particulières demande, sur le fondement du III de l'article L. 111-7-7, l'approbation d'un agenda d'accessibilité portant sur deux périodes de trois ans, le dossier comprend, outre les pièces prévues au I, tous éléments établissant la nécessité de bénéficier de cette durée, notamment l'impact de la réalisation des travaux de mise en accessibilité et de l'exécution d'autres obligations légales sur sa situation budgétaire et financière.
V.-Lorsque le propriétaire ou l'exploitant d'un ou de plusieurs établissements ou installations constituant un patrimoine dont la mise en accessibilité est particulièrement complexe demande, sur le fondement du IV de l'article L. 111-7-7, l'approbation d'un agenda d'accessibilité portant sur trois périodes de trois ans, le dossier précise le nombre de communes d'implantation et celui des bâtiments concernés, et comprend, outre les pièces prévues au I et le cas échéant au III, tous éléments établissant la nécessité de bénéficier de cette durée, notamment l'impact de la réalisation des travaux de mise en accessibilité et de l'exécution d'autres obligations légales sur sa situation budgétaire et financière.
VI.-Un arrêté du ministre chargé de la construction et du ministre chargé des finances précise les éléments permettant d'apprécier la situation budgétaire et financière mentionnés aux IV et V, notamment les seuils dont le dépassement justifie le bénéfice de la ou des périodes supplémentaires sollicitées.",5378
https://w3id.org/semleg/legimaintlex/resource/document/code-de-la-construction-et-de-l-habitation-6c75c541a386/article/D111-19-35-LEGIARTI000029711511-155,D111-19-35-LEGIARTI000029711511-155,https://w3id.org/semleg/legimaintlex/resource/document/code-de-la-construction-et-de-l-habitation-6c75c541a386,LEGIARTI000029711511,D111-19-35,['Accessibilité handicapés'],2014-11-07,https://w3id.org/semleg/legimaintlex/resource/document/code-de-la-construction-et-de-l-habitation-6c75c541a386/article/D111-19-35-LEGIARTI000029711511-155/content,"I.-Le dossier de l'agenda d'accessibilité programmée est soumis au préfet de département ou au préfet compétent en application des dispositions du II de l'article L. 111-7-6 pour statuer sur la demande d'approbation.
II.-Le dossier de l'agenda d'accessibilité programmée est adressé au préfet en deux exemplaires par pli recommandé avec demande d'avis de réception et par voie électronique.
III.-Toutefois, lorsque l'agenda d'accessibilité programmée porte sur un établissement recevant du public unique pour lequel la mise en accessibilité est prévue sur une seule période, le dossier, complété de la demande d'autorisation de construire, d'aménager ou de modifier un établissement recevant le public conformément au II de l'article R. 111-19-34, est adressé, en quatre exemplaires, au maire de la commune d'implantation de l'établissement lorsque celui-ci est compétent pour statuer sur la demande d'autorisation.
IV.-Il est également adressé en un exemplaire à la commission pour l'accessibilité, prévue par l'article L. 2143-3 du code général des collectivités territoriales, de la commune où est implanté l'établissement ou l'installation, qui la transfère, le cas échéant, à la commission intercommunale compétente.",1224
https://w3id.org/semleg/legimaintlex/resource/document/code-de-la-construction-et-de-l-habitation-6c75c541a386/article/D111-19-45-LEGIARTI000029711539-165,D111-19-45-LEGIARTI000029711539-165,https://w3id.org/semleg/legimaintlex/resource/document/code-de-la-construction-et-de-l-habitation-6c75c541a386,LEGIARTI000029711539,D111-19-45,['Accessibilité handicapés'],2014-11-07,https://w3id.org/semleg/legimaintlex/resource/document/code-de-la-construction-et-de-l-habitation-6c75c541a386/article/D111-19-45-LEGIARTI000029711539-165/content,"Lorsqu'un agenda d'accessibilité programmée comportant plus d'une période est approuvé, le propriétaire ou l'exploitant adresse au préfet ayant approuvé cet agenda par pli recommandé avec demande d'avis de réception, ainsi qu'à chacune des commissions pour l'accessibilité prévues à l'article L. 2143-3 du code général des collectivités territoriales des communes concernées : -un point de situation sur la mise en œuvre de l'agenda à l'issue de la première année ; -un bilan des travaux et autres actions de mise en accessibilité réalisés à la moitié de la durée de l'agenda. Un arrêté du ministre chargé de la construction précise le contenu minimal de ces documents. Ces documents sont établis par le maître d'ouvrage ou le maître d'œuvre, qui peut être l'architecte qui suit les travaux.",791
https://w3id.org/semleg/legimaintlex/resource/document/code-de-la-construction-et-de-l-habitation-6c75c541a386/article/D111-19-46-LEGIARTI000029711541-166,D111-19-46-LEGIARTI000029711541-166,https://w3id.org/semleg/legimaintlex/resource/document/code-de-la-construction-et-de-l-habitation-6c75c541a386,LEGIARTI000029711541,D111-19-46,['Accessibilité handicapés'],2014-11-07,https://w3id.org/semleg/legimaintlex/resource/document/code-de-la-construction-et-de-l-habitation-6c75c541a386/article/D111-19-46-LEGIARTI000029711541-166/content,"I.-L'attestation d'achèvement, prévue par l'article L. 111-7-9, des travaux et autres actions de mise en accessibilité nécessaires pour mettre en conformité l'établissement avec les exigences définies dans la sous-section 5 de la présente section est établie par un contrôleur technique titulaire d'un agrément l'habilitant à intervenir sur les bâtiments ou par un architecte au sens de l'article 2 de la loi du 3 janvier 1977 sur l'architecture. L'attestation prévue par l'article L. 111-7-4 en tient lieu pour les travaux soumis à un permis de construire. Cette attestation d'achèvement des travaux et autres actions de mise en accessibilité est établie pour chaque établissement recevant du public ou installation ouverte au public faisant l'objet d'un agenda d'accessibilité programmée. Un arrêté du ministre chargé de la construction précise le contenu minimal de ce document. II.-L'attestation peut être établie par le propriétaire ou l'exploitant pour les établissements recevant du public de cinquième catégorie. Elle est alors accompagnée de toutes pièces justifiant la réalisation des travaux et actions prévus par l'agenda. III.-L'attestation d'achèvement est adressée au préfet ayant approuvé l'agenda d'accessibilité programmée ainsi qu'à chacune des commissions pour l'accessibilité prévues à l'article L. 2143-3 du code général des collectivités territoriales de la commune concernée, qui la transfèrent, le cas échéant, à la commission intercommunale compétente : -dans les deux mois qui suivent l'achèvement de l'ensemble des travaux et autres actions de mise en accessibilité de l'établissement recevant du public ou de l'installation ouverte au public concerné lorsque l'agenda ne concerne qu'un seul établissement ou installation ou plusieurs d'entre eux mais sur une seule période ; -à l'occasion du point de situation sur la mise en œuvre de l'agenda à l'issue de la première année, du bilan des travaux et autres actions de mise en accessibilité réalisés à la moitié de la durée de l'agenda et du bilan de fin d'agenda, lorsque l'agenda comporte plusieurs établissements ou installations et plusieurs périodes. Lorsque le préfet estime insuffisamment probantes les pièces produites sur le fondement du II, il peut demander une attestation d'achèvement établie selon les modalités prévues au I, qui doit lui être adressée dans les deux mois suivant sa demande.",2382
https://w3id.org/semleg/legimaintlex/resource/document/code-de-la-construction-et-de-l-habitation-6c75c541a386/article/D111-19-46-LEGIARTI000039636138-168,D111-19-46-LEGIARTI000039636138-168,https://w3id.org/semleg/legimaintlex/resource/document/code-de-la-construction-et-de-l-habitation-6c75c541a386,LEGIARTI000039636138,D111-19-46,['Accessibilité handicapés'],2019-12-19,https://w3id.org/semleg/legimaintlex/resource/document/code-de-la-construction-et-de-l-habitation-6c75c541a386/article/D111-19-46-LEGIARTI000039636138-168/content,"I.-L'attestation d'achèvement, prévue par l'article L. 111-7-9 , des travaux et autres actions de mise en accessibilité nécessaires pour mettre en conformité l'établissement avec les exigences définies dans la sous-section 5 de la présente section est établie par un contrôleur technique titulaire d'un agrément l'habilitant à intervenir sur les bâtiments ou par un architecte au sens de l'article 2 de la loi du 3 janvier 1977 sur l'architecture. L'attestation prévue par l'article L. 111-7-4 en tient lieu pour les travaux soumis à un permis de construire. Cette attestation d'achèvement des travaux et autres actions de mise en accessibilité est établie pour chaque établissement recevant du public ou installation ouverte au public faisant l'objet d'un agenda d'accessibilité programmée. Un arrêté du ministre chargé de la construction précise le contenu minimal de ce document. II.-L'attestation peut être établie par le propriétaire ou l'exploitant pour les établissements recevant du public de cinquième catégorie. Elle est alors accompagnée de toutes pièces justifiant la réalisation des travaux et actions prévus par l'agenda. III.-L'attestation d'achèvement est adressée au préfet ayant approuvé l'agenda d'accessibilité programmée ainsi qu'à chacune des commissions pour l'accessibilité prévues à l'article L. 2143-3 du code général des collectivités territoriales de la commune concernée, qui la transfèrent, le cas échéant, à la commission intercommunale compétente : -dans les deux mois qui suivent l'achèvement de l'ensemble des travaux et autres actions de mise en accessibilité de l'établissement recevant du public ou de l'installation ouverte au public concerné lorsque l'agenda ne concerne qu'un seul établissement ou installation ou plusieurs d'entre eux mais sur une seule période ; -à l'occasion du point de situation sur la mise en œuvre de l'agenda à l'issue de la première année, du bilan des travaux et autres actions de mise en accessibilité réalisés à la moitié de la durée de l'agenda et du bilan de fin d'agenda, lorsque l'agenda comporte plusieurs établissements ou installations et plusieurs périodes. Lorsque le préfet estime insuffisamment probantes les pièces produites sur le fondement du II, il peut demander une attestation d'achèvement établie selon les modalités prévues au I, qui doit lui être adressée dans les deux mois suivant sa demande.",2383
https://w3id.org/semleg/legimaintlex/resource/document/code-de-la-construction-et-de-l-habitation-6c75c541a386/article/L111-7-1-LEGIARTI000033974444-40,L111-7-1-LEGIARTI000033974444-40,https://w3id.org/semleg/legimaintlex/resource/document/code-de-la-construction-et-de-l-habitation-6c75c541a386,LEGIARTI000033974444,L111-7-1,['Accessibilité handicapés'],2017-01-29,https://w3id.org/semleg/legimaintlex/resource/document/code-de-la-construction-et-de-l-habitation-6c75c541a386/article/L111-7-1-LEGIARTI000033974444-40/content,"Des décrets en Conseil d'Etat fixent les modalités relatives à l'accessibilité aux personnes handicapées prévue à l'article L. 111-7 que doivent respecter les bâtiments ou parties de bâtiments nouveaux. Ils précisent les modalités particulières applicables à la construction de maisons individuelles et aux logements vendus en l'état futur d'achèvement et faisant l'objet de travaux modificatifs de l'acquéreur ainsi qu'aux logements locatifs sociaux construits et gérés par les organismes et les sociétés définis aux articles L. 365-2 , L. 411-2 et L. 481-1 . Ils précisent également les modalités selon lesquelles ces organismes et sociétés garantissent la mise en accessibilité de ces logements pour leur occupation par des personnes handicapées, notamment les modalités techniques de réalisation des travaux de réversibilité qui sont à la charge financière des bailleurs et leur délai d'exécution qui doit être raisonnable. Pour les logements destinés à l'occupation temporaire ou saisonnière dont la gestion et l'entretien sont organisés et assurés de façon permanente, un décret en Conseil d'Etat, pris après avis du Conseil national consultatif des personnes handicapées, fixe les exigences relatives à l'accessibilité prévues à l'article L. 111-7 et aux prestations que ceux-ci doivent fournir aux personnes handicapées. Ces mesures sont soumises à l'accord du représentant de l'Etat dans le département après avis de la commission consultative départementale de sécurité et d'accessibilité. Les mesures de mise en accessibilité des logements sont évaluées dans un délai de trois ans à compter de la publication de la loi n° 2005-102 du 11 février 2005 pour l'égalité des droits et des chances, la participation et la citoyenneté des personnes handicapées et une estimation de leur impact financier sur le montant des loyers est réalisée afin d'envisager, si nécessaire, les réponses à apporter à ce phénomène.",1918
https://w3id.org/semleg/legimaintlex/resource/document/code-de-la-construction-et-de-l-habitation-6c75c541a386/article/L111-7-10-LEGIARTI000037994918-148,L111-7-10-LEGIARTI000037994918-148,https://w3id.org/semleg/legimaintlex/resource/document/code-de-la-construction-et-de-l-habitation-6c75c541a386,LEGIARTI000037994918,L111-7-10,['Accessibilité handicapés'],2018-12-31,https://w3id.org/semleg/legimaintlex/resource/document/code-de-la-construction-et-de-l-habitation-6c75c541a386/article/L111-7-10-LEGIARTI000037994918-148/content,"L'absence, non justifiée, de dépôt du projet d'agenda d'accessibilité programmée dans les délais prévus à l'article L. 111-7-6 est sanctionnée par une sanction pécuniaire forfaitaire de 1 500 € quand l'agenda porte sur un seul établissement dont l'effectif du public est inférieur au seuil mentionné au II de l'article L. 111-7-7 et de 5 000 € dans les autres cas. La durée du dépassement est imputée sur la durée de l'agenda d'accessibilité programmée. La sanction pécuniaire est recouvrée comme en matière de créances étrangères à l'impôt et au domaine. L'absence, non justifiée, de transmission des documents de suivi prévus par le décret mentionné à l'article L. 111-7-9 ou la transmission de documents de suivi manifestement erronés ainsi que l'absence de transmission de l'attestation d'achèvement à chaque autorité administrative compétente sont sanctionnées par une sanction pécuniaire forfaitaire de 1 500 € quand l'agenda porte sur un seul établissement dont l'effectif du public est inférieur au seuil mentionné au II de l'article L. 111-7-7 et de 2 500 € dans les autres cas. La sanction pécuniaire est recouvrée comme en matière de créances étrangères à l'impôt et au domaine.",1189
https://w3id.org/semleg/legimaintlex/resource/document/code-de-la-construction-et-de-l-habitation-6c75c541a386/article/L111-7-11-LEGIARTI000037994908-149,L111-7-11-LEGIARTI000037994908-149,https://w3id.org/semleg/legimaintlex/resource/document/code-de-la-construction-et-de-l-habitation-6c75c541a386,LEGIARTI000037994908,L111-7-11,['Accessibilité handicapés'],2018-12-31,https://w3id.org/semleg/legimaintlex/resource/document/code-de-la-construction-et-de-l-habitation-6c75c541a386/article/L111-7-11-LEGIARTI000037994908-149/content,"I. – En l'absence de tout commencement d'exécution de l'agenda d'accessibilité programmée, en cas de retard important dans l'exécution des engagements pour la ou les périodes échues de l'agenda ou lorsqu'au terme de l'échéancier de programmation des travaux les engagements de travaux figurant dans l'agenda d'accessibilité programmée n'ont pas été tenus, l'autorité administrative qui l'a approuvé peut mettre en œuvre une procédure de constat de carence dans des conditions précisées par décret. Pour engager cette procédure et décider de l'une des mesures définies aux II et III, cette autorité tient compte de l'importance de l'écart entre les engagements et les réalisations constatées sur l'ensemble des périodes échues de l'agenda d'accessibilité programmée, des difficultés techniques ou financières rencontrées par le maître d'ouvrage et des travaux en cours de réalisation. II. – La carence du maître d'ouvrage est prononcée par un arrêté motivé qui précise, selon les manquements relevés, la mesure retenue par l'autorité administrative : 1° En l'absence de tout commencement d'exécution de l'agenda d'accessibilité programmée, l'abrogation de la décision approuvant l'agenda d'accessibilité programmée ainsi que le signalement au procureur de la République ; 2° En cas de retard important dans l'exécution des engagements pour la ou les périodes échues de l'agenda d'accessibilité programmée, la constitution d'une provision comptable correspondant au montant des travaux non réalisés sur la ou les périodes échues ; 3° Au terme de l'échéancier de programmation des travaux, quand les engagements de travaux figurant dans l'agenda d'accessibilité programmée n'ont pas été tenus : a) L'élaboration d'un nouvel échéancier de travaux avec un aménagement des délais prévus à l'article L. 111-7-7 ne pouvant excéder douze mois supplémentaires, si la durée de l'agenda d'accessibilité programmée n'a pas déjà été prorogée en application du deuxième alinéa de l'article L. 111-7-8 , quand des contraintes techniques ou financières ne permettent pas de respecter les engagements initiaux ; b) Une mise en demeure du maître d'ouvrage de terminer les travaux dans le cadre d'un nouvel échéancier de travaux correspondant à un aménagement des délais prévus à l'article L. 111-7-7 ne pouvant excéder douze mois ainsi que la constitution d'une provision comptable ; c) La fixation d'une sanction pécuniaire pour non-respect des engagements de l'agenda d'accessibilité programmée. La provision comptable ne peut excéder le montant des travaux non réalisés. III. – Le montant de la sanction pécuniaire mentionnée au II peut être compris entre 5 % et 20 % du montant des travaux restant à réaliser. Elle ne peut toutefois être supérieure à : a) 5 % de la capacité d'autofinancement pour une personne morale de droit privé ou pour un établissement public ; b) 5 % du revenu fiscal de référence établi au titre de la pénultième année pour une personne physique ; c) 2 % du montant des dépenses d'investissement figurant dans le compte administratif établi au titre du pénultième exercice pour une collectivité territoriale ; d) 2 % des dépenses d'investissement indiquées dans les annexes de la dernière loi de règlement pour l'action qui finance l'agenda d'accessibilité programmée pour l'Etat. Pour la mise en œuvre des dispositions des a et b, l'autorité administrative compétente est habilitée à demander à la personne ayant déposé l'agenda d'accessibilité programmée de lui transmettre les documents établissant respectivement sa capacité d'autofinancement ou son revenu fiscal de référence. En l'absence de réponse, le plafond n'est pas applicable. En outre la sanction pécuniaire ne peut excéder le montant de l'amende prévue au premier alinéa de l'article L. 152-4 multipliée par le nombre d'établissements recevant du public non rendus accessibles, entrant dans le périmètre de l'agenda d'accessibilité programmée. Le produit des sanctions pécuniaires prévues au présent article est recouvré comme les créances de l'Etat étrangères à l'impôt et au domaine. IV. – Un décret en Conseil d'Etat pris après avis du Conseil national consultatif des personnes handicapées détermine les conditions d'application du présent article.",4226
https://w3id.org/semleg/legimaintlex/resource/document/code-de-la-construction-et-de-l-habitation-6c75c541a386/article/L111-7-12-LEGIARTI000039784302-150,L111-7-12-LEGIARTI000039784302-150,https://w3id.org/semleg/legimaintlex/resource/document/code-de-la-construction-et-de-l-habitation-6c75c541a386,LEGIARTI000039784302,L111-7-12,['Accessibilité handicapés'],2019-12-27,https://w3id.org/semleg/legimaintlex/resource/document/code-de-la-construction-et-de-l-habitation-6c75c541a386/article/L111-7-12-LEGIARTI000039784302-150/content,"Pour faciliter les déplacements des personnes handicapées ou à mobilité réduite, les gestionnaires d'établissements recevant du public ou d'installations ouvertes au public rendent accessibles et réutilisables, dans les conditions prévues aux articles 3 à 8 du règlement délégué (UE) 2017/1926 de la Commission du 31 mai 2017 complétant la directive 2010/40/ UE du Parlement européen et du Conseil en ce qui concerne la mise à disposition, dans l'ensemble de l'Union, de services d'informations sur les déplacements multimodaux et aux articles L. 1115-1 à L. 1115-3 du code des transports, l'identifiant unique et la localisation des dispositifs diffusant à proximité des informations par radiofréquence installés à l'entrée de leurs établissements ou sur leurs installations.",776
https://w3id.org/semleg/legimaintlex/resource/document/code-de-la-construction-et-de-l-habitation-6c75c541a386/article/L111-7-2-LEGIARTI000006824134-347,L111-7-2-LEGIARTI000006824134-347,https://w3id.org/semleg/legimaintlex/resource/document/code-de-la-construction-et-de-l-habitation-6c75c541a386,LEGIARTI000006824134,L111-7-2,['Accessibilité handicapés'],2006-07-16,https://w3id.org/semleg/legimaintlex/resource/document/code-de-la-construction-et-de-l-habitation-6c75c541a386/article/L111-7-2-LEGIARTI000006824134-347/content,"Des décrets en Conseil d'Etat fixent les modalités relatives à l'accessibilité aux personnes handicapées prévue à l'article L. 111-7 que doivent respecter les bâtiments ou parties de bâtiments d'habitation existants lorsqu'ils font l'objet de travaux, notamment en fonction de la nature des bâtiments et parties de bâtiments concernés, du type de travaux entrepris ainsi que du rapport entre le coût de ces travaux et la valeur des bâtiments au-delà duquel ces modalités s'appliquent. Ils prévoient dans quelles conditions des dérogations motivées peuvent être autorisées en cas d'impossibilité technique ou de contraintes liées à la préservation du patrimoine architectural, ou lorsqu'il y a disproportion manifeste entre les améliorations apportées et leurs conséquences. Ces décrets sont pris après avis du Conseil national consultatif des personnes handicapées. En cas de dérogation portant sur un bâtiment appartenant à un propriétaire possédant un parc de logements dont le nombre est supérieur à un seuil fixé par décret en Conseil d'Etat, les personnes handicapées affectées par cette dérogation bénéficient d'un droit à être relogées dans un bâtiment accessible au sens de l'article L. 111-7, dans des conditions fixées par le décret en Conseil d'Etat susmentionné.",1274
https://w3id.org/semleg/legimaintlex/resource/document/code-de-la-construction-et-de-l-habitation-6c75c541a386/article/L111-7-3-LEGIARTI000030978438-104,L111-7-3-LEGIARTI000030978438-104,https://w3id.org/semleg/legimaintlex/resource/document/code-de-la-construction-et-de-l-habitation-6c75c541a386,LEGIARTI000030978438,L111-7-3,['Accessibilité handicapés'],2015-08-07,https://w3id.org/semleg/legimaintlex/resource/document/code-de-la-construction-et-de-l-habitation-6c75c541a386/article/L111-7-3-LEGIARTI000030978438-104/content,"Les établissements recevant du public situés dans un cadre bâti existant doivent être tels que toute personne handicapée puisse y accéder, y circuler et y recevoir les informations qui y sont diffusées, dans les parties ouvertes au public. L'information destinée au public doit être diffusée par des moyens adaptés aux différents handicaps. Des décrets en Conseil d'Etat fixent pour ces établissements, par type et par catégorie, les exigences relatives à l'accessibilité prévues à l'article L. 111-7 et aux prestations que ceux-ci doivent fournir aux personnes handicapées, ainsi que le contenu et les modalités du registre public d'accessibilité. Pour faciliter l'accessibilité, il peut être fait recours aux nouvelles technologies de la communication et à une signalétique adaptée. Les établissements recevant du public dans un cadre bâti existant devront répondre à ces exigences dans un délai, fixé par décret en Conseil d'Etat, qui pourra varier par type et catégorie d'établissement, sans excéder dix ans à compter de la publication de la loi n° 2005-102 du 11 février 2005 pour l'égalité des droits et des chances, la participation et la citoyenneté des personnes handicapées. Ces décrets, pris après avis du Conseil national consultatif des personnes handicapées, précisent les dérogations exceptionnelles qui peuvent être accordées aux établissements recevant du public situés dans un cadre bâti existant après démonstration de l'impossibilité technique de procéder à la mise en accessibilité ou en raison de contraintes liées à la conservation du patrimoine architectural ou lorsqu'il y a disproportion manifeste entre les améliorations apportées par la mise en œuvre des prescriptions techniques d'accessibilité, d'une part, et leurs coûts, leurs effets sur l'usage du bâtiment et de ses abords ou la viabilité de l'exploitation de l'établissement, d'autre part. Ces décrets précisent également les conditions dans lesquelles des dérogations peuvent exceptionnellement être accordées pour l'ouverture d'un établissement recevant du public dans un immeuble collectif à usage principal d'habitation existant lorsque les copropriétaires refusent, par délibération motivée, les travaux de mise en accessibilité dans les conditions prévues à l' article 24 de la loi n° 65-557 du 10 juillet 1965 fixant le statut de la copropriété des immeubles bâtis. Ces dérogations sont accordées après avis de la commission départementale consultative de la protection civile, de la sécurité et de l'accessibilité, et elles s'accompagnent obligatoirement de mesures de substitution pour les établissements recevant du public et remplissant une mission de service public. L'avis est conforme et la demande de dérogation fait nécessairement l'objet d'une décision explicite quand elle concerne un établissement recevant du public répondant à des conditions de fréquentation définies par décret. Une dérogation est accordée pour les établissements recevant du public situés dans un immeuble collectif à usage principal d'habitation existant à la date de publication de l' ordonnance n° 2014-1090 du 26 septembre 2014 lorsque les copropriétaires refusent, par délibération motivée, les travaux de mise en accessibilité dans les conditions prévues à l'article 24 de la loi n° 65-557 du 10 juillet 1965 fixant le statut de la copropriété des immeubles bâtis. Lorsque le propriétaire ou l'exploitant de l'établissement recevant du public prend à sa charge l'intégralité du coût des travaux de mise en accessibilité, le refus ne peut être prononcé par les copropriétaires de l'immeuble que sur justification d'un ou de plusieurs des motifs mentionnés au quatrième alinéa du présent article. Le propriétaire ou l'exploitant d'un établissement recevant du public existant à la date du 31 décembre 2014 transmet à l'autorité administrative dans le délai prévu à l'article L. 111-7-6 un document établissant la conformité de cet établissement aux exigences d'accessibilité prévues au présent article dont le contenu est défini par décret. A défaut il soumet à cette autorité un agenda d'accessibilité programmée dans les conditions définies aux articles L. 111-7-5 à L. 111-7-11 .",4161
https://w3id.org/semleg/legimaintlex/resource/document/code-de-la-construction-et-de-l-habitation-6c75c541a386/article/L111-7-4-LEGIARTI000006824138-169,L111-7-4-LEGIARTI000006824138-169,https://w3id.org/semleg/legimaintlex/resource/document/code-de-la-construction-et-de-l-habitation-6c75c541a386,LEGIARTI000006824138,L111-7-4,['Accessibilité handicapés'],2006-07-16,https://w3id.org/semleg/legimaintlex/resource/document/code-de-la-construction-et-de-l-habitation-6c75c541a386/article/L111-7-4-LEGIARTI000006824138-169/content,"Un décret en Conseil d'Etat définit les conditions dans lesquelles, à l'issue de l'achèvement des travaux prévus aux articles L. 111-7-1, L. 111-7-2 et L. 111-7-3 et soumis à permis de construire, le maître d'ouvrage doit fournir à l'autorité qui a délivré ce permis un document attestant de la prise en compte des règles concernant l'accessibilité. Cette attestation est établie par un contrôleur technique visé à l'article L. 111-23 ou par une personne physique ou morale satisfaisant à des critères de compétence et d'indépendance déterminés par ce même décret. Ces dispositions ne s'appliquent pas pour les propriétaires construisant ou améliorant leur logement pour leur propre usage.",689
https://w3id.org/semleg/legimaintlex/resource/document/code-de-la-construction-et-de-l-habitation-6c75c541a386/article/L111-7-5-LEGIARTI000029506660-143,L111-7-5-LEGIARTI000029506660-143,https://w3id.org/semleg/legimaintlex/resource/document/code-de-la-construction-et-de-l-habitation-6c75c541a386,LEGIARTI000029506660,L111-7-5,['Accessibilité handicapés'],2014-09-28,https://w3id.org/semleg/legimaintlex/resource/document/code-de-la-construction-et-de-l-habitation-6c75c541a386/article/L111-7-5-LEGIARTI000029506660-143/content,I. – Le propriétaire ou l'exploitant d'un établissement recevant du public ou d'une installation ouverte au public qui ne répond pas au 31 décembre 2014 aux exigences d'accessibilité définies à l'article L. 111-7-3 élabore un agenda d'accessibilité programmée. Cet agenda comporte une analyse des actions nécessaires pour que l'établissement réponde à ces exigences et prévoit le programme et le calendrier des travaux ainsi que les financements correspondants. II. – Le contenu et les modalités de présentation d'un agenda d'accessibilité programmée sont précisés par décret pris après avis du Conseil national consultatif des personnes handicapées.,650
https://w3id.org/semleg/legimaintlex/resource/document/code-de-la-construction-et-de-l-habitation-6c75c541a386/article/L111-7-6-LEGIARTI000030978378-144,L111-7-6-LEGIARTI000030978378-144,https://w3id.org/semleg/legimaintlex/resource/document/code-de-la-construction-et-de-l-habitation-6c75c541a386,LEGIARTI000030978378,L111-7-6,['Accessibilité handicapés'],2015-08-07,https://w3id.org/semleg/legimaintlex/resource/document/code-de-la-construction-et-de-l-habitation-6c75c541a386/article/L111-7-6-LEGIARTI000030978378-144/content,"I. - Le projet d'agenda d'accessibilité programmée doit être déposé dans les douze mois suivant la publication de l' ordonnance n° 2014-1090 du 26 septembre 2014 . L'autorité administrative compétente peut autoriser, par décision motivée, la prorogation de ce délai pour une durée maximale de trois ans dans le cas où les difficultés financières liées à l'évaluation ou à la programmation des travaux le justifient, de douze mois dans le cas où les difficultés techniques liées à l'évaluation ou à la programmation des travaux le justifient ou de six mois en cas de rejet d'un premier agenda. II. - Lorsqu'un agenda d'accessibilité programmée porte sur des établissements recevant du public ou des installations ouvertes au public situés dans plusieurs départements, la décision de validation relative à l'agenda et à la prolongation éventuelle de la durée de cet agenda prévue au III et au IV de l'article L. 111-7-7 est prise par le représentant de l'Etat du département : 1° Dans lequel est domiciliée la personne physique qui a déposé la demande ; 2° Dans lequel est implanté le siège ou le principal établissement, pour une société ayant son siège à l'étranger, de la personne morale privée qui a déposé la demande ; 3° Dans lequel est implanté le siège de l'établissement public ou de la collectivité territoriale qui a déposé la demande ; 4° Dans lequel est situé le siège de l'administration centrale de l'Etat, du service à compétence nationale de l'Etat, du service déconcentré ou délocalisé de l'Etat, de l'échelon territorial du ministère de la défense, de la cour ou de la juridiction ou de l'unité de la gendarmerie nationale qui a déposé la demande.",1664
https://w3id.org/semleg/legimaintlex/resource/document/code-de-la-construction-et-de-l-habitation-6c75c541a386/article/L111-7-7-LEGIARTI000030978375-145,L111-7-7-LEGIARTI000030978375-145,https://w3id.org/semleg/legimaintlex/resource/document/code-de-la-construction-et-de-l-habitation-6c75c541a386,LEGIARTI000030978375,L111-7-7,['Accessibilité handicapés'],2015-08-07,https://w3id.org/semleg/legimaintlex/resource/document/code-de-la-construction-et-de-l-habitation-6c75c541a386/article/L111-7-7-LEGIARTI000030978375-145/content,"I. - La durée d'exécution d'un agenda d'accessibilité programmée ne peut excéder trois ans à compter de son approbation. II. - La durée d'exécution d'un agenda d'accessibilité programmée peut porter sur deux périodes de trois ans maximum chacune, sauf si l'ampleur des travaux ne le justifie pas, lorsqu'il concerne : 1° Un établissement susceptible d'accueillir un public excédant un seuil fixé par le règlement de sécurité ; 2° Lorsque le même propriétaire ou exploitant met en accessibilité un patrimoine constitué de plusieurs établissements ou installations comportant au moins un établissement mentionné au 1°. III. - En cas de contraintes techniques ou financières particulières, la durée totale d'un agenda d'accessibilité programmée concernant un ou plusieurs établissements recevant du public n'appartenant pas aux catégories mentionnées au II du présent article peut porter sur deux périodes de trois ans maximum chacune. Dans ce cas, l'agenda ne peut être approuvé que par décision motivée de l'autorité administrative compétente. IV. - A titre exceptionnel, dans le cas d'un patrimoine dont la mise en accessibilité est particulièrement complexe en raison des exigences de continuité de service, du nombre de communes d'implantation, du nombre et de la surface des bâtiments concernés ou du montant des investissements nécessaires rapporté au budget d'investissement mobilisable par le responsable de la mise en accessibilité, la durée totale d'un agenda d'accessibilité programmée peut porter sur trois périodes de trois ans maximum chacune. Dans ce cas, l'agenda ne peut être approuvé que par décision motivée de l'autorité administrative compétente. V. - Les conditions d'application du présent article sont fixées par décret en Conseil d'Etat pris après avis du Conseil national consultatif des personnes handicapées.",1834
https://w3id.org/semleg/legimaintlex/resource/document/code-de-la-construction-et-de-l-habitation-6c75c541a386/article/L111-7-8-LEGIARTI000030978372-146,L111-7-8-LEGIARTI000030978372-146,https://w3id.org/semleg/legimaintlex/resource/document/code-de-la-construction-et-de-l-habitation-6c75c541a386,LEGIARTI000030978372,L111-7-8,['Accessibilité handicapés'],2015-08-07,https://w3id.org/semleg/legimaintlex/resource/document/code-de-la-construction-et-de-l-habitation-6c75c541a386/article/L111-7-8-LEGIARTI000030978372-146/content,"En cas de force majeure, la prorogation de la mise en œuvre de l'agenda d'accessibilité programmée peut être demandée. Elle est prononcée par décision expresse de l'autorité administrative qui l'a validé pour une durée maximale de trois ans, renouvelable si les circonstances de force majeure ou leurs conséquences l'imposent. En cas de difficultés techniques ou financières graves ou imprévues, ou en cas d'obligation de reprise d'une procédure administrative, cette autorité peut prononcer par décision expresse la prorogation de la durée de cet agenda pour une durée maximale de douze mois.",593
https://w3id.org/semleg/legimaintlex/resource/document/code-de-la-construction-et-de-l-habitation-6c75c541a386/article/L111-7-9-LEGIARTI000029506668-147,L111-7-9-LEGIARTI000029506668-147,https://w3id.org/semleg/legimaintlex/resource/document/code-de-la-construction-et-de-l-habitation-6c75c541a386,LEGIARTI000029506668,L111-7-9,['Accessibilité handicapés'],2014-09-28,https://w3id.org/semleg/legimaintlex/resource/document/code-de-la-construction-et-de-l-habitation-6c75c541a386/article/L111-7-9-LEGIARTI000029506668-147/content,Un décret précise les modalités de suivi de l'exécution des agendas d'accessibilité programmée en tenant compte de leur durée ainsi que les modalités d'attestation de l'achèvement des travaux et les conditions de transmission de cette attestation à l'autorité administrative.,275
https://w3id.org/semleg/legimaintlex/resource/document/code-de-la-construction-et-de-l-habitation-6c75c541a386/article/L111-7-LEGIARTI000029522088-0,L111-7-LEGIARTI000029522088-0,https://w3id.org/semleg/legimaintlex/resource/document/code-de-la-construction-et-de-l-habitation-6c75c541a386,LEGIARTI000029522088,L111-7,['Accessibilité handicapés'],2014-09-28,https://w3id.org/semleg/legimaintlex/resource/document/code-de-la-construction-et-de-l-habitation-6c75c541a386/article/L111-7-LEGIARTI000029522088-0/content,"Les dispositions architecturales, les aménagements et équipements intérieurs et extérieurs des locaux d'habitation, qu'ils soient la propriété de personnes privées ou publiques, des établissements recevant du public, des installations ouvertes au public et des lieux de travail doivent être tels que ces locaux et installations soient accessibles à tous, et notamment aux personnes handicapées, quel que soit le type de handicap, notamment physique, sensoriel, cognitif, mental ou psychique, dans les cas et selon les conditions déterminés aux articles L. 111-7-1 à L. 111-7-11. Ces dispositions ne sont pas obligatoires pour les propriétaires construisant ou améliorant un logement pour leur propre usage.",706
https://w3id.org/semleg/legimaintlex/resource/document/code-de-la-construction-et-de-l-habitation-6c75c541a386/article/L125-5-LEGIARTI000041587796-3494,L125-5-LEGIARTI000041587796-3494,https://w3id.org/semleg/legimaintlex/resource/document/code-de-la-construction-et-de-l-habitation-6c75c541a386,LEGIARTI000041587796,L125-5,['Portes et portails'],2021-07-01,https://w3id.org/semleg/legimaintlex/resource/document/code-de-la-construction-et-de-l-habitation-6c75c541a386/article/L125-5-LEGIARTI000041587796-3494/content,"Le contrôle technique peut être rendu obligatoire pour certaines constructions qui, en raison de leur nature, de leur importance ou de leur localisation dans des zones d'exposition à des risques naturels ou technologiques, présentent des risques particuliers pour la sécurité des personnes ou dont le fonctionnement est primordial pour la sécurité civile, la défense ou le maintien de l'ordre public. Il porte alors également sur le respect des règles relatives à l'accessibilité.",480
https://w3id.org/semleg/legimaintlex/resource/document/code-de-la-construction-et-de-l-habitation-6c75c541a386/article/R111-18-1-LEGIARTI000039041357-262,R111-18-1-LEGIARTI000039041357-262,https://w3id.org/semleg/legimaintlex/resource/document/code-de-la-construction-et-de-l-habitation-6c75c541a386,LEGIARTI000039041357,R111-18-1,['Accessibilité handicapés'],2019-09-01,https://w3id.org/semleg/legimaintlex/resource/document/code-de-la-construction-et-de-l-habitation-6c75c541a386/article/R111-18-1-LEGIARTI000039041357-262/content,"Est considéré comme accessible aux personnes handicapées tout bâtiment d'habitation collectif ou tout aménagement lié à un bâtiment permettant à un habitant ou à un visiteur handicapé, avec la plus grande autonomie possible, de circuler, d'accéder aux locaux et équipements, d'utiliser les équipements, de se repérer et de communiquer. Les conditions d'accès des personnes handicapées doivent être les mêmes que celles des autres publics ou, à défaut, présenter une qualité d'usage équivalente. Le ministre chargé de la construction fixe, par arrêté, les obligations auxquelles doivent satisfaire les constructions et les aménagements propres à assurer l'accessibilité de ces bâtiments et de leurs abords en ce qui concerne les cheminements extérieurs, le stationnement des véhicules, les conditions d'accès aux bâtiments, les circulations intérieures horizontales et verticales des parties communes, les portes et les sas des parties communes, les revêtements des parois des parties communes, les locaux collectifs, celliers et caves, ainsi que les équipements susceptibles d'être installés dans les parties communes, notamment les dispositifs d'éclairage et d'information des usagers. Cet arrêté prévoit la possibilité pour le maître d'ouvrage de satisfaire à ces obligations par des solutions d'effet équivalent aux dispositions techniques de l'arrêté dès lors que celles-ci répondent aux objectifs poursuivis.",1413
https://w3id.org/semleg/legimaintlex/resource/document/code-de-la-construction-et-de-l-habitation-6c75c541a386/article/R111-18-10-LEGIARTI000039041273-350,R111-18-10-LEGIARTI000039041273-350,https://w3id.org/semleg/legimaintlex/resource/document/code-de-la-construction-et-de-l-habitation-6c75c541a386,LEGIARTI000039041273,R111-18-10,['Accessibilité handicapés'],2019-09-01,https://w3id.org/semleg/legimaintlex/resource/document/code-de-la-construction-et-de-l-habitation-6c75c541a386/article/R111-18-10-LEGIARTI000039041273-350/content,"Le représentant de l'Etat dans le département peut, sur demande du maître d'ouvrage des travaux, accorder des dérogations à celles des dispositions de la présente sous-section qui ne peuvent être respectées : – soit du fait des caractéristiques du bâtiment, notamment pour des motifs d'impossibilité technique liés au terrain, à la présence de constructions existantes ou à des contraintes résultant du classement de la zone de construction, en particulier au regard des règles de prévention des risques naturels ou technologiques ; – soit au vu d'un rapport d'analyse des bénéfices et inconvénients résultant de l'application des dispositions des articles R. * 111-18-8 et R. * 111-18-9 , établi sous la responsabilité du maître d'ouvrage et joint à la demande de dérogation ; – soit en cas de contraintes liées à la préservation du patrimoine architectural dès lors que les travaux projetés affectent les parties extérieures ou, le cas échéant, intérieures d'un bâtiment d'habitation ou une partie de bâtiment d'habitation classé au titre des monuments historiques en application des articles L. 621-1 et suivants du code du patrimoine, inscrit au titre des monuments historiques en application des articles L. 621-25 et suivants du code du patrimoine, protégé au titre des abords en application de l'article L. 621-30 du code du patrimoine, situé dans le périmètre d'un site patrimonial remarquable classé en application de l'article L. 631-1 du code du patrimoine ou sur un bâtiment identifié en application de l'article L. 151-19 du code de l'urbanisme. Dans tous les cas prévus au présent article, la demande de dérogation est transmise en trois exemplaires au préfet. Cette demande indique les règles auxquelles le demandeur souhaite déroger, les éléments du projet auxquels elles s'appliquent et les justifications de chaque demande. Le préfet notifie dans les trois mois de la réception de la demande sa décision motivée après avoir consulté la commission mentionnée au premier alinéa de l'article R. 111-19-30 ou, par délégation de la commission départementale, la commission d'accessibilité d'arrondissement mentionnée au deuxième alinéa du même article. A défaut de réponse de la commission dans un délai de deux mois à compter de la transmission de la demande d'avis, cet avis est réputé favorable. A défaut de réponse du préfet dans le délai de trois mois à compter de la date à laquelle il a reçu la demande, la dérogation demandée est réputée refusée.",2467
https://w3id.org/semleg/legimaintlex/resource/document/code-de-la-construction-et-de-l-habitation-6c75c541a386/article/R111-18-11-LEGIARTI000039041260-351,R111-18-11-LEGIARTI000039041260-351,https://w3id.org/semleg/legimaintlex/resource/document/code-de-la-construction-et-de-l-habitation-6c75c541a386,LEGIARTI000039041260,R111-18-11,['Accessibilité handicapés'],2019-09-01,https://w3id.org/semleg/legimaintlex/resource/document/code-de-la-construction-et-de-l-habitation-6c75c541a386/article/R111-18-11-LEGIARTI000039041260-351/content,"Lorsque la dérogation prévue au premier alinéa de l'article R. 111-18-10 concerne une disposition dont la mise en oeuvre aurait eu pour conséquence d'améliorer significativement les conditions d'accessibilité du bâtiment où habite une personne handicapée au regard de la nature de son handicap, le propriétaire du logement occupé par cette personne est tenu, à sa demande, de lui proposer une offre de relogement. Cette disposition ne s'applique que lorsque le propriétaire possède plus de 500 logements locatifs dans le département. L'offre de relogement doit correspondre aux besoins et aux possibilités de la personne à reloger et respecter les exigences fixées aux articles R. 111-18 à R. 111-18-2 ou, à défaut, apporter à la personne handicapée une amélioration significative, au regard de la nature de son handicap, des conditions d'accessibilité dont elle aurait bénéficié si les travaux mentionnés aux articles R. 111-18-8 et R. 111-18-9 avaient été réalisés. Une personne handicapée au sens du présent article est une personne qui bénéficie d'une ou plusieurs des aides mentionnées à l'article L. 241-6 du code de l'action sociale et des familles ou est titulaire de la carte mobilité inclusion comportant la mention “ invalidité ” mentionnée à l'article L. 241-3 du code de l'action sociale et des familles ou de la carte d'invalidité mentionnée à l'article L. 241-3 du même code dans sa rédaction antérieure au 1er janvier 2017.",1439
https://w3id.org/semleg/legimaintlex/resource/document/code-de-la-construction-et-de-l-habitation-6c75c541a386/article/R111-18-2-LEGIARTI000039041344-263,R111-18-2-LEGIARTI000039041344-263,https://w3id.org/semleg/legimaintlex/resource/document/code-de-la-construction-et-de-l-habitation-6c75c541a386,LEGIARTI000039041344,R111-18-2,['Accessibilité handicapés'],2019-09-01,https://w3id.org/semleg/legimaintlex/resource/document/code-de-la-construction-et-de-l-habitation-6c75c541a386/article/R111-18-2-LEGIARTI000039041344-263/content,"I.-Les dispositions architecturales, les aménagements et les équipements propres à assurer l'accessibilité des logements situés dans les bâtiments d'habitation collectifs et autres que ceux visés au II du présent article doivent satisfaire aux obligations ci-après : 1. Pour tous les logements. Les circulations et les portes des logements doivent, dès la construction du bâtiment, présenter des caractéristiques minimales, définies par arrêté du ministre chargé de la construction, permettant la circulation de personnes handicapées. Les dispositifs de commande doivent y être aisément repérables et utilisables par ces personnes. Cet arrêté prévoit la possibilité pour le maître d'ouvrage de satisfaire à ces obligations par des solutions d'effet équivalent aux dispositions techniques de l'arrêté dès lors que ces solutions répondent aux objectifs poursuivis. Dans le cas de logements réalisés sur plusieurs niveaux, les caractéristiques minimales définies au premier alinéa concernent tous les niveaux qui doivent, en outre, être reliés par un escalier adapté. 2. Pour les logements situés au rez-de-chaussée ou en étages desservis par un ascenseur conformément à l'article R. 111-5 : 20 % de ces logements, et au moins un logement, sont conformes aux dispositions ci-après. Ils doivent respecter les dispositions prévues au 1 et, en outre, offrir dès leur construction des caractéristiques minimales, définies par arrêté du ministre chargé de la construction, permettant à une personne handicapée d'utiliser la cuisine ou une partie du studio aménagée en cuisine, le séjour, une chambre ou une partie du studio aménagée en chambre, un cabinet d'aisances et une salle d'eau. Une partie des espaces nécessaires à l'utilisation par une personne en fauteuil roulant peuvent être aménagés à d'autres fins sous réserve que des travaux simples permettent d'en rétablir la possibilité d'utilisation par une personne en fauteuil roulant. Cet arrêté prévoit la possibilité pour le maître d'ouvrage de satisfaire à ces obligations par des solutions d'effet équivalent aux dispositions techniques de l'arrêté dès lors que ces solutions répondent aux objectifs poursuivis. Dans le cas de logements réalisés sur plusieurs niveaux, le niveau d'accès au logement doit comporter au moins la cuisine, le séjour, une chambre ou partie du séjour aménageable en chambre, un cabinet d'aisances et une salle d'eau, ces pièces répondant aux exigences fixées à l'alinéa précédent. Cependant, dans le cas où le bâtiment est soumis à des contraintes particulières liées aux caractéristiques de l'unité foncière ou aux règles d'urbanisme, l'espace du niveau d'accès au logement peut se limiter à la cuisine ou à la partie du séjour aménageable en cuisine, au séjour et à un cabinet d'aisance comportant un lavabo, à la condition qu'une réservation dans le gros œuvre permette l'installation ultérieure d'un appareil élévateur vertical pour desservir la chambre et la salle d'eau accessibles en étage. Dans les bâtiments d'habitation dont la construction a fait l'objet d'une demande de permis de construire déposée à compter du 1er janvier 2008, au moins un accès depuis une pièce de vie à tout balcon, terrasse ou loggia situé dans ces logements doit être conçu de manière telle que le seuil et les portes permettent, par des aménagements simples, le passage d'une personne en fauteuil roulant. Dans les bâtiments d'habitation dont la construction a fait l'objet d'une demande de permis de construire déposée à compter du 1er janvier 2010, au moins une salle d'eau doit être conçue et équipée de manière à permettre, par des aménagements simples, l'installation ultérieure d'une douche accessible à une personne handicapée. 3. Pour les logements situés au rez-de-chaussée ou en étages desservis par un ascenseur conformément à l'article R. 111-5, autres que ceux mentionnés au 2 : Ces logements sont évolutifs. Dès leur construction, ils doivent respecter les dispositions prévues au 1 et permettre à une personne handicapée d'utiliser le séjour et un cabinet d'aisance dans les conditions prévues au 2. En outre, ils doivent pouvoir ultérieurement être rendus conformes à l'intégralité des dispositions prévues au 2 à l'issue de travaux simples, c'est-à-dire sans incidence sur les éléments de structure et certains réseaux encastrés en cloisons. Un arrêté du ministre chargé de la construction précise la nature et les conditions de réalisation de ces travaux simples. Pour une même typologie de logements, la surface moyenne des logements évolutifs ne peut être inférieure, lors de leur conception, à la surface moyenne des logements qui sont accessibles dès la construction en application du 2. Le ministre chargé de la construction détermine les caractéristiques techniques applicables aux aménagements et équipements mentionnés au présent I. II.-Lorsqu'une opération de construction comporte des logements, situés dans des bâtiments d'habitation collectifs, destinés à l'occupation temporaire ou saisonnière dont la gestion et l'entretien sont organisés et assurés de façon permanente, les dispositions architecturales, les aménagements et les équipements propres à assurer l'accessibilité de ces logements doivent présenter : a) Des caractéristiques communes applicables à tous ces logements garantissant qu'ils puissent être visités par une personne handicapée et occupés par une personne sourde, malentendante, aveugle, malvoyante ou présentant une déficience mentale ; b) Pour un pourcentage d'entre eux, calculé au regard de l'ensemble de ces logements prévus dans l'opération de construction et destinés à être gérés par la même personne physique ou morale, des caractéristiques supplémentaires et des équipements permettant, sans travaux préalables, l'accès des personnes handicapées aux pièces de l'unité de vie et un usage de leurs fonctions. Lorsque, au regard du nombre de pièces à vivre, plusieurs types de logements destinés à l'occupation temporaire ou saisonnière dont la gestion et l'entretien sont organisés et assurés de façon permanente existent, ces différents types doivent être représentés de manière proportionnée parmi les logements soumis aux caractéristiques supplémentaires ; c) Pour chaque bâtiment d'habitation collectif, un cabinet d'aisances commun accessible. En outre, des prestations propres à assurer la qualité de séjour des personnes handicapées, telles que des équipements, des matériels, un accueil ou un service personnalisé, sont proposées par le gestionnaire des logements. Pour l'application des dispositions du troisième alinéa de l'article L. 111-7-1 , le maître d'ouvrage transmet au représentant de l'Etat dans le département, préalablement aux travaux, les éléments permettant de vérifier que les logements considérés sont des logements destinés à l'occupation temporaire ou saisonnière dont la gestion et l'entretien sont organisés et assurés de façon permanente et que les dispositions prévues par le présent II sont respectées. Ces éléments sont transmis en trois exemplaires sauf s'ils sont transmis par voie électronique. Le représentant de l'Etat dans le département notifie sa décision motivée, dans les trois mois qui suivent la réception des éléments, après avoir consulté la commission compétente en application de l'article R. 111-19-30 . A défaut de réponse de la commission dans un délai de deux mois à compter de la transmission de la demande d'avis, celui-ci est réputé favorable. A défaut de réponse du représentant de l'Etat dans le département dans le délai de trois mois à compter de la date à laquelle il a reçu la demande d'accord, celui-ci est réputé acquis. Le ministre chargé de la construction détermine par arrêté les conditions d'application du II du présent article, notamment les caractéristiques, équipements et prestations prévus par celui-ci et les modalités de calcul du pourcentage de logements devant présenter des caractéristiques supplémentaires. III.-Les opérations de construction respectent les règles décrites au I. Néanmoins, lorsqu'une opération de construction comporte des logements situés dans des bâtiments d'habitation collectifs vendus en l'état futur d'achèvement, un contrat de travaux modificatifs peut être établi à la demande de l'acquéreur, entre celui-ci et le promoteur de l'opération, sous réserve que le logement faisant l'objet de travaux modificatifs de l'acquéreur satisfasse aux caractéristiques suivantes : a) Le logement peut être visité par une personne handicapée, quel que soit son handicap, c'est-à-dire que cette personne peut entrer dans le logement, se rendre dans le séjour par un cheminement accessible, y circuler et en ressortir ; b) Les travaux modificatifs réalisés à la demande de l'acquéreur permettent la réversibilité des aménagements par des travaux simples, dans les conditions définies par arrêté du ministre chargé de la construction. Le plan du logement correspondant au logement réalisé avec les travaux modificatifs demandés par l'acquéreur et le plan du logement correspondant à la configuration du logement conforme aux règles prévues au I doivent être fournis à l'acquéreur et annexés au contrat de travaux modificatifs de l'acquéreur. Si ce contrat de travaux modificatifs de l'acquéreur est conclu avant la signature de l'acte authentique de vente, les deux plans sont en outre annexés à l'acte authentique de vente.",9342
https://w3id.org/semleg/legimaintlex/resource/document/code-de-la-construction-et-de-l-habitation-6c75c541a386/article/R111-18-3-LEGIARTI000039041337-264,R111-18-3-LEGIARTI000039041337-264,https://w3id.org/semleg/legimaintlex/resource/document/code-de-la-construction-et-de-l-habitation-6c75c541a386,LEGIARTI000039041337,R111-18-3,['Accessibilité handicapés'],2019-09-01,https://w3id.org/semleg/legimaintlex/resource/document/code-de-la-construction-et-de-l-habitation-6c75c541a386/article/R111-18-3-LEGIARTI000039041337-264/content,"Le représentant de l'Etat dans le département peut accorder des dérogations à celles des dispositions de la présente sous-section qui ne peuvent être respectées du fait d'une impossibilité technique résultant de l'environnement du bâtiment et, notamment, des caractéristiques du terrain, de la présence de constructions existantes ou de contraintes liées au classement de la zone de construction, en particulier au regard de la réglementation de prévention contre les inondations. Il peut également accorder des dérogations aux dispositions du 2 de l'article R. 111-18-2 pour des programmes de logements destinés à l'occupation temporaire ou saisonnière dont la gestion et l'entretien sont assurés de façon permanente, sous réserve de la réalisation, dans le même programme, d'un pourcentage de logements offrant des caractéristiques d'accessibilité dès la construction. Un arrêté du ministre chargé de la construction et du ministre chargé des personnes handicapées précise les modalités d'application du présent alinéa. Dans tous les cas prévus au présent article, la demande de dérogation est transmise en trois exemplaires au préfet. Cette demande indique les règles auxquelles le demandeur souhaite déroger, les éléments du projet auxquels elles s'appliquent et les justifications de chaque demande. Le préfet notifie dans les trois mois de la réception de la demande sa décision motivée après avoir consulté, selon le cas, la commission départementale ou la commission d'accessibilité d'arrondissement mentionnées à l'article R. 111-19-30 . A défaut de réponse de la commission dans un délai de deux mois à compter de la transmission de la demande d'avis, cet avis est réputé favorable. A défaut de réponse du préfet dans le délai de trois mois à compter de la date à laquelle il a reçu la demande, la dérogation demandée est réputée refusée.",1848
https://w3id.org/semleg/legimaintlex/resource/document/code-de-la-construction-et-de-l-habitation-6c75c541a386/article/R111-18-4-LEGIARTI000039041331-265,R111-18-4-LEGIARTI000039041331-265,https://w3id.org/semleg/legimaintlex/resource/document/code-de-la-construction-et-de-l-habitation-6c75c541a386,LEGIARTI000039041331,R111-18-4,['Accessibilité handicapés'],2019-09-01,https://w3id.org/semleg/legimaintlex/resource/document/code-de-la-construction-et-de-l-habitation-6c75c541a386/article/R111-18-4-LEGIARTI000039041331-265/content,"La présente sous-section est applicable aux maisons individuelles construites pour être louées ou mises à dispositions ou pour être vendues, à l'exclusion de celles dont le propriétaire a, directement ou par l'intermédiaire d'un professionnel de la construction, entrepris la construction ou la réhabilitation pour son propre usage.",332
https://w3id.org/semleg/legimaintlex/resource/document/code-de-la-construction-et-de-l-habitation-6c75c541a386/article/R111-18-5-LEGIARTI000039041325-266,R111-18-5-LEGIARTI000039041325-266,https://w3id.org/semleg/legimaintlex/resource/document/code-de-la-construction-et-de-l-habitation-6c75c541a386,LEGIARTI000039041325,R111-18-5,['Accessibilité handicapés'],2019-09-01,https://w3id.org/semleg/legimaintlex/resource/document/code-de-la-construction-et-de-l-habitation-6c75c541a386/article/R111-18-5-LEGIARTI000039041325-266/content,"Les maisons individuelles doivent être construites et aménagées de façon à être accessibles aux personnes handicapées, quel que soit leur handicap. L'obligation d'accessibilité concerne les circulations extérieures, le logement et, le cas échéant, une place de stationnement automobile. Dans le cas où sont superposés, même partiellement, soit deux logements, soit un logement et un local distinct à usage autre que d'habitation, l'installation d'un ascenseur ou d'une rampe d'accès n'est pas obligatoire. Les dispositions architecturales, les aménagements et les équipements propres à assurer l'accessibilité de ces logements superposés satisfont aux règles du I de l'article R. 111-18-2 applicables aux bâtiments d'habitation collectifs. Dans le cas d'ensembles résidentiels comprenant plusieurs maisons individuelles groupées, l'obligation d'accessibilité porte également sur les locaux et équipements collectifs affectés à ces ensembles.",941
https://w3id.org/semleg/legimaintlex/resource/document/code-de-la-construction-et-de-l-habitation-6c75c541a386/article/R111-18-6-LEGIARTI000039041316-267,R111-18-6-LEGIARTI000039041316-267,https://w3id.org/semleg/legimaintlex/resource/document/code-de-la-construction-et-de-l-habitation-6c75c541a386,LEGIARTI000039041316,R111-18-6,['Accessibilité handicapés'],2019-09-01,https://w3id.org/semleg/legimaintlex/resource/document/code-de-la-construction-et-de-l-habitation-6c75c541a386/article/R111-18-6-LEGIARTI000039041316-267/content,"I. - Est considéré comme accessible aux personnes handicapées tout bâtiment ou aménagement permettant à un habitant ou à un visiteur handicapé, avec la plus grande autonomie possible, de circuler, d'accéder aux locaux et équipements, d'utiliser les équipements, de se repérer et de communiquer. Les conditions d'accès des personnes handicapées doivent être les mêmes que celles des autres publics ou, à défaut, présenter une qualité d'usage équivalente. Le ministre chargé de la construction fixe, par arrêté, les obligations auxquelles doivent satisfaire les constructions et les aménagements propres à assurer l'accessibilité de ces bâtiments et de leurs abords en ce qui concerne les cheminements extérieurs, le stationnement des véhicules, ainsi que les équipements et les locaux collectifs. Cet arrêté prévoit la possibilité pour le maître d'ouvrage de satisfaire à ces obligations par des solutions d'effet équivalent aux dispositions techniques de l'arrêté dès lors que celles-ci répondent aux objectifs poursuivis. II. - Dans les maisons individuelles autres que celles visées au III, le ministre chargé de la construction fixe, par arrêté, les obligations auxquelles doivent satisfaire les circulations intérieures des logements et leurs caractéristiques minimales intérieures selon le nombre de niveaux qu'ils comportent, permettant à une personne handicapée de les occuper. Cet arrêté prévoit la possibilité pour le maître d'ouvrage de satisfaire à ces obligations par des solutions d'effet équivalent aux dispositions techniques de l'arrêté dès lors que celles-ci répondent aux objectifs poursuivis. Dans les maisons individuelles autres que celles visées au III ayant fait l'objet d'une demande de permis de construire déposée à compter du 1er janvier 2008, lorsque les balcons et terrasses sont situés au niveau de l'accès au logement, au moins un accès depuis une pièce de vie à ces balcons et terrasses doit être tel que le seuil et les portes permettent, par des aménagements simples, le passage d'une personne en fauteuil roulant. Dans les maisons individuelles autres que celles visées au III ayant fait l'objet d'une demande de permis de construire déposée à compter du 1er janvier 2010, au moins une salle d'eau doit être équipée de manière à permettre, par des aménagements simples, l'installation ultérieure d'une douche accessible à une personne handicapée. III. - Lorsqu'une opération de construction comporte des maisons individuelles constituées de logements destinés à l'occupation temporaire ou saisonnière dont la gestion et l'entretien sont organisés et assurés de façon permanente, les dispositions architecturales, les aménagements et les équipements propres à assurer l'accessibilité de ces logements doivent présenter : a) Des caractéristiques communes applicables à tous ces logements garantissant notamment qu'ils puissent être visités par une personne handicapée et occupés par une personne sourde, malentendante, aveugle, malvoyante ou présentant une déficience mentale ; b) Lorsque l'opération de construction comporte au moins cinq logements de cette catégorie destinés à être gérés par la même personne physique ou morale, pour un pourcentage d'entre eux, des caractéristiques supplémentaires et des équipements permettant, sans travaux préalables, l'accès des personnes handicapées aux pièces de l'unité de vie et un usage de leurs fonctions. Lorsque, au regard du nombre de pièces à vivre, plusieurs types de logements destinés à l'occupation temporaire ou saisonnière dont la gestion et l'entretien sont organisés et assurés de façon permanente existent, ces différents types doivent être représentés de manière proportionnée parmi les logements soumis aux caractéristiques supplémentaires. En outre, des prestations propres à assurer la qualité de séjour des personnes handicapées, telles que des équipements, des matériels, un accueil ou un service personnalisé, sont proposées par le gestionnaire des logements. Pour l'application des dispositions du troisième alinéa de l'article L. 111-7-1 , le maître d'ouvrage transmet au représentant de l'Etat dans le département, préalablement aux travaux, les éléments permettant de vérifier que les logements considérés sont des logements destinés à l'occupation temporaire ou saisonnière dont la gestion et l'entretien sont organisés et assurés de façon permanente et que les dispositions prévues par le présent III sont respectées. Ces éléments sont transmis en trois exemplaires sauf s'ils sont transmis par voie électronique. Le représentant de l'Etat dans le département notifie, dans les trois mois qui suivent la réception des éléments, sa décision motivée, après avoir consulté la commission compétente en application de l'article R. 111-19-30 . A défaut de réponse de la commission dans un délai de deux mois à compter de la transmission de la demande d'avis, celui-ci est réputé favorable. A défaut de réponse du représentant de l'Etat dans le département dans le délai de trois mois à compter de la date à laquelle il a reçu la demande d'accord, celui-ci est réputé acquis. Le ministre chargé de la construction détermine par arrêté les conditions d'application du III du présent article, notamment les caractéristiques, équipements et prestations prévus par celui-ci, les modalités de calcul du pourcentage de logements devant présenter des caractéristiques supplémentaires. IV. - Les opérations de construction respectent les règles décrites au II. Néanmoins, lorsqu'une opération de construction comporte des logements situés dans une ou des maisons individuelles, vendus en l'état futur d'achèvement, un contrat de travaux modificatifs peut être établi à la demande de l'acquéreur, entre celui-ci et le promoteur de l'opération, sous réserve que le logement faisant l'objet de travaux modificatifs réalisés à la demande de l'acquéreur satisfasse aux caractéristiques suivantes : a) Le logement peut être visité par une personne handicapée, quel que soit son handicap, c'est-à-dire que cette personne peut entrer dans le logement, se rendre dans le séjour par un cheminement accessible, y circuler et en ressortir ; b) Les travaux modificatifs réalisés à la demande de l'acquéreur permettent la réversibilité des aménagements par des travaux simples, dans les conditions définies par arrêté du ministre chargé de la construction. Le plan du logement correspondant au logement réalisé avec les travaux modificatifs demandés par l'acquéreur et le plan du logement correspondant à la configuration du logement conforme aux règles prévues au I doivent être fournis à l'acquéreur et annexés au contrat de travaux modificatifs de l'acquéreur. Si ce contrat est conclu avant la signature de l'acte authentique de vente, les deux plans sont en outre annexés à l'acte authentique de vente.",6784
https://w3id.org/semleg/legimaintlex/resource/document/code-de-la-construction-et-de-l-habitation-6c75c541a386/article/R111-18-7-LEGIARTI000039041313-268,R111-18-7-LEGIARTI000039041313-268,https://w3id.org/semleg/legimaintlex/resource/document/code-de-la-construction-et-de-l-habitation-6c75c541a386,LEGIARTI000039041313,R111-18-7,['Accessibilité handicapés'],2019-09-01,https://w3id.org/semleg/legimaintlex/resource/document/code-de-la-construction-et-de-l-habitation-6c75c541a386/article/R111-18-7-LEGIARTI000039041313-268/content,"Le représentant de l'Etat dans le département peut accorder des dérogations à celles des dispositions de la présente sous-section qui ne peuvent être respectées du fait d'une impossibilité technique résultant de l'environnement du bâtiment, et notamment des caractéristiques du terrain, de la présence de constructions existantes ou de contraintes liées au classement de la zone de construction, notamment au regard de la réglementation de prévention contre les inondations. Il peut également accorder des dérogations aux dispositions de la présente sous-section pour des programmes de logements destinés à l'occupation temporaire ou saisonnière dont la gestion et l'entretien sont assurés de façon permanente, sous réserve de la réalisation, dans le même programme, d'un pourcentage de logements offrant des caractéristiques d'accessibilité dès la construction. Un arrêté du ministre chargé de la construction et du ministre chargé des personnes handicapées précise les modalités d'application du présent alinéa. La demande de dérogation est transmise en trois exemplaires au préfet. Cette demande indique les règles auxquelles le demandeur souhaite déroger, les éléments du projet auxquels elles s'appliquent et les justifications de chaque demande. Le préfet notifie dans les trois mois de la réception de la demande sa décision motivée après avoir consulté, selon le cas, la commission départementale ou la commission d'accessibilité d'arrondissement mentionnées à l'article R. 111-19-30. A défaut de réponse de la commission dans un délai de deux mois à compter de la transmission de la demande d'avis, cet avis est réputé favorable. A défaut de réponse du préfet dans le délai de trois mois à compter de la date à laquelle il a reçu la demande, la dérogation demandée est réputée refusée.",1794
https://w3id.org/semleg/legimaintlex/resource/document/code-de-la-construction-et-de-l-habitation-6c75c541a386/article/R111-18-8-LEGIARTI000039041305-348,R111-18-8-LEGIARTI000039041305-348,https://w3id.org/semleg/legimaintlex/resource/document/code-de-la-construction-et-de-l-habitation-6c75c541a386,LEGIARTI000039041305,R111-18-8,['Accessibilité handicapés'],2019-09-01,https://w3id.org/semleg/legimaintlex/resource/document/code-de-la-construction-et-de-l-habitation-6c75c541a386/article/R111-18-8-LEGIARTI000039041305-348/content,"Les travaux de modification ou d'extension portant sur un bâtiment ou une partie de bâtiment d'habitation collectif existant, au sens de l'article R. 111-18, et les travaux de création de logements dans un bâtiment existant par changement de destination sont soumis aux dispositions suivantes : a) Les travaux réalisés à l'intérieur des volumes ou surfaces existants jouant un rôle en matière d'accessibilité des personnes handicapées doivent, au minimum, maintenir les conditions d'accessibilité existantes ; b) Les parties de bâtiments correspondant à la création de surfaces ou de volumes nouveaux dans les parties communes doivent respecter les dispositions prévues à l'article R. 111-18-1 et les parties de bâtiments correspondant à la création de surfaces ou de volumes nouveaux de logement doivent respecter les dispositions prévues à l'article R. 111-18-2 ; c) Les modifications, hors travaux d'entretien, apportées aux circulations communes et locaux collectifs et leurs équipements jouant un rôle en matière d'accessibilité, dont la liste est définie par arrêté du ministre chargé de la construction, doivent respecter les dispositions prévues à l'article R. 111-18-1 relatives à ces circulations, locaux et équipements. Cet arrêté définit les adaptations mineures qui peuvent être apportées aux caractéristiques de ces éléments et équipements lorsque les contraintes liées à la structure du bâtiment l'imposent ; d) Les modifications, hors travaux d'entretien, apportées à la signalisation palière ou en cabine d'un ascenseur doivent permettre de recevoir par des moyens adaptés les informations liées aux mouvements de la cabine, aux étages desservis et au système d'alarme. Les nouveaux ascenseurs installés doivent disposer de ces moyens.",1752
https://w3id.org/semleg/legimaintlex/resource/document/code-de-la-construction-et-de-l-habitation-6c75c541a386/article/R111-18-9-LEGIARTI000039041293-349,R111-18-9-LEGIARTI000039041293-349,https://w3id.org/semleg/legimaintlex/resource/document/code-de-la-construction-et-de-l-habitation-6c75c541a386,LEGIARTI000039041293,R111-18-9,['Accessibilité handicapés'],2019-09-01,https://w3id.org/semleg/legimaintlex/resource/document/code-de-la-construction-et-de-l-habitation-6c75c541a386/article/R111-18-9-LEGIARTI000039041293-349/content,"Lorsque, à l'occasion de travaux de modification ou d'extension portant sur un bâtiment ou une partie de bâtiment d'habitation collectif ou à l'occasion de travaux de création d'un bâtiment ou d'une partie de bâtiment par changement de destination, le rapport du coût des travaux à la valeur du bâtiment est supérieur ou égal à 80 %, les dispositions architecturales et les aménagements du bâtiment doivent satisfaire aux obligations suivantes : a) Toutes les parties communes du bâtiment, extérieures et intérieures, doivent respecter les dispositions prévues à l'article R. 111-18-1 même si elles ne font pas l'objet de travaux ; b) Les places de stationnement privatives et les celliers et caves privatifs où sont réalisés des travaux doivent respecter les dispositions prévues à l'article R. 111-18-1 ; c) Les logements où sont réalisés des travaux doivent respecter les dispositions prévues à l'article R. 111-18-2. Pour l'application du premier alinéa du présent article, sont pris en compte pour calculer le coût des travaux le montant des travaux décidés ou financés au cours des deux dernières années et, pour déterminer la valeur du bâtiment, le produit de la surface hors oeuvre nette dans sa définition applicable avant l'entrée en vigueur de l'ordonnance n° 2011-1539 du 16 novembre 2011 portant réforme de la surface de plancher par un coût de construction défini par arrêté du ministre chargé de la construction.",1427
https://w3id.org/semleg/legimaintlex/resource/document/code-de-la-construction-et-de-l-habitation-6c75c541a386/article/R111-18-LEGIARTI000039041363-261,R111-18-LEGIARTI000039041363-261,https://w3id.org/semleg/legimaintlex/resource/document/code-de-la-construction-et-de-l-habitation-6c75c541a386,LEGIARTI000039041363,R111-18,['Accessibilité handicapés'],2019-09-01,https://w3id.org/semleg/legimaintlex/resource/document/code-de-la-construction-et-de-l-habitation-6c75c541a386/article/R111-18-LEGIARTI000039041363-261/content,"Les bâtiments d'habitation collectifs et leurs abords doivent être construits et aménagés de façon à être accessibles aux personnes handicapées, quel que soit leur handicap. Au sens de la présente sous-section, est considéré comme un bâtiment d'habitation collectif tout bâtiment dans lequel sont superposés, même partiellement, plus de deux logements distincts. L'obligation d'accessibilité porte notamment sur les circulations communes intérieures et extérieures, une partie des places de stationnement automobile, les logements, les ascenseurs, les locaux collectifs et leurs équipements.",591
https://w3id.org/semleg/legimaintlex/resource/document/code-de-la-construction-et-de-l-habitation-6c75c541a386/article/R111-19-1-LEGIARTI000039041256-42,R111-19-1-LEGIARTI000039041256-42,https://w3id.org/semleg/legimaintlex/resource/document/code-de-la-construction-et-de-l-habitation-6c75c541a386,LEGIARTI000039041256,R111-19-1,['Accessibilité handicapés'],2019-09-01,https://w3id.org/semleg/legimaintlex/resource/document/code-de-la-construction-et-de-l-habitation-6c75c541a386/article/R111-19-1-LEGIARTI000039041256-42/content,"Les établissements recevant du public définis à l'article R. 123-2 et les installations ouvertes au public doivent être accessibles aux personnes handicapées, quel que soit leur handicap. L'obligation d'accessibilité porte sur les parties extérieures et intérieures des établissements et installations et concerne les circulations, une partie des places de stationnement automobile, les ascenseurs, les locaux et leurs équipements.",431
https://w3id.org/semleg/legimaintlex/resource/document/code-de-la-construction-et-de-l-habitation-6c75c541a386/article/R111-19-10-LEGIARTI000039633734-108,R111-19-10-LEGIARTI000039633734-108,https://w3id.org/semleg/legimaintlex/resource/document/code-de-la-construction-et-de-l-habitation-6c75c541a386,LEGIARTI000039633734,R111-19-10,['Accessibilité handicapés'],2020-02-18,https://w3id.org/semleg/legimaintlex/resource/document/code-de-la-construction-et-de-l-habitation-6c75c541a386/article/R111-19-10-LEGIARTI000039633734-108/content,"I. – Le représentant de l'Etat dans le département peut accorder des dérogations aux règles d'accessibilité prévues par les dispositions de la présente sous-section : 1° En cas d'impossibilité technique résultant de l'environnement du bâtiment, notamment des caractéristiques du terrain, de la présence de constructions existantes ou de contraintes liées au classement de la zone de construction, notamment au regard de la réglementation de prévention contre les inondations ou en raison de difficultés liées à ses caractéristiques ou à la nature des travaux qui y sont réalisés ; 2° En cas de contraintes liées à la conservation du patrimoine architectural dès lors que les travaux doivent être exécutés à l'extérieur et, le cas échéant, à l'intérieur d'un établissement recevant du public classé au titre des monuments historiques en application de l'article L. 621-1 du code du patrimoine, inscrit en application de l'article L. 621-25 du même code ou sur un bâtiment protégé au titre des abords en application de l'article L. 621-30 du code du patrimoine, situé dans le périmètre d'un site patrimonial remarquable classé en application de l'article L. 631-1 du même code ou sur un bâtiment identifié en application de l'article L. 151-19 du code de l'urbanisme. 3° Lorsqu'il y a une disproportion manifeste entre les améliorations apportées par la mise en œuvre des prescriptions techniques d'accessibilité, d'une part, et leurs coûts, leurs effets sur l'usage du bâtiment et de ses abords ou la viabilité de l'exploitation de l'établissement, d'autre part, notamment : a) Lorsque le coût ou la nature des travaux d'accessibilité sont tels qu'ils s'avèrent impossibles à financer ou qu'ils ont un impact négatif critique sur la viabilité économique de l'établissement et que l'existence de cette impossibilité ou de ces difficultés est établie notamment par le dépassement de seuils fixés par arrêté ; b) Lorsqu'une rupture de la chaîne de déplacement au sein de l'emprise de l'établissement rend inutile la mise en œuvre, en aval de cette rupture, d'une prescription technique d'accessibilité pour le ou les types de handicap déterminés ; 4° Lorsque les copropriétaires d'un bâtiment à usage principal d'habitation existant au 28 septembre 2014 réunis en assemblée générale s'opposent, dans les conditions prévues par l'article 24 de la loi n° 65-557 du 10 juillet 1965 fixant le statut de la copropriété des immeubles bâtis, à la réalisation des travaux de mise en accessibilité d'un établissement recevant du public existant ou créé dans ce bâtiment. Lorsque ce refus est opposé à un établissement recevant du public existant dans ce bâtiment, la dérogation est accordée de plein droit. Si le bâtiment ou l'installation pour lequel une dérogation a été accordée sur le fondement des dispositions du présent I fait l'objet d'une demande de permis de construire ou d'une demande d'autorisation de travaux modifiant l'aménagement ou les équipements objet de cette dérogation, le maintien de celle-ci est subordonné à l'introduction d'une demande à cet effet. Il est statué sur la demande de maintien de la dérogation selon les modalités prévues par l'article R. 111-19-23. En l'absence de demande de maintien de la dérogation ou de nouvelle demande, la dérogation antérieurement accordée est réputée caduque à la date d'ouverture du chantier ou de début des travaux. II. – Dans le cas où l'établissement remplit une mission de service public, le représentant de l'Etat dans le département ne peut accorder une dérogation que si une mesure de substitution est prévue. III. – La demande de dérogation est transmise en trois exemplaires au représentant de l'Etat dans le département. Elle indique les règles auxquelles le demandeur souhaite déroger, les éléments du projet auxquels elles s'appliquent, les justifications produites dont la nature est précisée par un arrêté du ministre chargé de la construction ainsi que les mesures de substitution proposées dans le cas où l'établissement remplit une mission de service public. Le représentant de l'Etat dans le département se prononce selon les modalités prévues à l'article R. 111-19-23 .",4142
https://w3id.org/semleg/legimaintlex/resource/document/code-de-la-construction-et-de-l-habitation-6c75c541a386/article/R111-19-11-LEGIARTI000039041228-109,R111-19-11-LEGIARTI000039041228-109,https://w3id.org/semleg/legimaintlex/resource/document/code-de-la-construction-et-de-l-habitation-6c75c541a386,LEGIARTI000039041228,R111-19-11,['Accessibilité handicapés'],2019-09-01,https://w3id.org/semleg/legimaintlex/resource/document/code-de-la-construction-et-de-l-habitation-6c75c541a386/article/R111-19-11-LEGIARTI000039041228-109/content,"I. - Un arrêté du ministre chargé de la construction, du ministre chargé des personnes handicapées et, le cas échéant, du ou des ministres intéressés détermine les conditions techniques d'application des articles R. 111-19-7 à R. 111-19-10. II. - Des arrêtés du ministre chargé de la construction et, selon le cas, du ministre chargé des sports ou du ministre chargé de la culture définissent, si nécessaire, les caractéristiques spécifiques applicables aux établissements recevant du public ou installations ouvertes au public suivants : a) Les enceintes sportives et les établissements de plein air ; b) Les établissements conçus en vue d'offrir au public une prestation visuelle ou sonore.",692
https://w3id.org/semleg/legimaintlex/resource/document/code-de-la-construction-et-de-l-habitation-6c75c541a386/article/R111-19-2-LEGIARTI000039041253-43,R111-19-2-LEGIARTI000039041253-43,https://w3id.org/semleg/legimaintlex/resource/document/code-de-la-construction-et-de-l-habitation-6c75c541a386,LEGIARTI000039041253,R111-19-2,['Accessibilité handicapés'],2019-09-01,https://w3id.org/semleg/legimaintlex/resource/document/code-de-la-construction-et-de-l-habitation-6c75c541a386/article/R111-19-2-LEGIARTI000039041253-43/content,"Est considéré comme accessible aux personnes handicapées tout bâtiment ou aménagement permettant, dans des conditions normales de fonctionnement, à des personnes handicapées, avec la plus grande autonomie possible, de circuler, d'accéder aux locaux et équipements, d'utiliser les équipements, de se repérer, de communiquer et de bénéficier des prestations en vue desquelles cet établissement ou cette installation a été conçu. Les conditions d'accès des personnes handicapées doivent être les mêmes que celles des personnes valides ou, à défaut, présenter une qualité d'usage équivalente. Le ministre chargé de la construction et le ministre chargé des personnes handicapées fixent, par arrêté, les obligations auxquelles doivent satisfaire les constructions et les aménagements propres à assurer l'accessibilité de ces établissements et de leurs abords en ce qui concerne les cheminements extérieurs, le stationnement des véhicules, les conditions d'accès et d'accueil dans les bâtiments, les circulations intérieures horizontales et verticales à l'intérieur des bâtiments, les locaux intérieurs et les sanitaires ouverts au publics, les portes et les sas intérieurs et les sorties, les revêtements des sols et des parois, ainsi que les équipements et mobiliers intérieurs et extérieurs susceptibles d'y être installés, notamment les dispositifs d'éclairage et d'information des usagers. Cet arrêté prévoit la possibilité pour le maître d'ouvrage de satisfaire à ces obligations par des solutions d'effet équivalent aux dispositions techniques de l'arrêté dès lors que ces solutions répondent aux objectifs poursuivis.",1619
https://w3id.org/semleg/legimaintlex/resource/document/code-de-la-construction-et-de-l-habitation-6c75c541a386/article/R111-19-27-LEGIARTI000006895971-170,R111-19-27-LEGIARTI000006895971-170,https://w3id.org/semleg/legimaintlex/resource/document/code-de-la-construction-et-de-l-habitation-6c75c541a386,LEGIARTI000006895971,R111-19-27,['Accessibilité handicapés'],2007-10-01,https://w3id.org/semleg/legimaintlex/resource/document/code-de-la-construction-et-de-l-habitation-6c75c541a386/article/R111-19-27-LEGIARTI000006895971-170/content,"A l'issue des travaux mentionnés aux sous-sections 1 à 5 et soumis au permis de construire prévu à l'article L. 421-1 du code de l'urbanisme, l'attestation prévue à l'article L. 111-7-4 est établie par un contrôleur technique titulaire d'un agrément l'habilitant à intervenir sur les bâtiments ou par un architecte, au sens de l'article 2 de la loi du 3 janvier 1977 sur l'architecture susvisée, qui ne peut être celui qui a conçu le projet, établi les plans ou signé la demande de permis de construire. L'attestation est jointe à la déclaration d'achèvement prévue par l'article R. 462-1 du code de l'urbanisme. Les personnes mentionnées à l'article R. 111-18-4 du présent code qui construisent ou améliorent un logement pour leur propre usage sont dispensées de fournir l'attestation prévue au premier alinéa. Un arrêté du ministre chargé de la construction détermine, en tant que de besoin, les modalités d'application du présent article.",941
https://w3id.org/semleg/legimaintlex/resource/document/code-de-la-construction-et-de-l-habitation-6c75c541a386/article/R111-19-3-LEGIARTI000039041250-44,R111-19-3-LEGIARTI000039041250-44,https://w3id.org/semleg/legimaintlex/resource/document/code-de-la-construction-et-de-l-habitation-6c75c541a386,LEGIARTI000039041250,R111-19-3,['Accessibilité handicapés'],2019-09-01,https://w3id.org/semleg/legimaintlex/resource/document/code-de-la-construction-et-de-l-habitation-6c75c541a386/article/R111-19-3-LEGIARTI000039041250-44/content,"Le ministre chargé de la construction, le ministre chargé des personnes handicapées et, le cas échéant, le ou les ministres intéressés fixent, par arrêté, les obligations particulières auxquelles doivent satisfaire, dans le but d'assurer leur accessibilité, les établissements et installations recevant du public assis, les établissements disposant de locaux d'hébergement ouverts au public, les établissements et installations comportant des douches, des cabines d'essayage, d'habillage ou de déshabillage et les établissements et installations comportant des caisses de paiement disposées en batterie. Cet arrêté prévoit la possibilité pour le maître d'ouvrage de satisfaire à ces obligations par des solutions d'effet équivalent aux dispositions techniques de l'arrêté dès lors que ces solutions répondent aux objectifs poursuivis.",834
https://w3id.org/semleg/legimaintlex/resource/document/code-de-la-construction-et-de-l-habitation-6c75c541a386/article/R111-19-31-LEGIARTI000029711499-151,R111-19-31-LEGIARTI000029711499-151,https://w3id.org/semleg/legimaintlex/resource/document/code-de-la-construction-et-de-l-habitation-6c75c541a386,LEGIARTI000029711499,R111-19-31,['Accessibilité handicapés'],2014-11-07,https://w3id.org/semleg/legimaintlex/resource/document/code-de-la-construction-et-de-l-habitation-6c75c541a386/article/R111-19-31-LEGIARTI000029711499-151/content,"Le préfet de département prend les décisions d'approbation d'un agenda d'accessibilité programmée et de prorogation des délais de dépôt de cet agenda prévues par l'article L. 111-7-6. Lorsqu'un agenda d'accessibilité programmée porte sur des établissements recevant du public ou des installations ouvertes au public situés dans plusieurs départements, ce préfet est désigné en application des dispositions du II de l'article L. 111-7-6. Le préfet qui a approuvé l'agenda d'accessibilité programmée prend les décisions relatives à la prorogation des délais de mise en œuvre de cet agenda prévue par l'article L. 111-7-8, aux sanctions prévues au premier alinéa de l'article L. 111-7-10 et à l'article L. 111-7-11 ainsi qu'à la procédure de carence prévue par ce dernier article. Les sanctions prévues par le second alinéa de l'article L. 111-7-10 sont prononcées par les autorités auxquelles les documents mentionnés audit alinéa auraient dû être transmis.",955
https://w3id.org/semleg/legimaintlex/resource/document/code-de-la-construction-et-de-l-habitation-6c75c541a386/article/R111-19-32-LEGIARTI000029711501-152,R111-19-32-LEGIARTI000029711501-152,https://w3id.org/semleg/legimaintlex/resource/document/code-de-la-construction-et-de-l-habitation-6c75c541a386,LEGIARTI000029711501,R111-19-32,['Accessibilité handicapés'],2014-11-07,https://w3id.org/semleg/legimaintlex/resource/document/code-de-la-construction-et-de-l-habitation-6c75c541a386/article/R111-19-32-LEGIARTI000029711501-152/content,"I.-Le propriétaire d'un établissement ou d'une installation soumis à l'obligation d'accessibilité est responsable de la transmission de l'attestation d'accessibilité prévue au dernier alinéa de l'article L. 111-7-3 ou du dépôt de la demande d'approbation de l'agenda d'accessibilité concernant cet établissement ou installation, ainsi que, le cas échéant, des demandes de prorogation des délais de dépôt et des délais de mise en œuvre de cet agenda. Il est également responsable de la transmission des éléments de suivi de l'agenda d'accessibilité programmée prévus à l'article R. 111-19-45 et de l'attestation d'achèvement de cet agenda prévue à l'article R. 111-19-46. II.-Ces obligations incombent toutefois à l'exploitant de l'établissement ou de l'installation lorsque le contrat de bail ou la convention de mise à disposition lui transfère les obligations de mise en accessibilité faites au propriétaire. III.-Lorsque plusieurs personnes s'engagent à participer, notamment financièrement, aux travaux et autres actions de mise en accessibilité prévus par un agenda d'accessibilité programmée, elles peuvent cosigner cet agenda, sans que cette circonstance ait pour effet d'exonérer le propriétaire ou l'exploitant des obligations qui lui sont faites par le présent article.",1279
https://w3id.org/semleg/legimaintlex/resource/document/code-de-la-construction-et-de-l-habitation-6c75c541a386/article/R111-19-33-LEGIARTI000029711505-153,R111-19-33-LEGIARTI000029711505-153,https://w3id.org/semleg/legimaintlex/resource/document/code-de-la-construction-et-de-l-habitation-6c75c541a386,LEGIARTI000029711505,R111-19-33,['Accessibilité handicapés'],2014-11-07,https://w3id.org/semleg/legimaintlex/resource/document/code-de-la-construction-et-de-l-habitation-6c75c541a386/article/R111-19-33-LEGIARTI000029711505-153/content,"I.-Pour l'application du dernier alinéa de l'article L. 111-7-3, la conformité d'un établissement recevant du public est appréciée au regard des règles d'accessibilité aux personnes handicapées prévues à la sous-section 4 de la présente section pour la construction d'un établissement recevant du public ou à la sous-section 5 de la même section applicable aux établissements recevant du public situés dans un cadre bâti existant et en vigueur au 31 décembre 2014. II.-Le document, prévu par le dernier alinéa de l'article L. 111-7-3, établissant la conformité d'un établissement aux exigences d'accessibilité est dit “ attestation d'accessibilité ”. Il précise la dénomination de l'établissement, sa catégorie et son type ainsi que le nom et l'adresse du propriétaire ou de l'exploitant et son numéro SIREN/ SIRET ou, à défaut, sa date de naissance. Il indique les pièces qui établissent la conformité, qui sont jointes, ou, pour les établissements recevant du public de cinquième catégorie, contient une déclaration sur l'honneur de cette conformité. Un arrêté du ministre chargé de la construction détermine les modalités de présentation de l'attestation. III.-L'attestation d'accessibilité des établissements conformes aux règles d'accessibilité au 31 décembre 2014 est transmise, par la personne responsable en application des dispositions du I et du II de l'article R. 111-19-32, au préfet du département dans lequel l'établissement ou l'installation est situé au plus tard le 1er mars 2015. IV.-Une copie de l'attestation est également adressée, par la personne responsable en application des dispositions du I et du II de l'article R. 111-19-32, à la commission pour l'accessibilité prévue à l'article L. 2143-3 du code général des collectivités territoriales de la commune d'implantation de l'établissement concerné, qui la transfère, le cas échéant, à la commission intercommunale compétente. V.-Est exonéré de l'obligation de transmettre une attestation d'accessibilité le propriétaire ou l'exploitant d'un établissement recevant du public qui prévoit soit de fermer cet établissement, soit de solliciter un changement de sa destination ayant pour effet de ne plus y recevoir du public, au plus tard le 27 septembre 2015.",2232
https://w3id.org/semleg/legimaintlex/resource/document/code-de-la-construction-et-de-l-habitation-6c75c541a386/article/R111-19-36-LEGIARTI000029711515-156,R111-19-36-LEGIARTI000029711515-156,https://w3id.org/semleg/legimaintlex/resource/document/code-de-la-construction-et-de-l-habitation-6c75c541a386,LEGIARTI000029711515,R111-19-36,['Accessibilité handicapés'],2014-11-07,https://w3id.org/semleg/legimaintlex/resource/document/code-de-la-construction-et-de-l-habitation-6c75c541a386/article/R111-19-36-LEGIARTI000029711515-156/content,"Le délai d'instruction de la demande d'approbation d'un agenda d'accessibilité programmée est de quatre mois à compter de la date de réception du dossier complet ou des pièces qui le complètent. Lorsque le dossier est incomplet, l'autorité à laquelle il est adressé indique, par lettre recommandée avec demande d'avis de réception dans le délai d'un mois à compter de la réception de la demande, les pièces manquantes et le délai imparti pour les produire, qui ne peut être supérieur à un mois.",494
https://w3id.org/semleg/legimaintlex/resource/document/code-de-la-construction-et-de-l-habitation-6c75c541a386/article/R111-19-37-LEGIARTI000029711517-157,R111-19-37-LEGIARTI000029711517-157,https://w3id.org/semleg/legimaintlex/resource/document/code-de-la-construction-et-de-l-habitation-6c75c541a386,LEGIARTI000029711517,R111-19-37,['Accessibilité handicapés'],2014-11-07,https://w3id.org/semleg/legimaintlex/resource/document/code-de-la-construction-et-de-l-habitation-6c75c541a386/article/R111-19-37-LEGIARTI000029711517-157/content,"I.-Lorsque le dossier de l'agenda d'accessibilité programmée est adressé au préfet de département ou au préfet compétent en application des dispositions du II de l'article L. 111-7-6, celui-ci sollicite, dans le mois qui suit le dépôt du dossier complet, l'avis de la commission d'accessibilité prévue à l'article R. 111-19-30 située dans son département sur le projet d'agenda. Lorsque ce dossier est accompagné d'une demande d'autorisation de travaux, le préfet sollicite, dans le même délai, les avis de la commission d'accessibilité prévue par l'article R. 111-19-30 sur l'agenda d'accessibilité programmée et sur la demande d'autorisation de construire, d'aménager ou de modifier un établissement recevant du public au regard des règles d'accessibilité des personnes handicapées, ainsi que l'avis de la commission de sécurité compétente en application des articles R. 123-34 à R. 123-39 sur cette demande d'autorisation au regard des règles de sécurité. Si la commission d'accessibilité ne s'est pas prononcée sur le projet d'agenda dans un délai de deux mois à compter de sa saisine, elle est réputée avoir émis un avis favorable. II.-Lorsque le dossier de l'agenda d'accessibilité programmée est adressé au maire, celui-ci le transmet au préfet de département ou au préfet compétent en application des dispositions du II de l'article L. 111-7-6 dans le mois qui suit le dépôt du dossier complet. Le maire est également chargé, dans le même délai, de solliciter les avis mentionnés au deuxième alinéa du I. L'avis de la commission d'accessibilité sur l'agenda est transmis sans délai au préfet de département ou au préfet compétent en application des dispositions du II de l'article L. 111-7-6, qui est également informé sans délai que cette commission, n'ayant pas rendu d'avis dans le délai imparti, est réputée avoir émis un avis favorable.",1849
https://w3id.org/semleg/legimaintlex/resource/document/code-de-la-construction-et-de-l-habitation-6c75c541a386/article/R111-19-38-LEGIARTI000029711521-158,R111-19-38-LEGIARTI000029711521-158,https://w3id.org/semleg/legimaintlex/resource/document/code-de-la-construction-et-de-l-habitation-6c75c541a386,LEGIARTI000029711521,R111-19-38,['Accessibilité handicapés'],2014-11-07,https://w3id.org/semleg/legimaintlex/resource/document/code-de-la-construction-et-de-l-habitation-6c75c541a386/article/R111-19-38-LEGIARTI000029711521-158/content,"I.-Un agenda d'accessibilité programmée ne peut être approuvé s'il ne contient pas la présentation de la programmation prévue par le 6° du I de l'article D. 111-19-34 ou n'est pas conforme à ces dispositions, ou, pour les agendas comprenant des établissements recevant du public de la première à la quatrième catégorie portant sur deux périodes de trois ans, si cette programmation ne fait pas apparaître une répartition des travaux et actions sur chaque année de chaque période pendant toute la durée de l'agenda.
II.-Lorsque l'agenda d'accessibilité programmée porte sur un seul établissement et une seule période, il ne peut être approuvé que si les travaux qui sont pour tout ou partie objet de la demande d'autorisation de construire, d'aménager ou de modifier un établissement recevant du public qui l'accompagne et les autres actions de mise en accessibilité prévus par l'agenda sont conformes aux règles d'accessibilité aux personnes handicapées édictées par la sous-section 5 de la présente section et aux règles de sécurité prescrites par les articles R. 123-1 à R. 123-21.
Dans les autres cas, l'agenda d'accessibilité programmée ne peut être approuvé que s'il ressort de la présentation des travaux et autres actions de mise en accessibilité à réaliser qu'ils devraient permettre d'assurer la conformité aux règles d'accessibilité aux personnes handicapées prévues pour l'aménagement ou la modification d'un établissement recevant du public par la sous-section 5 de la présente section.",1500
https://w3id.org/semleg/legimaintlex/resource/document/code-de-la-construction-et-de-l-habitation-6c75c541a386/article/R111-19-39-LEGIARTI000029711523-159,R111-19-39-LEGIARTI000029711523-159,https://w3id.org/semleg/legimaintlex/resource/document/code-de-la-construction-et-de-l-habitation-6c75c541a386,LEGIARTI000029711523,R111-19-39,['Accessibilité handicapés'],2014-11-07,https://w3id.org/semleg/legimaintlex/resource/document/code-de-la-construction-et-de-l-habitation-6c75c541a386/article/R111-19-39-LEGIARTI000029711523-159/content,"I.-Le bénéfice de la durée d'exécution d'un agenda d'accessibilité programmée de deux périodes de trois années chacune prévue par le II de l'article L. 111-7-7 peut être accordé aux établissements classés dans les première à quatrième catégories au sens de l'article R. 123-19.
Le bénéfice des durées d'exécution d'un agenda d'accessibilité programmée prévues par les III et IV de l'article L. 111-7-7 est accordé notamment quand l'analyse du dossier fait apparaître le dépassement des seuils déterminés par l'arrêté prévu par le VI de l'article D. 111-19-34. II.-Lorsque le dossier de demande d'approbation de l'agenda d'accessibilité programmée n'a pas été déposé dans le délai imparti, que ce délai résulte des dispositions générales ou d'une décision individuelle, et que ce retard n'est pas justifié, la durée du dépassement du délai imparti pour le dépôt de l'agenda est imputée sur la durée d'exécution de cet agenda.",925
https://w3id.org/semleg/legimaintlex/resource/document/code-de-la-construction-et-de-l-habitation-6c75c541a386/article/R111-19-4-LEGIARTI000039041247-45,R111-19-4-LEGIARTI000039041247-45,https://w3id.org/semleg/legimaintlex/resource/document/code-de-la-construction-et-de-l-habitation-6c75c541a386,LEGIARTI000039041247,R111-19-4,['Accessibilité handicapés'],2019-09-01,https://w3id.org/semleg/legimaintlex/resource/document/code-de-la-construction-et-de-l-habitation-6c75c541a386/article/R111-19-4-LEGIARTI000039041247-45/content,"Des arrêtés du ministre chargé de la construction et, selon le cas, du ministre chargé des sports ou du ministre chargé de la culture définissent, si nécessaire, les caractéristiques spécifiques applicables aux établissements recevant du public ou installations ouvertes au public suivants : a) Les enceintes sportives et les établissements de plein air ; b) Les établissements conçus en vue d'offrir au public une prestation visuelle ou sonore.",445
https://w3id.org/semleg/legimaintlex/resource/document/code-de-la-construction-et-de-l-habitation-6c75c541a386/article/R111-19-40-LEGIARTI000029711525-160,R111-19-40-LEGIARTI000029711525-160,https://w3id.org/semleg/legimaintlex/resource/document/code-de-la-construction-et-de-l-habitation-6c75c541a386,LEGIARTI000029711525,R111-19-40,['Accessibilité handicapés'],2014-11-07,https://w3id.org/semleg/legimaintlex/resource/document/code-de-la-construction-et-de-l-habitation-6c75c541a386/article/R111-19-40-LEGIARTI000029711525-160/content,"I. - La décision d'approbation ou de refus d'approbation d'un agenda d'accessibilité programmée est notifiée au propriétaire ou à l'exploitant qui a déposé la demande et est communiquée aux préfets intéressés lorsque l'agenda concerne des établissements ou installations implantés dans plusieurs départements, avec l'agenda ainsi approuvé, par voie électronique. II. - Lorsque la demande d'approbation d'un agenda d'accessibilité programmée est rejetée, l'autorité qui prend cette décision précise le délai laissé pour présenter une nouvelle demande, qui ne peut excéder six mois. III. - Le défaut de notification d'une décision sur la demande d'approbation d'un agenda d'accessibilité programmée à l'expiration du délai de quatre mois vaut approbation implicite sauf dans le cas où une dérogation à la durée d'exécution de droit commun a été sollicitée sur le fondement des III et IV de l'article L. 111-7-7.",909
https://w3id.org/semleg/legimaintlex/resource/document/code-de-la-construction-et-de-l-habitation-6c75c541a386/article/R111-19-41-LEGIARTI000029711527-161,R111-19-41-LEGIARTI000029711527-161,https://w3id.org/semleg/legimaintlex/resource/document/code-de-la-construction-et-de-l-habitation-6c75c541a386,LEGIARTI000029711527,R111-19-41,['Accessibilité handicapés'],2014-11-07,https://w3id.org/semleg/legimaintlex/resource/document/code-de-la-construction-et-de-l-habitation-6c75c541a386/article/R111-19-41-LEGIARTI000029711527-161/content,"Le préfet ayant statué sur la demande d'agenda tient à jour, sur le site internet de la préfecture, un document retraçant les demandes d'approbation enregistrées, les établissements recevant du public et les installations ouvertes au public concernés, la décision prise ainsi que la durée octroyée pour mettre en œuvre l'agenda et, le cas échéant, les modifications dont ce dernier a fait l'objet.",397
https://w3id.org/semleg/legimaintlex/resource/document/code-de-la-construction-et-de-l-habitation-6c75c541a386/article/R111-19-42-LEGIARTI000029711531-162,R111-19-42-LEGIARTI000029711531-162,https://w3id.org/semleg/legimaintlex/resource/document/code-de-la-construction-et-de-l-habitation-6c75c541a386,LEGIARTI000029711531,R111-19-42,['Accessibilité handicapés'],2014-11-07,https://w3id.org/semleg/legimaintlex/resource/document/code-de-la-construction-et-de-l-habitation-6c75c541a386/article/R111-19-42-LEGIARTI000029711531-162/content,"I.-La demande de prorogation des délais de dépôt de l'agenda d'accessibilité programmée prévue au I de l'article L. 111-7-6 et la demande de prorogation des délais d'exécution de cet agenda ainsi que le renouvellement de cette demande prévus à l'article L. 111-7-8 sont faits par le propriétaire ou l'exploitant au plus tard trois mois avant l'expiration du délai imparti soit pour déposer l'agenda, soit pour achever l'exécution de celui-ci.
II.-La demande est adressée, par pli recommandé avec demande d'avis de réception, au préfet de département ou au préfet compétent en application des dispositions du II de l'article L. 111-7-6 pour approuver l'agenda lorsqu'elle a pour objet la prorogation du délai de dépôt de l'agenda et au préfet qui a approuvé l'agenda lorsqu'elle a pour objet la prorogation des délais d'exécution de cet agenda ainsi que le renouvellement de cette prorogation.
III.-Le contenu du dossier de la demande de prorogation des délais de dépôt ou d'exécution de l'agenda est fixé par un arrêté du ministre chargé de la construction et du ministre chargé des finances qui précise notamment les éléments de justification des difficultés financières qui peuvent être apportés à l'appui de la demande et prévoit que le cas de force majeure et les difficultés techniques ou administratives sont établis par tous éléments utiles.",1350
https://w3id.org/semleg/legimaintlex/resource/document/code-de-la-construction-et-de-l-habitation-6c75c541a386/article/R111-19-43-LEGIARTI000029711533-163,R111-19-43-LEGIARTI000029711533-163,https://w3id.org/semleg/legimaintlex/resource/document/code-de-la-construction-et-de-l-habitation-6c75c541a386,LEGIARTI000029711533,R111-19-43,['Accessibilité handicapés'],2014-11-07,https://w3id.org/semleg/legimaintlex/resource/document/code-de-la-construction-et-de-l-habitation-6c75c541a386/article/R111-19-43-LEGIARTI000029711533-163/content,"Le délai d'instruction de la demande de prorogation des délais de dépôt ou d'exécution d'un agenda d'accessibilité programmée est de trois mois à compter de la date de réception du dossier complet ou des pièces qui le complètent. Lorsque le dossier est incomplet, l'autorité à laquelle il est adressé indique, par lettre recommandée avec demande d'avis de réception dans le délai d'un mois à compter de la réception de la demande, les pièces manquantes et le délai imparti pour les produire, qui ne peut être supérieur à un mois. Le bénéfice de la prorogation de la durée d'exécution d'un agenda d'accessibilité programmée de douze mois prévue par le second alinéa de l'article L. 111-7-8 est accordé notamment quand l'analyse du dossier fait apparaître le dépassement des seuils déterminés par l'arrêté prévu par le VI de l'article D. 111-19-34.",846
https://w3id.org/semleg/legimaintlex/resource/document/code-de-la-construction-et-de-l-habitation-6c75c541a386/article/R111-19-44-LEGIARTI000029711535-164,R111-19-44-LEGIARTI000029711535-164,https://w3id.org/semleg/legimaintlex/resource/document/code-de-la-construction-et-de-l-habitation-6c75c541a386,LEGIARTI000029711535,R111-19-44,['Accessibilité handicapés'],2014-11-07,https://w3id.org/semleg/legimaintlex/resource/document/code-de-la-construction-et-de-l-habitation-6c75c541a386/article/R111-19-44-LEGIARTI000029711535-164/content,"La décision d'accorder une prorogation de délai précise la durée octroyée. A défaut de notification d'une décision explicite du préfet dans le délai de trois mois à compter de la date à laquelle il a reçu la demande, la demande de prorogation est réputée rejetée. Les décisions de prorogation de délai sont enregistrées sur le document relatif aux agendas d'accessibilité programmée disponible sur le site internet de la préfecture prévu par l'article R. 111-19-41.",465
https://w3id.org/semleg/legimaintlex/resource/document/code-de-la-construction-et-de-l-habitation-6c75c541a386/article/R111-19-47-LEGIARTI000029711545-167,R111-19-47-LEGIARTI000029711545-167,https://w3id.org/semleg/legimaintlex/resource/document/code-de-la-construction-et-de-l-habitation-6c75c541a386,LEGIARTI000029711545,R111-19-47,['Accessibilité handicapés'],2014-11-07,https://w3id.org/semleg/legimaintlex/resource/document/code-de-la-construction-et-de-l-habitation-6c75c541a386/article/R111-19-47-LEGIARTI000029711545-167/content,"Lorsqu'un établissement recevant du public ne répond pas aux conditions prévues par l'article L. 111-7-3 pour faire l'objet d'une attestation d'accessibilité mais, postérieurement au 31 décembre 2014, devient conforme, après la réalisation de travaux, aux règles d'accessibilité applicables à la date à laquelle l'autorisation de travaux a été obtenue ou, le cas échéant sans nécessiter d'actions de mise en compatibilité, aux règles d'accessibilité applicables à la date du 27 septembre 2015, le propriétaire ou l'exploitant adresse, par courrier recommandé avec demande d'avis de réception, au plus tard à cette date, au préfet de département ou au préfet désigné en application du II de l'article L. 111-7-6 un document dont le dépôt tient lieu du dépôt de l'agenda d'accessibilité programmée prévu par l'article L. 111-7-3. Ce document contient le nom et l'adresse du demandeur ainsi que son numéro SIREN/ SIRET ou, à défaut, sa date de naissance, la dénomination de l'établissement recevant du public ainsi que la catégorie et le type d'établissement, s'il y a lieu la présentation de la nature des travaux et actions réalisés pour mettre en conformité l'établissement et sa situation actuelle au regard des obligations définies à la sous-section 5 de la présente section. Il est accompagné de toutes pièces justificatives, ou, à défaut, pour un établissement recevant du public de la cinquième catégorie, d'une déclaration sur l'honneur de cette conformité. Une copie du document est adressée à la commission pour l'accessibilité prévue à l'article L. 2143-3 du code général des collectivités territoriales de la commune d'implantation de l'établissement concerné, qui la transfère, le cas échéant, à la commission intercommunale compétente. Lorsque le préfet estime insuffisamment probantes les pièces produites, il peut demander des éléments supplémentaires, qui lui sont adressés dans les deux mois suivant sa demande. Ce document est approuvé dans un délai de deux mois à compter de la date de sa réception ou de celle des pièces qui le complètent. S'il est approuvé, il tient lieu d'agenda d'accessibilité programmée. S'il n'est pas approuvé, la décision précise le délai laissé pour présenter un agenda d'accessibilité programmée, qui ne peut excéder six mois. Sont seules applicables à ce document les dispositions du présent article, à l'exclusion de toutes autres dispositions de la présente sous-section.",2420
https://w3id.org/semleg/legimaintlex/resource/document/code-de-la-construction-et-de-l-habitation-6c75c541a386/article/R111-19-60-LEGIARTI000039047437-219,R111-19-60-LEGIARTI000039047437-219,https://w3id.org/semleg/legimaintlex/resource/document/code-de-la-construction-et-de-l-habitation-6c75c541a386,LEGIARTI000039047437,R111-19-60,['Accessibilité handicapés'],2019-09-01,https://w3id.org/semleg/legimaintlex/resource/document/code-de-la-construction-et-de-l-habitation-6c75c541a386/article/R111-19-60-LEGIARTI000039047437-219/content,"L'exploitant de tout établissement recevant du public au sens de l'article R. 123-2 élabore le registre public d'accessibilité prévu à l'article L. 111-7-3 . Celui-ci précise les dispositions prises pour permettre à tous, notamment aux personnes handicapées, quel que soit leur handicap, de bénéficier des prestations en vue desquelles cet établissement a été conçu. Le registre contient : 1° Une information complète sur les prestations fournies dans l'établissement ; 2° La liste des pièces administratives et techniques relatives à l'accessibilité de l'établissement aux personnes handicapées ; 3° La description des actions de formation des personnels chargés de l'accueil des personnes handicapées et leurs justificatifs. Les modalités du registre portent sur sa mise à disposition de l'ensemble du public et sur sa mise à jour régulière. Pour les points d'arrêt des services de transport collectif relevant du régime des établissements recevant du public et qui sont soumis aux dispositions de l'article L. 111-7-3, le registre public d'accessibilité peut porter sur l'ensemble d'une ligne ou d'un réseau. Un arrêté du ministre chargé de la construction et, le cas échéant, du ministre chargé des transports, précise le contenu et les modalités du registre public d'accessibilité, selon la catégorie et le type de l'établissement, en distinguant, d'une part, les catégories 1 à 4, d'autre part, la catégorie 5.",1416
https://w3id.org/semleg/legimaintlex/resource/document/code-de-la-construction-et-de-l-habitation-6c75c541a386/article/R111-19-7-LEGIARTI000034313261-105,R111-19-7-LEGIARTI000034313261-105,https://w3id.org/semleg/legimaintlex/resource/document/code-de-la-construction-et-de-l-habitation-6c75c541a386,LEGIARTI000034313261,R111-19-7,['Accessibilité handicapés'],2017-03-31,https://w3id.org/semleg/legimaintlex/resource/document/code-de-la-construction-et-de-l-habitation-6c75c541a386/article/R111-19-7-LEGIARTI000034313261-105/content,"I. – La présente sous-section est applicable aux établissements recevant du public existants ou créés dans un cadre bâti existant et aux installations ouvertes au public existantes. II. – Est considéré comme accessible aux personnes handicapées un établissement recevant du public existant ou créé dans un cadre bâti existant ou une installation ouverte au public existante permettant, dans des conditions normales de fonctionnement, à des personnes handicapées, avec la plus grande autonomie possible, de circuler, d'accéder aux locaux et équipements, d'utiliser les équipements, de se repérer, de communiquer et de bénéficier des prestations en vue desquelles cet établissement ou cette installation a été conçu. Les conditions d'accès des personnes handicapées doivent être les mêmes que celles des personnes valides ou, à défaut, présenter une qualité d'usage équivalente. III. – Le ministre chargé de la construction fixe, par arrêté, les obligations auxquelles doivent satisfaire les constructions et les aménagements propres à assurer l'accessibilité de ces établissements et de leurs abords en ce qui concerne les cheminements extérieurs, le stationnement des véhicules, les conditions d'accès et d'accueil dans les bâtiments, les circulations horizontales et verticales à l'intérieur des bâtiments, les locaux intérieurs et les sanitaires ouverts au public, les portes et les sas intérieurs et les sorties, les revêtements des sols et des parois ainsi que les équipements et mobiliers intérieurs et extérieurs susceptibles d'y être installés, notamment les dispositifs d'éclairage et d'information des usagers. Cet arrêté prévoit la possibilité pour le maître d'ouvrage de satisfaire à ces obligations par des solutions d'effet équivalent aux dispositions techniques de l'arrêté dès lors que celles-ci répondent aux objectifs poursuivis. Il prévoit également des conditions particulières d'application des règles qu'il édicte lorsque les contraintes liées à la structure du bâtiment l'imposent. IV. – Le ministre chargé de la construction et, le cas échéant, le ou les ministres intéressés fixent, par arrêté, les obligations particulières auxquelles doivent satisfaire, dans le but d'assurer leur accessibilité, les établissements et installations recevant du public assis, les établissements disposant de locaux d'hébergement ouverts au public, les établissements et installations comportant des douches, des cabines d'essayage, d'habillage ou de déshabillage ou des espaces à usage individuel et les établissements et installations comportant des caisses de paiement disposées en batterie. Cet arrêté prévoit la possibilité pour le maître d'ouvrage de satisfaire à ces obligations par des solutions d'effet équivalent aux dispositions techniques de l'arrêté dès lors que ces solutions répondent aux objectifs poursuivis.",2832
https://w3id.org/semleg/legimaintlex/resource/document/code-de-la-construction-et-de-l-habitation-6c75c541a386/article/R111-19-8-LEGIARTI000039041237-106,R111-19-8-LEGIARTI000039041237-106,https://w3id.org/semleg/legimaintlex/resource/document/code-de-la-construction-et-de-l-habitation-6c75c541a386,LEGIARTI000039041237,R111-19-8,['Accessibilité handicapés'],2019-09-01,https://w3id.org/semleg/legimaintlex/resource/document/code-de-la-construction-et-de-l-habitation-6c75c541a386/article/R111-19-8-LEGIARTI000039041237-106/content,"I.-Les travaux de modification ou d'extension, réalisés dans les établissements recevant du public existants ou créés dans un cadre bâti existant et les installations ouvertes au public existantes doivent être tels que : a) S'ils sont réalisés à l'intérieur des volumes ou surfaces existants, ils permettent au minimum de maintenir les conditions d'accessibilité existantes ; b) S'ils entraînent la construction de surfaces ou de volumes nouveaux à l'intérieur du cadre bâti existant, les parties de bâtiments ainsi créées respectent les dispositions prévues à l'article R. 111-19-7 . II.-Les établissements recevant du public existants ou créés dans un cadre bâti existant autres que ceux de cinquième catégorie au sens de l'article R. 123-19 doivent être rendus accessibles aux personnes handicapées, quel que soit leur handicap, conformément aux dispositions du III de l'article R. 111-19-7. Toutefois, la conformité des établissements pour lesquels des travaux de mise en accessibilité ont été autorisés avant la date d'entrée en vigueur de l'arrêté prévu au III de l'article R. 111-19-7, est appréciée au regard du a du II de l'article R. 111-19-8 en vigueur jusqu'à cette date. En cas de modifications ou de renouvellement d'équipements dans ces établissements, l'opération est réalisée en assurant la conformité des éléments du bâtiment ou des équipements qui en font l'objet aux règles d'accessibilité prévues par l'article R. 111-19-7 qui leur sont applicables. III.-Les établissements recevant du public existants ou créés dans un cadre bâti existant classés en cinquième catégorie ainsi que les installations ouvertes au public existantes doivent satisfaire aux obligations suivantes : a) Une partie du bâtiment ou de l'installation assure l'accessibilité des personnes handicapées, quel que soit leur handicap, à l'ensemble des prestations en vue desquelles l'établissement ou l'installation est conçu. Toutefois, une partie des prestations peut être fournie par des mesures de substitution. La partie considérée du bâtiment doit être la plus proche possible de l'entrée principale ou d'une des entrées principales et doit être desservie par un cheminement usuel ; b) En cas de modifications dans des parties de bâtiment ou d'installation rendues accessibles conformément aux règles applicables avant le [date d'entrée en vigueur du présent décret], l'opération est réalisée en assurant la conformité des éléments du bâtiment qui en font l'objet aux règles d'accessibilité prévues par l'article R. 111-19-7 qui leur sont applicables. Il en va de même lorsque les modifications sont réalisées dans les parties de bâtiment ou d'installation qui, situées au même niveau que ces parties accessibles, leur sont contiguës. En cas de modifications dans des parties du bâtiment autres que celles visées aux deux alinéas précédents, l'opération est réalisée en améliorant l'accessibilité pour les personnes présentant une déficience autre que motrice. IV.-Les établissements recevant du public existants, faisant partie de réseaux souterrains de transports ferroviaires et de transports guidés ne sont pas soumis aux dispositions du II et du III ci-dessus, dès lors qu'ils respectent les conditions fixées au sixième alinéa de l'article 45 de la loi n° 2005-102 du 11 février 2005.",3284
https://w3id.org/semleg/legimaintlex/resource/document/code-de-la-construction-et-de-l-habitation-6c75c541a386/article/R111-19-9-LEGIARTI000039041232-107,R111-19-9-LEGIARTI000039041232-107,https://w3id.org/semleg/legimaintlex/resource/document/code-de-la-construction-et-de-l-habitation-6c75c541a386,LEGIARTI000039041232,R111-19-9,['Accessibilité handicapés'],2019-09-01,https://w3id.org/semleg/legimaintlex/resource/document/code-de-la-construction-et-de-l-habitation-6c75c541a386/article/R111-19-9-LEGIARTI000039041232-107/content,"Les établissements recevant du public existants classés dans les quatre premières catégories au sens de l'article R. 123-19 font l'objet, à l'initiative de l'administration intéressée ou de l'exploitant, d'un diagnostic de leurs conditions d'accessibilité selon les modalités suivantes : a) Au plus tard le 1er janvier 2010, sous réserve des dispositions du b ci-dessous, pour les établissements classés en 1re et 2e catégories et les établissements classés en 3e et 4e catégories appartenant à l'Etat ou à ses établissements publics, ou dont l'Etat assure contractuellement la charge de propriété ; b) Au plus tard le 1er janvier 2011, pour les établissements classés en 3e et 4e catégories à l'exception de ceux mentionnés au a et pour l'ensemble des établissements mentionnés à l'article R. 111-19-12 classés dans les quatre premières catégories au sens de l'article R. 123-19 ; Le diagnostic, établi par une personne pouvant justifier auprès du maître d'ouvrage d'une formation ou d'une compétence en matière d'accessibilité du cadre bâti, analyse d'une part la situation de l'établissement au regard des obligations définies par la présente sous-section et établit d'autre part à titre indicatif une estimation du coût des travaux nécessaires pour satisfaire ces obligations. Le schéma directeur d'accessibilité des services de transports prévu à l'article 45 de la loi n° 2005-102 du 11 février 2005 vaut diagnostic au sens du présent article.",1449
https://w3id.org/semleg/legimaintlex/resource/document/code-de-la-construction-et-de-l-habitation-6c75c541a386/article/R111-19-LEGIARTI000029714009-41,R111-19-LEGIARTI000029714009-41,https://w3id.org/semleg/legimaintlex/resource/document/code-de-la-construction-et-de-l-habitation-6c75c541a386,LEGIARTI000029714009,R111-19,['Accessibilité handicapés'],2014-11-07,https://w3id.org/semleg/legimaintlex/resource/document/code-de-la-construction-et-de-l-habitation-6c75c541a386/article/R111-19-LEGIARTI000029714009-41/content,La présente sous-section est applicable lors de la construction d'établissements recevant du public et l'aménagement d'installations ouvertes au public.,152
https://w3id.org/semleg/legimaintlex/resource/document/code-de-la-construction-et-de-l-habitation-6c75c541a386/article/R123-22-LEGIARTI000036017764-187,R123-22-LEGIARTI000036017764-187,https://w3id.org/semleg/legimaintlex/resource/document/code-de-la-construction-et-de-l-habitation-6c75c541a386,LEGIARTI000036017764,R123-22,['Accessibilité handicapés'],2018-01-01,https://w3id.org/semleg/legimaintlex/resource/document/code-de-la-construction-et-de-l-habitation-6c75c541a386/article/R123-22-LEGIARTI000036017764-187/content,"Le dossier permettant de vérifier la conformité d'un établissement recevant le public avec les règles de sécurité, prévu par le b de l'article R. 111-19-17, comprend les pièces suivantes : 1° Une notice descriptive précisant les matériaux utilisés tant pour le gros œuvre que pour la décoration et les aménagements intérieurs ; 2° Un ou plusieurs plans indiquant les largeurs des passages affectés à la circulation du public, tels que dégagements, escaliers, sorties, la ou les solutions retenues pour l'évacuation de chaque niveau de la construction en tenant compte des différents types et situations de handicap ainsi que les caractéristiques des éventuels espaces d'attente sécurisés ; 3° Le cas échéant, le certificat de vérification de la mise en place effective des mesures de protection d'une canalisation de transport prévu au IV de l'article R. 555-31 du code de l'environnement. Ces plans et tracés de même que leur présentation doivent être conformes aux normes en vigueur. Un arrêté du ministre chargé de la sécurité civile précise, en tant que de besoin, le contenu des documents.",1094
https://w3id.org/semleg/legimaintlex/resource/document/code-de-la-construction-et-de-l-habitation-6c75c541a386/article/R125-5-LEGIARTI000043818513-3495,R125-5-LEGIARTI000043818513-3495,https://w3id.org/semleg/legimaintlex/resource/document/code-de-la-construction-et-de-l-habitation-6c75c541a386,LEGIARTI000043818513,R125-5,['Portes et portails'],2021-07-01,https://w3id.org/semleg/legimaintlex/resource/document/code-de-la-construction-et-de-l-habitation-6c75c541a386/article/R125-5-LEGIARTI000043818513-3495/content,"Les demandes d'octroi, de modification ou de renouvellement d'agrément doivent être accompagnées d'un dossier comportant les indications suivantes : 1° Les nom, prénoms, nationalité et domicile du demandeur ou, si la demande émane d'une personne morale, sa nature, son siège, sa nationalité, son objet et les nom, prénoms, nationalité et domicile de chacun des administrateurs et des membres du personnel de direction ; 2° La justification de la compétence théorique et de l'expérience pratique du personnel de direction, l'organisation interne de la direction technique, les règles d'assistance aux services opérationnels chargés effectivement du contrôle et les critères d'embauche ou d'affectation des agents ; 3° L'engagement du demandeur de respecter les prescriptions de l'article R. 125-4 ; 4° L'engagement du demandeur de porter sans délai à la connaissance de l'administration toute modification des renseignements figurant au dossier de la demande ; 5° Le cas échéant, la liste des agréments administratifs dont bénéficie le demandeur dans le domaine de la construction et la référence des missions de contrôle technique qu'il a exercées antérieurement ; 6° L'étendue de l'agrément sollicité en se référant à la nomenclature mentionnée à l'article R. 125-3.",1267
https://w3id.org/semleg/legimaintlex/resource/document/code-des-transports-4989f33fb474/article/D1112-1-LEGIARTI000031212993-420,D1112-1-LEGIARTI000031212993-420,https://w3id.org/semleg/legimaintlex/resource/document/code-des-transports-4989f33fb474,LEGIARTI000031212993,D1112-1,['Accessibilité handicapés'],2015-09-25,https://w3id.org/semleg/legimaintlex/resource/document/code-des-transports-4989f33fb474/article/D1112-1-LEGIARTI000031212993-420/content,"Constituent le matériel roulant mentionné à l'article L. 1112-3 : 1° Les véhicules routiers acquis à l'occasion de la création ou de l'extension de services publics de transports urbains ou non urbains de personnes, réguliers ou à la demande, ou du renouvellement du parc utilisé pour ces services, qu'il s'agisse d'autobus, d'autocars ou de tous autres véhicules automobiles ; 2° Les rames des systèmes de transport ferroviaire ou guidé au sens de l'article L. 2000-1 acquis en vue de leur mise en service en application des dispositions de l'article L. 1613-1 ou faisant l'objet d'une modification substantielle au sens de cette même disposition ; 3° Les véhicules routiers acquis à l'occasion de la création ou de l'extension de services librement organisés mentionnés à l'article L. 3111-17, ou du renouvellement du parc utilisé pour ces services, qu'il s'agisse d'autocars ou de tous autres véhicules automobiles.",918
https://w3id.org/semleg/legimaintlex/resource/document/code-des-transports-4989f33fb474/article/D1112-10-LEGIARTI000029712714-430,D1112-10-LEGIARTI000029712714-430,https://w3id.org/semleg/legimaintlex/resource/document/code-des-transports-4989f33fb474,LEGIARTI000029712714,D1112-10,['Accessibilité handicapés'],2014-11-07,https://w3id.org/semleg/legimaintlex/resource/document/code-des-transports-4989f33fb474/article/D1112-10-LEGIARTI000029712714-430/content,"I. - Pour les transports publics routiers urbains et non urbains de personnes en dehors de l'Ile-de-France, un point d'arrêt ou une gare est prioritaire au sens de l'article L. 1112-1 dès lors qu'il répond à au moins l'une des conditions suivantes : 1° Il est situé sur une ligne structurante d'un réseau de transport public urbain ; 2° Il est desservi par au moins deux lignes de transport public ; 3° Il constitue un pôle d'échanges ; 4° Il est situé dans un rayon de 200 mètres autour d'un pôle générateur de déplacements ou d'une structure d'accueil pour personnes handicapées ou personnes âgées. II. - Lorsque l'application des critères définis au I ne conduit pas à identifier un point d'arrêt ou gare prioritaire dans une commune desservie, l'autorité organisatrice de transport détermine : - pour les réseaux urbains, au moins un point d'arrêt à rendre accessible dans la commune ; - pour les réseaux non urbains, au moins un point d'arrêt à rendre accessible dans la principale zone agglomérée de la commune, dès lors que cette zone est desservie et que la population de la commune est supérieure à 1 000 habitants.",1124
https://w3id.org/semleg/legimaintlex/resource/document/code-des-transports-4989f33fb474/article/D1112-11-LEGIARTI000042229889-431,D1112-11-LEGIARTI000042229889-431,https://w3id.org/semleg/legimaintlex/resource/document/code-des-transports-4989f33fb474,LEGIARTI000042229889,D1112-11,['Accessibilité handicapés'],2020-08-09,https://w3id.org/semleg/legimaintlex/resource/document/code-des-transports-4989f33fb474/article/D1112-11-LEGIARTI000042229889-431/content,"I.-Pour les transports publics routiers de personnes dans la région Ile-de-France, un point d'arrêt ou une gare est prioritaire au sens de l'article L. 1112-1 dès lors qu'il est situé sur l'une des lignes définies comme prioritaires par Ile-de-France Mobilités en tenant compte de la fréquentation, de l'organisation du réseau de transport et de la desserte du territoire et qu'il répond à au moins l'une des conditions suivantes : 1° Il est desservi par au moins deux lignes de transport public ; 2° Il constitue un pôle d'échanges ; 3° Il est situé dans un rayon de 200 mètres autour d'un pôle générateur de déplacements ou d'une structure d'accueil pour personnes handicapées ou personnes âgées. II.-Lorsque l'application des conditions prévues au I n'aboutit pas à rendre prioritaires au moins 70 % des arrêts de la ligne en cause, Ile-de-France Mobilités détermine un ou plusieurs points d'arrêt à rendre accessibles afin d'atteindre ce seuil.",948
https://w3id.org/semleg/legimaintlex/resource/document/code-des-transports-4989f33fb474/article/D1112-12-LEGIARTI000029712718-432,D1112-12-LEGIARTI000029712718-432,https://w3id.org/semleg/legimaintlex/resource/document/code-des-transports-4989f33fb474,LEGIARTI000029712718,D1112-12,['Accessibilité handicapés'],2014-11-07,https://w3id.org/semleg/legimaintlex/resource/document/code-des-transports-4989f33fb474/article/D1112-12-LEGIARTI000029712718-432/content,"I.-Pour les transports ferroviaires et pour les services de transport empruntant les lignes du réseau express régional d'Ile-de-France, un point d'arrêt existant ou une gare existante est prioritaire au sens de l'article L. 1112-1 , s'il n'appartient pas aux réseaux souterrains remplissant les conditions fixées par l'article L. 1112-5 et s'il répond au moins à l'une des conditions suivantes : 1° La fréquentation y est supérieure à 5 000 voyageurs par jour en Ile-de-France et 1 000 voyageurs par jour hors Ile-de-France ; 2° Il est situé dans un rayon de 200 mètres autour d'une structure d'accueil pour personnes handicapées ou personnes âgées. La mise en accessibilité des points d'arrêt prioritaires ainsi identifiés s'effectue sans préjudice de l'application aux infrastructures existantes des dispositions du point 7.3.1 de l'annexe de la décision 2008/164/ CE de la Commission du 21 décembre 2007 sur la spécification technique d'interopérabilité relative aux personnes à mobilité réduite dans le système ferroviaire transeuropéen conventionnel et à grande vitesse. II.-Lorsque l'application des conditions prévues au I ne permet pas de répondre à l'objectif que tout point d'arrêt ferroviaire non accessible se situe à moins de 50 kilomètres, sur la même ligne, d'un point d'arrêt ferroviaire accessible, l'autorité organisatrice de transport ou, en l'absence d'une telle autorité, l'Etat, détermine un point d'arrêt à rendre accessible afin d'atteindre cet objectif.",1478
https://w3id.org/semleg/legimaintlex/resource/document/code-des-transports-4989f33fb474/article/D1112-13-LEGIARTI000029712720-433,D1112-13-LEGIARTI000029712720-433,https://w3id.org/semleg/legimaintlex/resource/document/code-des-transports-4989f33fb474,LEGIARTI000029712720,D1112-13,['Accessibilité handicapés'],2014-11-07,https://w3id.org/semleg/legimaintlex/resource/document/code-des-transports-4989f33fb474/article/D1112-13-LEGIARTI000029712720-433/content,"Pour les transports publics guidés, tous les points d'arrêt et gares qui n'appartiennent pas aux réseaux souterrains remplissant les conditions fixées par l'article L. 1112-5 sont prioritaires au sens de l'article L. 1112-1 , à l'exception de ceux qui sont desservis par les services de transport empruntant les lignes du réseau express régional d'Ile-de-France.",362
https://w3id.org/semleg/legimaintlex/resource/document/code-des-transports-4989f33fb474/article/D1112-14-LEGIARTI000029712722-434,D1112-14-LEGIARTI000029712722-434,https://w3id.org/semleg/legimaintlex/resource/document/code-des-transports-4989f33fb474,LEGIARTI000029712722,D1112-14,['Accessibilité handicapés'],2014-11-07,https://w3id.org/semleg/legimaintlex/resource/document/code-des-transports-4989f33fb474/article/D1112-14-LEGIARTI000029712722-434/content,"L'autorité organisatrice de transport compétente ou l'Etat consulte des associations de personnes handicapées ou dont la mobilité est réduite et, le cas échéant, les gestionnaires de la voirie, des points d'arrêt ferroviaires et de toute autre infrastructure concernée ainsi que les autres autorités organisatrices de transport intéressées, sur le projet de liste comportant l'ensemble des arrêts ainsi identifiés, avant de le soumettre à l'approbation de son organe délibérant ou de fixer la liste par arrêté.",510
https://w3id.org/semleg/legimaintlex/resource/document/code-des-transports-4989f33fb474/article/D1112-15-LEGIARTI000029712724-435,D1112-15-LEGIARTI000029712724-435,https://w3id.org/semleg/legimaintlex/resource/document/code-des-transports-4989f33fb474,LEGIARTI000029712724,D1112-15,['Accessibilité handicapés'],2014-11-07,https://w3id.org/semleg/legimaintlex/resource/document/code-des-transports-4989f33fb474/article/D1112-15-LEGIARTI000029712724-435/content,"La mise en accessibilité aux personnes handicapées ou dont la mobilité est réduite, d'un point d'arrêt routier est considérée comme techniquement impossible notamment lorsque la voirie qui supporte le point d'arrêt présente une pente supérieure à 5 % ou que l'emprise de ce point d'arrêt est trop étroite pour permettre le respect de la distance minimale de 1,50 m prévue pour le retournement de la personne en fauteuil roulant sur le point d'arrêt une fois la rampe déployée, et qu'aucune autre solution technique, tel le déplacement du point d'arrêt, ne permettrait sa mise en accessibilité sans nuire à la sécurité des usagers.",630
https://w3id.org/semleg/legimaintlex/resource/document/code-des-transports-4989f33fb474/article/D1112-2-LEGIARTI000033551952-421,D1112-2-LEGIARTI000033551952-421,https://w3id.org/semleg/legimaintlex/resource/document/code-des-transports-4989f33fb474,LEGIARTI000033551952,D1112-2,['Accessibilité handicapés'],2017-01-01,https://w3id.org/semleg/legimaintlex/resource/document/code-des-transports-4989f33fb474/article/D1112-2-LEGIARTI000033551952-421/content,"Sans préjudice du respect du délai fixé par l'article L. 1112-1 pour la mise en accessibilité des services de transport public terrestre de personnes, les dispositions du présent chapitre ne concernent pas le matériel roulant défini par l'article D. 1112-1 ayant fait l'objet d'une commande ferme conclue antérieurement aux dates suivantes : 1° Le 12 mai 2007 pour les autobus et les autocars affectés à des services réguliers et ceux affectés à des services à la demande de transport routier de personnes définis aux articles R. 3111-1 et R. 3111-2 ; 2° Le 14 août 2008 pour les rames circulant sur le réseau ferré national compris dans le système ferroviaire transeuropéen à grande vitesse et conventionnel au sens de l'article 31 du décret n° 2006-1279 du 19 octobre 2006 relatif à la sécurité des circulations ferroviaires et à l'interopérabilité du système ferroviaire ; 3° Le 24 juillet 2009 pour les rames circulant sur les systèmes de transport public guidé urbain, y compris celles qui circulent sur les réseaux souterrains mais à l'exclusion des tram-trains. Les dispositions du présent chapitre ne s'appliquent pas au matériel roulant mentionné au 2° de l'article D. 1112-1 affecté au transport ferroviaire régional ayant fait l'objet d'une commande conclue avant le 10 février 2006, et d'une tranche conditionnelle, dont la décision d'exécution a été prise au plus tard le 14 août 2009. Les dispositions du présent chapitre ne s'appliquent pas aux rames des systèmes de transport ferroviaire mentionnées au 2° de l'article D. 1112-1 faisant l'objet d'une modification substantielle, lorsque le marché principal les concernant a été conclu au plus tard le 14 août 2009 ni aux rames des systèmes de transport guidé mentionnées au 2° de l'article D. 1112-1 faisant l'objet d'une modification substantielle, lorsque le marché principal les concernant a été conclu au plus tard le 24 juillet 2010.",1904
https://w3id.org/semleg/legimaintlex/resource/document/code-des-transports-4989f33fb474/article/D1112-3-LEGIARTI000029720781-422,D1112-3-LEGIARTI000029720781-422,https://w3id.org/semleg/legimaintlex/resource/document/code-des-transports-4989f33fb474,LEGIARTI000029720781,D1112-3,['Accessibilité handicapés'],2014-11-07,https://w3id.org/semleg/legimaintlex/resource/document/code-des-transports-4989f33fb474/article/D1112-3-LEGIARTI000029720781-422/content,"Le matériel roulant défini par l'article D. 1112-1 doit être accessible aux personnes en situation de handicap au sens de l'article L. 114 du code de l'action sociale et des familles et aux personnes à mobilité réduite mentionnées au point 2.21 de l'annexe I de la directive 2001/85/ CE du Parlement européen et du Conseil du 20 novembre 2001 concernant des dispositions particulières applicables aux véhicules destinés au transport des passagers et comportant, outre le siège du conducteur, plus de huit places assises, et modifiant les directives 70/156/ CEE et 97/27/ CE, dans des conditions d'accès égales à celles des autres catégories d'usagers, avec la plus grande autonomie possible et sans danger.",706
https://w3id.org/semleg/legimaintlex/resource/document/code-des-transports-4989f33fb474/article/D1112-4-LEGIARTI000029720820-423,D1112-4-LEGIARTI000029720820-423,https://w3id.org/semleg/legimaintlex/resource/document/code-des-transports-4989f33fb474,LEGIARTI000029720820,D1112-4,['Accessibilité handicapés'],2014-11-07,https://w3id.org/semleg/legimaintlex/resource/document/code-des-transports-4989f33fb474/article/D1112-4-LEGIARTI000029720820-423/content,"La conception et les équipements du matériel roulant doivent permettre aux personnes en situation de handicap et aux personnes à mobilité réduite :
1° De monter et descendre des véhicules routiers et des rames et de s'installer à bord ;
2° De bénéficier de tous les services offerts à l'intérieur du véhicule ou de la rame, sauf cas d'impossibilité technique avérée qui donnent lieu à des mesures de substitution ;
3° De se localiser, de s'orienter et de bénéficier en toute circonstance de l'information nécessaire à l'accomplissement du transport.",552
https://w3id.org/semleg/legimaintlex/resource/document/code-des-transports-4989f33fb474/article/D1112-5-LEGIARTI000029720792-424,D1112-5-LEGIARTI000029720792-424,https://w3id.org/semleg/legimaintlex/resource/document/code-des-transports-4989f33fb474,LEGIARTI000029720792,D1112-5,['Accessibilité handicapés'],2014-11-07,https://w3id.org/semleg/legimaintlex/resource/document/code-des-transports-4989f33fb474/article/D1112-5-LEGIARTI000029720792-424/content,"Les dispositions et aménagements propres à assurer l'accessibilité du matériel roulant doivent satisfaire aux obligations suivantes :
1° S'il subsiste entre le véhicule ou la rame et le trottoir ou le quai des lacunes horizontales ou verticales non franchissables, elles sont comblées grâce à l'ajout d'équipements ou de dispositifs adéquats, à quai ou embarqués ;
2° Au moins une porte par véhicule ou par rame permet le passage d'un fauteuil roulant ;
3° Les véhicules et les rames contiennent au moins un emplacement destiné aux personnes se déplaçant en fauteuil roulant et des sièges réservés aux passagers à mobilité réduite, à proximité des accès. L'identification de ces emplacements et sièges est clairement affichée ;
4° Toute information délivrée à bord ou nécessaire au bon déroulement du transport est diffusée sous forme sonore et visuelle et adaptée aux capacités de perception et de compréhension des personnes handicapées ou à mobilité réduite.",965
https://w3id.org/semleg/legimaintlex/resource/document/code-des-transports-4989f33fb474/article/D1112-6-LEGIARTI000029720765-425,D1112-6-LEGIARTI000029720765-425,https://w3id.org/semleg/legimaintlex/resource/document/code-des-transports-4989f33fb474,LEGIARTI000029720765,D1112-6,['Accessibilité handicapés'],2014-11-07,https://w3id.org/semleg/legimaintlex/resource/document/code-des-transports-4989f33fb474/article/D1112-6-LEGIARTI000029720765-425/content,"Est accessible aux personnes mentionnées à l'article D. 1112-3 le matériel roulant qui, selon les catégories de matériel définies par l'article D. 1112-1, a fait l'objet soit d'une réception au titre des dispositions du chapitre Ier du titre II du livre III du code de la route, soit d'une autorisation de mise en exploitation commerciale délivrée en application des articles L. 1613-1, L. 1613-2 et L. 1613-4. Le cas échéant, le matériel roulant mentionné au 1° de l'article D. 1112-1 et réceptionné dans les conditions prévues par les dispositions susmentionnées du code de la route doit être doté des équipements et dispositifs définis par les arrêtés mentionnés à l'article D. 1112-7.",688
https://w3id.org/semleg/legimaintlex/resource/document/code-des-transports-4989f33fb474/article/D1112-7-LEGIARTI000029720811-426,D1112-7-LEGIARTI000029720811-426,https://w3id.org/semleg/legimaintlex/resource/document/code-des-transports-4989f33fb474,LEGIARTI000029720811,D1112-7,['Accessibilité handicapés'],2014-11-07,https://w3id.org/semleg/legimaintlex/resource/document/code-des-transports-4989f33fb474/article/D1112-7-LEGIARTI000029720811-426/content,"Des arrêtés pris par le ministre chargé des transports et les ministres intéressés précisent, pour chaque catégorie de matériel roulant mentionnée à l'article D. 1112-1, les dispositions à respecter et les équipements spécifiques à mettre en place pour assurer l'accessibilité dudit matériel roulant. Ces arrêtés peuvent prévoir des dispositions adaptées à l'ancienneté de leur conception pour les matériels roulants mentionnés au 2° de l'article D. 1112-1 faisant l'objet d'une modification substantielle.",506
https://w3id.org/semleg/legimaintlex/resource/document/code-des-transports-4989f33fb474/article/D1112-8-LEGIARTI000043841263-428,D1112-8-LEGIARTI000043841263-428,https://w3id.org/semleg/legimaintlex/resource/document/code-des-transports-4989f33fb474,LEGIARTI000043841263,D1112-8,['Accessibilité handicapés'],2021-07-01,https://w3id.org/semleg/legimaintlex/resource/document/code-des-transports-4989f33fb474/article/D1112-8-LEGIARTI000043841263-428/content,"Au sens de la présente section, on entend par : 1° Gare accessible ou point d'arrêt accessible : -soit un arrêt de transport public routier de personnes ou de transport guidé au sens des articles 1er et 2 du décret n° 2017-440 du 30 mars 2017 relatif à la sécurité des transports publics guidés qui répond aux dispositions de l'article 1er du décret n° 2006-1658 du 21 décembre 2006 relatif aux prescriptions techniques pour l'accessibilité de la voirie et des espaces publics ou, lorsqu'il s'agit d'un établissement recevant du public au sens de l'article R. 143-2 du code de la construction et de l'habitation, aux dispositions de l'article R. 164-2 de ce code ; -soit un point d'arrêt ferroviaire qui répond aux dispositions de l'annexe de la décision 2008/164/ CE de la Commission européenne du 21 décembre 2007 sur la spécification technique d'interopérabilité relative aux personnes à mobilité réduite dans le système ferroviaire transeuropéen conventionnel et à grande vitesse ainsi qu'aux dispositions de l'article R. 164-2 du code de la construction et de l'habitation lorsqu'il s'agit d'un établissement recevant du public au sens de l'article R. 143-2 de ce code ; 2° Fréquentation d'un arrêt : la moyenne journalière, pour les deux dernières années disponibles à la date de la publication du présent décret, du cumul des montées et des descentes ou du double des montées de voyageurs ; 3° Ligne routière urbaine structurante : en dehors de l'Ile-de-France, dans les périmètres de transports urbains définis par l'article L. 1231-4, au sein d'un réseau hiérarchisé, une ligne exploitée avec des autobus et aménagée en site propre, sur tout ou partie de son tracé ainsi qu'une ligne ou un groupe de lignes exploitées avec des autobus présentant le plus grand nombre de passages moyen par jour, hors samedis, dimanches, jours féries et vacances scolaires, identifiées par l'autorité organisatrice de transports ; 4° Pôle d'échanges : un lieu où s'effectuent des correspondances entre les points d'arrêt d'au moins deux lignes de transport public, aménagé pour faciliter les déplacements des voyageurs entre ces points ; 5° Pôle générateur de déplacements : un immeuble ou un groupe d'immeubles accueillant plus de 300 travailleurs ou habitants ou un établissement recevant du public classé dans la première, deuxième ou troisième catégorie, en application de l'article R. 143-19 du code de la construction et de l'habitation ; 6° Structure d'accueil pour personnes handicapées ou personnes âgées : établissements et services d'accueil ou d'hébergement pour personnes âgées ou personnes handicapées définis par les 2°, 3°, 5°, 6°, 7°, 11° et 12° du I de l'article L. 312-1 du code de l'action sociale et des familles et classés dans la première à la quatrième catégorie des établissements recevant du public, en application de l' article R. 143-19 du code de la construction et de l'habitation ; 7° Transport public routier urbain : un service public de transport routier de personnes, régulier ou à la demande, organisé dans le cadre des dispositions de l'article L. 1231-1 ; 8° Transport public routier non urbain : un service public de transport routier de personnes, régulier ou à la demande, organisé dans le cadre des dispositions des articles L. 3111-1 à L. 3111-6 et L. 3111-11.",3294
https://w3id.org/semleg/legimaintlex/resource/document/code-des-transports-4989f33fb474/article/D1112-9-LEGIARTI000029712712-429,D1112-9-LEGIARTI000029712712-429,https://w3id.org/semleg/legimaintlex/resource/document/code-des-transports-4989f33fb474,LEGIARTI000029712712,D1112-9,['Accessibilité handicapés'],2014-11-07,https://w3id.org/semleg/legimaintlex/resource/document/code-des-transports-4989f33fb474/article/D1112-9-LEGIARTI000029712712-429/content,"L'autorité organisatrice de transport compétente ou, en l'absence d'une telle autorité, l'Etat, établit, pour chaque mode de transport collectif, une liste des arrêts qui, par application des critères définis aux articles D. 1112-10 à D. 1112-12 , doivent être de façon prioritaire rendus accessibles aux personnes handicapées ou dont la mobilité est réduite, conformément aux dispositions de l'article L. 1112-1 . Cette liste est approuvée par l'organe délibérant de l'autorité organisatrice de transport et, pour l'Etat, fixée par arrêté du ministre chargé des transports. L'autorité organisatrice de transport ou l'Etat peut dresser une liste complémentaire d'arrêts qu'elle prévoit de rendre également accessibles compte tenu de considérations particulières, liste qui est approuvée dans les conditions prévues à l'alinéa précédent.",836
https://w3id.org/semleg/legimaintlex/resource/document/code-des-transports-4989f33fb474/article/L1112-2-1-LEGIARTI000031020974-436,L1112-2-1-LEGIARTI000031020974-436,https://w3id.org/semleg/legimaintlex/resource/document/code-des-transports-4989f33fb474,LEGIARTI000031020974,L1112-2-1,['Accessibilité handicapés'],2015-08-08,https://w3id.org/semleg/legimaintlex/resource/document/code-des-transports-4989f33fb474/article/L1112-2-1-LEGIARTI000031020974-436/content,"I.-Pour les services de transport ne relevant pas des services de transport librement organisés prévus aux articles L. 3111-17 et suivants , il peut être élaboré un schéma directeur d'accessibilité-agenda d'accessibilité programmée. Cet agenda comporte une analyse des actions nécessaires à la mise en accessibilité de ce service et prévoit les modalités et la programmation de la réalisation de ces actions ainsi que le financement correspondant. Il précise les points d'arrêt identifiés comme prioritaires, les dérogations sollicitées en cas d'impossibilité technique avérée mentionnée à l'article L. 1112-4 et les mesures de substitution prévues dans ces derniers cas. Pour les services de transport ferroviaire, le schéma directeur d'accessibilité-agenda d'accessibilité programmée inclut également, au titre des obligations d'accessibilité prévues aux deux premiers alinéas de l'article L. 111-7-3 du code de la construction et de l'habitation , les travaux relatifs aux gares et aux autres points d'arrêt ferroviaires identifiés comme prioritaires ainsi que les mesures de substitution prévues pour ceux qui ne le sont pas en application de l'article L. 1112-1 . Le schéma directeur d'accessibilité-agenda d'accessibilité programmée prévoit également les modalités et le calendrier de formation des personnels en contact avec le public aux besoins des usagers handicapés et les mesures d'information des usagers à mettre en œuvre par l'exploitant. Il précise les modalités de son actualisation. Un service de transport public concernant plusieurs départements donne lieu à plusieurs schémas directeurs d'accessibilité-agendas d'accessibilité programmée regroupant, pour chacun d'entre eux, les points d'arrêt situés dans un même département. Chacun de ces schémas directeurs d'accessibilité-agendas d'accessibilité programmée présente dans un préambule les orientations et les priorités générales pour la mise en accessibilité du service public de transport sur la totalité des départements concernés. Le schéma directeur d'accessibilité des services-agenda d'accessibilité programmée peut être élaboré par chaque autorité organisatrice de transport ou, en l'absence d'une telle autorité, l'Etat, le cas échéant en complétant le schéma directeur d'accessibilité prévu à l'article L. 1112-2 s'il existe. Il se substitue alors à ce schéma directeur d'accessibilité des services de transport. II.-Dans le cas où la mise en accessibilité d'un service de transport nécessite le concours de plusieurs personnes morales, le schéma directeur précise les engagements de chacune de ces personnes en ce qui concerne le service de transport et l'infrastructure. En tant que chef de file, l'autorité organisatrice de transport ou, en l'absence d'une telle autorité, l'Etat, recueille l'avis de toutes les parties intéressées par le service de transport dont elle est responsable, notamment les gestionnaires de la voirie, des points d'arrêt ferroviaires et de toutes autres infrastructures. Pour un point d'arrêt desservi par plusieurs services publics de transport routier de voyageurs, le rôle de chef de file est attribué à l'autorité organisatrice de transport qui est également en charge de la voirie ou, à défaut, à l'autorité organisatrice de transport dont le service de transport contribue le plus à la fréquentation du point d'arrêt. Pour les points d'arrêt ferroviaires d'intérêt à la fois régional et national desservis par des services de transport ferroviaire, un arrêté du ministre chargé des transports détermine à quelle collectivité publique chargée d'un des services de transport concernés est attribué le rôle de chef de file. Le schéma directeur d'accessibilité-agenda d'accessibilité programmée comporte les engagements, notamment financiers, de toutes les personnes morales contribuant à sa réalisation ou à son financement. Il est signé par ces personnes. III.-Dans un délai de cinq mois après son dépôt, le représentant de l'Etat dans le département se prononce, après avis conforme de la commission départementale consultative de la protection civile, de la sécurité et de l'accessibilité, sur la validation du schéma directeur d'accessibilité-agenda d'accessibilité programmée ne concernant pas les services de transport ferroviaire d'intérêt national. Lorsqu'un schéma directeur d'accessibilité-agenda d'accessibilité programmée concerne un réseau de transport public local desservant plusieurs départements, la décision de validation relative aux éléments prévus à l'avant-dernier alinéa du I de l'article L. 1112-2-1 est prise par le représentant du département dans lequel est implanté le siège de l'autorité organisatrice des transports qui a déposé la demande. Le schéma directeur d'accessibilité-agenda d'accessibilité programmée relatif aux services ferroviaires d'intérêt national est soumis à la validation du ministre chargé des transports qui rend sa décision, après avis des commissions départementales consultatives de la protection civile, de la sécurité et de l'accessibilité concernées, dans un délai de six mois. Le schéma directeur d'accessibilité-agenda d'accessibilité programmée doit être déposé dans les douze mois suivant la publication de l' ordonnance n° 2014-1090 du 26 septembre 2014 . L'autorité administrative compétente peut autoriser, par décision motivée, la prorogation de ce délai pour une durée maximale de trois ans dans le cas où les difficultés financières liées à l'évaluation ou à la programmation du schéma le justifient, de douze mois dans le cas où les difficultés techniques liées à l'évaluation ou à la programmation du schéma le justifient ou de six mois en cas de rejet d'un premier agenda.",5658
https://w3id.org/semleg/legimaintlex/resource/document/code-des-transports-4989f33fb474/article/L1112-2-2-LEGIARTI000029507765-437,L1112-2-2-LEGIARTI000029507765-437,https://w3id.org/semleg/legimaintlex/resource/document/code-des-transports-4989f33fb474,LEGIARTI000029507765,L1112-2-2,['Accessibilité handicapés'],2014-09-28,https://w3id.org/semleg/legimaintlex/resource/document/code-des-transports-4989f33fb474/article/L1112-2-2-LEGIARTI000029507765-437/content,"La durée de réalisation du schéma directeur d'accessibilité-agenda d'accessibilité programmée ne peut excéder, à compter de son approbation : 1° Une période de trois ans maximum pour les services réguliers et à la demande de transport public urbain mentionnés à l'article L. 1231-1 ; 2° Deux périodes de trois ans maximum pour les services réguliers et à la demande de transport routier public non urbain mentionnés aux articles L. 3111-1 à L. 3111-6 et pour les services réguliers et à la demande de transport public dans la région Ile-de-France mentionnés à l'article L. 1241-1 , sous réserve des services mentionnés au 3° ; 3° Trois périodes de trois ans maximum pour les services de transport public ferroviaire et, en Ile-de-France, les services de transport empruntant les lignes du réseau express régional.",813
https://w3id.org/semleg/legimaintlex/resource/document/code-des-transports-4989f33fb474/article/L1112-2-3-LEGIARTI000030978385-438,L1112-2-3-LEGIARTI000030978385-438,https://w3id.org/semleg/legimaintlex/resource/document/code-des-transports-4989f33fb474,LEGIARTI000030978385,L1112-2-3,['Accessibilité handicapés'],2015-08-07,https://w3id.org/semleg/legimaintlex/resource/document/code-des-transports-4989f33fb474/article/L1112-2-3-LEGIARTI000030978385-438/content,"En cas de force majeure, la prorogation de la mise en œuvre du schéma directeur d'accessibilité-agenda d'accessibilité programmée peut être demandée et prononcée par décision expresse de l'autorité administrative. Cette prorogation prolonge les délais prévus par le schéma directeur d'accessibilité-agenda d'accessibilité programmée pour une durée maximale de trois ans, renouvelable si les circonstances de force majeure font obstacle à l'achèvement du schéma dans ce délai. En cas de difficultés techniques ou financières graves ou imprévues, l'autorité administrative peut prononcer par décision expresse la prorogation de la durée du schéma directeur d'accessibilité-agenda d'accessibilité programmée pour une durée maximale de douze mois.",743
https://w3id.org/semleg/legimaintlex/resource/document/code-des-transports-4989f33fb474/article/L1112-2-4-LEGIARTI000039784170-439,L1112-2-4-LEGIARTI000039784170-439,https://w3id.org/semleg/legimaintlex/resource/document/code-des-transports-4989f33fb474,LEGIARTI000039784170,L1112-2-4,['Accessibilité handicapés'],2019-12-27,https://w3id.org/semleg/legimaintlex/resource/document/code-des-transports-4989f33fb474/article/L1112-2-4-LEGIARTI000039784170-439/content,"I.-A l'issue de chaque période, un bilan des travaux d'accessibilité effectués est transmis à l'autorité administrative compétente et est porté à la connaissance du public sur le site internet de l'autorité organisatrice jusqu'à la fin de la mise en œuvre de la programmation. L'absence non justifiée de transmission de ces bilans ou la transmission d'un bilan manifestement erroné est sanctionnée par une sanction pécuniaire forfaitaire de 2 500 €. II.-Le dépôt, sans justification, d'un schéma directeur d'accessibilité-agenda d'accessibilité programmée au-delà de la date prévue est sanctionné par une sanction pécuniaire forfaitaire de 5 000 € et par une réduction de la durée maximale prévue à l'article L. 1112-2-2 pour le schéma directeur d'accessibilité programmée-agenda d'accessibilité programmée à hauteur du nombre de mois de retard. III.-Au terme du schéma directeur d'accessibilité-agenda d'accessibilité programmée, lorsque les engagements en matière de formation et de mise à disposition des usagers des informations relatives au service de transport public prévus à l'article L. 1112-2-1 n'ont pas été mis en œuvre, l'autorité administrative peut engager une procédure de carence dans des conditions précisées par décret. Après avoir mis, selon le cas, l'autorité organisatrice de transport de services non ferroviaires ou, pour les services ferroviaires, l'exploitant du service ou le gestionnaire des gares et points d'arrêt desservis en mesure de présenter ses observations, cette autorité peut mettre en demeure respectivement cette dernière ou ce dernier de satisfaire à ses obligations dans un délai déterminé et imposer la constitution d'une provision comptable correspondant aux actions non réalisées. Au terme de ce délai, une sanction pécuniaire peut être prononcée à concurrence du coût des actions non réalisées. La sanction est prise en tenant compte, le cas échéant, des difficultés rencontrées par la personne n'ayant pas rempli ses obligations. Elle ne peut pas être supérieure à 10 % du montant des dépenses réelles de formation et de communication figurant dans les dépenses réelles de fonctionnement du compte administratif établi au titre du pénultième exercice pour la collectivité territoriale ou à 10 % du montant des dépenses de formation et de communication figurant dans les comptes du pénultième exercice de l'exploitant de services ferroviaires ou du gestionnaire des gares et points d'arrêt desservis. Le produit des sanctions pécuniaires prévues au présent article est recouvré comme en matière de créances étrangères à l'impôt et au domaine. Un décret en Conseil d'Etat pris après avis du Conseil national consultatif des personnes handicapées détermine les conditions d'application du présent article.",2750
https://w3id.org/semleg/legimaintlex/resource/document/code-des-transports-4989f33fb474/article/L1112-3-LEGIARTI000029522165-419,L1112-3-LEGIARTI000029522165-419,https://w3id.org/semleg/legimaintlex/resource/document/code-des-transports-4989f33fb474,LEGIARTI000029522165,L1112-3,['Accessibilité handicapés'],2014-09-28,https://w3id.org/semleg/legimaintlex/resource/document/code-des-transports-4989f33fb474/article/L1112-3-LEGIARTI000029522165-419/content,"Tout matériel roulant acquis lors d'un renouvellement de matériel ou à l'occasion de l'extension des réseaux est accessible aux personnes handicapées ou à mobilité réduite. Le matériel roulant routier, guidé et ferroviaire en service le 13 février 2015 peut être exploité après cette date. Toutefois, une proportion minimale de matériel roulant affecté aux services réguliers et à la demande de transport public routier de voyageurs doit être accessible sur chaque service. Cette proportion et sa progression sont déterminées par décret en fonction du matériel roulant utilisé et du type de services de transport collectif de voyageurs. Le matériel roulant routier accessible est affecté en priorité aux lignes les plus fréquentées. Les règles relatives au matériel roulant des services de transport scolaire sont fixées à l'article L. 3111-7-1 .",846
https://w3id.org/semleg/legimaintlex/resource/document/code-des-transports-4989f33fb474/article/L1112-4-LEGIARTI000039784149-427,L1112-4-LEGIARTI000039784149-427,https://w3id.org/semleg/legimaintlex/resource/document/code-des-transports-4989f33fb474,LEGIARTI000039784149,L1112-4,['Accessibilité handicapés'],2019-12-27,https://w3id.org/semleg/legimaintlex/resource/document/code-des-transports-4989f33fb474/article/L1112-4-LEGIARTI000039784149-427/content,"Lorsque, dans un réseau existant, la mise en accessibilité d'un arrêt identifié comme prioritaire au sens de l'article L. 1112-1 s'avère techniquement impossible en raison d'un obstacle impossible à surmonter sauf à procéder à des aménagements d'un coût manifestement disproportionné, des services de substitution adaptés aux besoins des personnes handicapées ou dont la mobilité est réduite sont mis à leur disposition. L'autorité organisatrice de transport compétente ou, en l'absence d'une telle autorité, l'Etat dispose d'un délai de dix-huit mois à compter de la validation de l'impossibilité technique par l'autorité administrative pour organiser et financer ces services de substitution. Dans les réseaux de transports urbains, la mise à disposition de services de substitution prévue au présent alinéa peut être remplacée par la mise en accessibilité de deux arrêts supplémentaires non prioritaires pour chaque arrêt pour lequel l'impossibilité technique est avérée, dans un délai de dix-huit mois à compter de la validation de cette impossibilité technique par l'autorité administrative. Le choix de ces deux arrêts supplémentaires est réalisé par les commissions communales ou intercommunales d'accessibilité prévues à l' article L. 2143-3 du code général des collectivités territoriales. Les services de substitution peuvent prendre la forme de transports de substitution ou de mesures de substitution. Les transports de substitution sont des services de transport public accessibles se substituant à la desserte d'une ligne de transport public non accessible ou partiellement accessible. Les mesures de substitution sont des mesures de nature humaine, organisationnelle ou technique permettant de réaliser le trajet dans des conditions de durée analogues à celles du trajet initialement souhaité. Le coût de ces services de substitution pour les usagers handicapés ne doit pas être supérieur au coût du transport public existant.",1941
https://w3id.org/semleg/legimaintlex/resource/document/code-des-transports-4989f33fb474/article/L3111-7-1-LEGIARTI000030978511-452,L3111-7-1-LEGIARTI000030978511-452,https://w3id.org/semleg/legimaintlex/resource/document/code-des-transports-4989f33fb474,LEGIARTI000030978511,L3111-7-1,['Accessibilité handicapés'],2015-08-07,https://w3id.org/semleg/legimaintlex/resource/document/code-des-transports-4989f33fb474/article/L3111-7-1-LEGIARTI000030978511-452/content,"Les représentants légaux d'un élève handicapé scolarisé dont le projet personnalisé de scolarisation mentionné à l' article L. 112-2 du code de l'éducation prévoit l'utilisation du réseau de transport scolaire peuvent demander, avec l'appui de l'équipe pluridisciplinaire mentionnée à l'article L. 146-8 du code de l'action sociale et des familles , la mise en accessibilité des points d'arrêt de ce réseau les plus proches de son domicile et de l'établissement scolaire fréquenté. La mise en accessibilité ne peut alors être refusée qu'en cas d'impossibilité technique avérée définie à l'article L. 1112-4 . Dans ce cas, un moyen de transport de substitution est organisé. Les autres points d'arrêt à l'usage exclusif du service de transport scolaire ne sont pas soumis à l'obligation d'accessibilité. Du matériel roulant routier accessible est affecté aux lignes dont certains points d'arrêt sont soumis à l'obligation d'accessibilité dans les conditions définies au présent article.",985
https://w3id.org/semleg/legimaintlex/resource/document/code-des-transports-4989f33fb474/article/R1112-11-LEGIARTI000032479223-440,R1112-11-LEGIARTI000032479223-440,https://w3id.org/semleg/legimaintlex/resource/document/code-des-transports-4989f33fb474,LEGIARTI000032479223,R1112-11,['Accessibilité handicapés'],2016-05-01,https://w3id.org/semleg/legimaintlex/resource/document/code-des-transports-4989f33fb474/article/R1112-11-LEGIARTI000032479223-440/content,"I.-L'autorité administrative qui, en application des dispositions du III de l'article L. 1112-2-1 , est compétente pour approuver le schéma directeur d'accessibilité-agenda d'accessibilité programmée statue sur les demandes tendant à la prorogation du délai de dépôt de ce schéma prévue au même III de l'article L. 1112-2-1 présentées par l'autorité organisatrice de transport auteur de ce schéma. II.-L'autorité administrative qui, en application des dispositions du III de l'article L. 1112-2-1, a approuvé le schéma directeur d'accessibilité-agenda d'accessibilité programmée prend les décisions relatives à la prorogation du délai de mise en œuvre de ce schéma prévue à l'article L. 1112-2-3 , celles relatives aux sanctions prévues au II de l'article L. 1112-2-4 ainsi que celles relatives à la procédure de carence et aux sanctions prévues au III du même article. Les sanctions prévues par le deuxième alinéa du I de l'article L. 1112-2-4 sont prononcées par l'autorité administrative qui, en application du III de l'article L. 1112-2-1, a approuvé le schéma directeur d'accessibilité-agenda d'accessibilité programmée, et, pour les services ferroviaires d'intérêt national, par le ministre chargé des transports.",1219
https://w3id.org/semleg/legimaintlex/resource/document/code-des-transports-4989f33fb474/article/R1112-12-LEGIARTI000032479218-441,R1112-12-LEGIARTI000032479218-441,https://w3id.org/semleg/legimaintlex/resource/document/code-des-transports-4989f33fb474,LEGIARTI000032479218,R1112-12,['Accessibilité handicapés'],2016-05-01,https://w3id.org/semleg/legimaintlex/resource/document/code-des-transports-4989f33fb474/article/R1112-12-LEGIARTI000032479218-441/content,"I.-L'autorité organisatrice de transport ou, en l'absence d'une telle autorité, l'Etat coordonne, dans le cadre de l'élaboration d'un schéma directeur d'accessibilité-agenda d'accessibilité programmée pour le service de transport public de voyageurs dont elle est responsable, les modalités de la mise en accessibilité des points d'arrêt prioritaires et le cas échéant de chaque point d'arrêt figurant dans la liste complémentaire établie en application des dispositions de l'article D. 1112-9 prévus par le I de l'article L. 1112-2-1 , pour lesquels elle a, le cas échéant, été désignée chef de file en application du II du même article. II.-Le projet de schéma directeur d'accessibilité-agenda d'accessibilité programmée comporte, pour chacun des points d'arrêt prioritaires et le cas échéant de chaque point d'arrêt figurant dans la liste complémentaire établie en application des dispositions de l'article D. 1112-9, les engagements pris par les maîtres d'ouvrage pour réaliser les aménagements nécessaires à la mise en accessibilité qui leur incombent et les financements correspondants. Ces maîtres d'ouvrage et financeurs cosignent le projet. Lorsque ces engagements font défaut, le projet indique les mesures nécessaires et les personnes susceptibles d'en assurer la charge. III.-Les parties intéressées par le service de transport dont l'avis doit être sollicité sur le projet de schéma en application du II de l'article L. 1112-2-1 sont, outre les gestionnaires mentionnés par ces dispositions, les gestionnaires du service de transport ainsi que des associations de personnes handicapées et d'usagers choisies par l'autorité organisatrice de transport, qui réunit ces parties au sein d'un comité constitué à cet effet.",1729
https://w3id.org/semleg/legimaintlex/resource/document/code-des-transports-4989f33fb474/article/R1112-13-LEGIARTI000043841253-442,R1112-13-LEGIARTI000043841253-442,https://w3id.org/semleg/legimaintlex/resource/document/code-des-transports-4989f33fb474,LEGIARTI000043841253,R1112-13,['Accessibilité handicapés'],2021-07-01,https://w3id.org/semleg/legimaintlex/resource/document/code-des-transports-4989f33fb474/article/R1112-13-LEGIARTI000043841253-442/content,"I.-Le schéma directeur d'accessibilité-agenda d'accessibilité programmée indique le ou les services de transport public de voyageurs et le département sur lesquels il porte et la collectivité publique qui en est responsable, exception faite des services ferroviaires d'intérêt national pour lesquels est élaboré un schéma directeur d'accessibilité-agenda d'accessibilité programmée unique. Le schéma directeur d'accessibilité-agenda d'accessibilité programmée comprend : 1° Une présentation de ce ou ces services et notamment : a) La description du réseau ou des réseaux de transport public de voyageurs, en identifiant, s'il y a lieu, les lignes structurantes mentionnées au 1° du I de l'article D. 1112-10 et pour l'Ile-de-France les lignes prioritaires mentionnées au I de l'article D. 1112-11 ; b) La description du matériel roulant accessible qui y est affecté et les lignes dotées de ce matériel roulant accessible ; c) L'accessibilité des points d'arrêt et, pour les gares et autres points d'arrêt d'un service de transport de voyageurs ferroviaire, celle de leurs bâtiments et installations ; 2° La liste des points d'arrêt prioritaires établie en application des dispositions de l'article D. 1112-9 , assortie, le cas échéant, de la liste complémentaire prévue par cet article, les caractéristiques associées à ces points d'arrêt et les travaux à mener pour les rendre accessibles. Pour un service de transport de voyageurs ferroviaire, le schéma comprend la liste des bâtiments et installations associés aux gares et autres points d'arrêt ferroviaires prioritaires et la présentation des travaux à y mener pour les rendre accessibles ainsi que la description des mesures de substitution à mettre en place pour les gares qui ne constituent pas des points d'arrêt prioritaires ; 3° Les demandes de dérogation motivées par une impossibilité technique avérée au sens de l'article L. 1112-4 , assorties de toutes pièces permettant d'en apprécier le bien-fondé et de la présentation des mesures de substitution envisagées et pour les établissements recevant du public, la liste des points susceptibles de faire l'objet de la demande de dérogation prévue par l' article R. 164-3 du code de la construction et de l'habitation ; 4° La programmation présentant, sur chacune des périodes et sur chacune des années de la première période, le début et la fin prévisionnels des actions de mise en accessibilité de chaque point d'arrêt prioritaire et le cas échéant de chaque point d'arrêt figurant dans la liste complémentaire établie en application des dispositions de l'article D. 1112-9 et les engagements des maîtres d'ouvrage, ou à défaut, les actions nécessaires et les personnes qui sont susceptibles d'en assurer la charge ; 5° L'estimation financière de la mise en accessibilité ainsi que la répartition de ces coûts sur chaque période et sur chaque année de la première période et les concours financiers prévus des différents financeurs, ou, à défaut, les financements nécessaires et les personnes qui pourraient y contribuer ; 6° Les modalités de formation des personnels en contact avec le public aux besoins des usagers handicapés ainsi que le calendrier de formation sur chacune des périodes et sur chacune des années de la première période, le nombre des personnes devant bénéficier de formation ainsi que la durée en nombre d'heures des actions de formation et celles d'information des usagers relatives au service de transport public accessible à toutes les formes de handicap ainsi que son calendrier de mise en œuvre présentant toutes les actions y concourant sur chacune des périodes et sur chacune des années de la première période ; 7° La description des modalités de mise en œuvre et de suivi de l'exécution du schéma directeur d'accessibilité-agenda d'accessibilité programmée ainsi que celles de l'actualisation à laquelle il donne lieu, notamment lorsqu'est fait le bilan des actions nécessaires à la mise en accessibilité prévu par l'article R. 1112-22. II.-Lorsque le ou les services de transport public de voyageurs concernent plus d'un département, le schéma directeur d'accessibilité-agenda d'accessibilité programmée comporte également un préambule qui indique : a) Les orientations et les priorités, notamment géographiques et techniques, retenues pour la mise en accessibilité ainsi que les raisons de ces choix ; b) Le coût de mise en accessibilité de l'ensemble du service pour chaque maître d'ouvrage ainsi que les concours apportés par les différents financeurs. La présentation prévue au 1° du I et les éléments mentionnés au 4° du même I portent alors sur l'ensemble des départements pour chacun du ou des services de transport concernés.",4675
https://w3id.org/semleg/legimaintlex/resource/document/code-des-transports-4989f33fb474/article/R1112-14-LEGIARTI000029711363-443,R1112-14-LEGIARTI000029711363-443,https://w3id.org/semleg/legimaintlex/resource/document/code-des-transports-4989f33fb474,LEGIARTI000029711363,R1112-14,['Accessibilité handicapés'],2014-11-07,https://w3id.org/semleg/legimaintlex/resource/document/code-des-transports-4989f33fb474/article/R1112-14-LEGIARTI000029711363-443/content,"Le schéma directeur d'accessibilité-agenda d'accessibilité programmée est adressé, en deux exemplaires par pli recommandé avec demande d'avis de réception, à l'autorité compétente pour l'approuver en application du III de l'article L. 1112-2-1 , accompagné, lorsque l'autorité organisatrice de transport est une collectivité territoriale, de la délibération adoptant ce schéma. La demande peut porter simultanément sur plusieurs schémas directeurs d'accessibilité-agendas d'accessibilité programmée. Pour les services de transport ferroviaire, une copie de la demande est également adressée à chacune des commissions pour l'accessibilité prévues à l' article L. 2143-3 du code général des collectivités territoriales des communes où sont implantés les bâtiments et installations accessibles au public des gares prioritaires qui la transfèrent, le cas échéant, à la commission intercommunale compétente.",902
https://w3id.org/semleg/legimaintlex/resource/document/code-des-transports-4989f33fb474/article/R1112-15-LEGIARTI000029711366-444,R1112-15-LEGIARTI000029711366-444,https://w3id.org/semleg/legimaintlex/resource/document/code-des-transports-4989f33fb474,LEGIARTI000029711366,R1112-15,['Accessibilité handicapés'],2014-11-07,https://w3id.org/semleg/legimaintlex/resource/document/code-des-transports-4989f33fb474/article/R1112-15-LEGIARTI000029711366-444/content,"Le délai d'instruction de la demande d'approbation d'un schéma directeur d'accessibilité-agenda d'accessibilité programmée fixé par le III de l'article L. 1112-2-1 court à compter de la réception du dossier complet ou des pièces qui le complètent. Lorsque le dossier joint à la demande est incomplet, l'autorité à laquelle il est adressé indique, dans le délai de deux mois à compter de la réception de la demande, par lettre recommandée avec demande d'avis de réception ou par courrier électronique, les pièces manquantes et le délai imparti pour les produire, qui ne peut être supérieur à un mois.",599
https://w3id.org/semleg/legimaintlex/resource/document/code-des-transports-4989f33fb474/article/R1112-16-LEGIARTI000043841245-445,R1112-16-LEGIARTI000043841245-445,https://w3id.org/semleg/legimaintlex/resource/document/code-des-transports-4989f33fb474,LEGIARTI000043841245,R1112-16,['Accessibilité handicapés'],2021-07-01,https://w3id.org/semleg/legimaintlex/resource/document/code-des-transports-4989f33fb474/article/R1112-16-LEGIARTI000043841245-445/content,"Le projet de schéma directeur d'accessibilité-agenda d'accessibilité programmée est transmis pour avis à la commission consultative départementale de sécurité et d'accessibilité prévue à l' article R. 122-6 du code de la construction et de l'habitation qui se prononce sur le respect, par ce projet, des règles d'accessibilité et sur les demandes de dérogation motivées par une impossibilité technique, au sens de l'article L. 1112-4 , qu'il comporte. Lorsque ce projet comporte le préambule prévu par l'avant-dernier alinéa du I de l'article L. 1112-2-1 , la commission du département dans lequel est implanté le siège de l'autorité organisatrice de transport auteur du projet se prononce également sur ce préambule et sur les autres éléments qui portent sur plusieurs départements prévus au II de l'article R. 1112-12 . Lorsque la commission ne s'est pas prononcée dans un délai de deux mois à compter de sa saisine sur le projet de schéma directeur d'accessibilité-agenda d'accessibilité programmée, elle est réputée avoir émis un avis.",1039
https://w3id.org/semleg/legimaintlex/resource/document/code-des-transports-4989f33fb474/article/R1112-17-LEGIARTI000032479200-446,R1112-17-LEGIARTI000032479200-446,https://w3id.org/semleg/legimaintlex/resource/document/code-des-transports-4989f33fb474,LEGIARTI000032479200,R1112-17,['Accessibilité handicapés'],2016-05-01,https://w3id.org/semleg/legimaintlex/resource/document/code-des-transports-4989f33fb474/article/R1112-17-LEGIARTI000032479200-446/content,"I.-Un schéma directeur d'accessibilité-agenda d'accessibilité programmée ne peut être approuvé que si les travaux et actions prévus pour assurer l'accessibilité des points d'arrêt prioritaires des services de transport et le cas échéant de chaque point d'arrêt figurant dans la liste complémentaire établie en application des dispositions de l'article D. 1112-9 sont conformes aux règles d'accessibilité qui leur sont applicables et s'il ressort de la présentation des travaux et actions à réaliser pour l'accessibilité des bâtiments et installations associés aux points d'arrêt prioritaires des services de transport ferroviaire et le cas échéant de chaque point d'arrêt figurant dans la liste complémentaire établie en application des dispositions de l'article D. 1112-9 , qu'ils devraient permettre d'assurer la conformité aux règles d'accessibilité aux personnes handicapées qui leur sont respectivement applicables. II.-Lorsque le dossier de demande d'approbation du schéma directeur d'accessibilité-agenda d'accessibilité programmée n'a pas été déposé dans le délai imparti, que ce délai résulte des dispositions générales ou d'une décision individuelle, et que ce retard n'est pas justifié, la durée du dépassement du délai imparti pour le dépôt du schéma est imputée sur la durée d'exécution de ce schéma.",1313
https://w3id.org/semleg/legimaintlex/resource/document/code-des-transports-4989f33fb474/article/R1112-18-LEGIARTI000029711375-447,R1112-18-LEGIARTI000029711375-447,https://w3id.org/semleg/legimaintlex/resource/document/code-des-transports-4989f33fb474,LEGIARTI000029711375,R1112-18,['Accessibilité handicapés'],2014-11-07,https://w3id.org/semleg/legimaintlex/resource/document/code-des-transports-4989f33fb474/article/R1112-18-LEGIARTI000029711375-447/content,"I.-Le défaut de notification d'une décision sur la demande d'approbation d'un schéma directeur d'accessibilité-agenda d'accessibilité programmée à l'expiration du délai prévu par le III de l'article L. 1112-2-1 vaut approbation implicite du schéma et, le cas échéant, octroi implicite des dérogations pour impossibilité technique avérée sollicitées. II.-Lorsque l'autorité compétente envisage de refuser l'approbation du schéma directeur d'accessibilité-agenda d'accessibilité programmée, elle peut demander à l'auteur du projet de lui soumettre un projet modifié, sur des points et dans un délai qu'elle indique. En ce cas, les consultations prévues sur le projet sont limitées à ces modifications. III.-Lorsque l'approbation d'un schéma directeur d'accessibilité-agenda d'accessibilité programmée est refusée, l'autorité qui prend cette décision peut également préciser le délai laissé pour présenter un nouveau projet, qui ne peut excéder six mois. IV.-Le préfet ayant statué sur la demande de schéma directeur d'accessibilité-agenda d'accessibilité programmée tient à jour, sur le site internet de la préfecture, un document retraçant les demandes d'approbation enregistrées, les services de transports publics de voyageurs concernés, la décision prise ainsi que la durée octroyée pour mettre en œuvre le schéma. V.-Lorsqu'un schéma directeur d'accessibilité des services de transports a été élaboré en application du I de l'article L. 1112-2 , le schéma directeur d'accessibilité-agenda d'accessibilité programmée approuvé dans les conditions prévues par la présente section s'y substitue à la date de son approbation.",1623
https://w3id.org/semleg/legimaintlex/resource/document/code-des-transports-4989f33fb474/article/R1112-19-LEGIARTI000029711379-448,R1112-19-LEGIARTI000029711379-448,https://w3id.org/semleg/legimaintlex/resource/document/code-des-transports-4989f33fb474,LEGIARTI000029711379,R1112-19,['Accessibilité handicapés'],2014-11-07,https://w3id.org/semleg/legimaintlex/resource/document/code-des-transports-4989f33fb474/article/R1112-19-LEGIARTI000029711379-448/content,"I.-Les demandes de prorogation de délais sont adressées par pli recommandé, avec demande d'avis de réception à l'autorité compétente mentionnée au R. 1112-11 au plus tard trois mois avant l'expiration du délai imparti soit pour déposer le schéma directeur d'accessibilité-agenda d'accessibilité programmée, soit pour achever l'exécution de celui-ci. II.-Le contenu du dossier de la demande de prorogation des délais de dépôt ou d'exécution du schéma directeur d'accessibilité-agenda d'accessibilité programmée est fixé par un arrêté du ministre chargé des transports et du ministre chargé des finances qui précise notamment les éléments de justification des difficultés financières qui peuvent être apportés à l'appui de la demande et prévoit que le cas de force majeure et les difficultés techniques ou administratives sont établis par tous éléments utiles.",858
https://w3id.org/semleg/legimaintlex/resource/document/code-des-transports-4989f33fb474/article/R1112-20-LEGIARTI000029711381-449,R1112-20-LEGIARTI000029711381-449,https://w3id.org/semleg/legimaintlex/resource/document/code-des-transports-4989f33fb474,LEGIARTI000029711381,R1112-20,['Accessibilité handicapés'],2014-11-07,https://w3id.org/semleg/legimaintlex/resource/document/code-des-transports-4989f33fb474/article/R1112-20-LEGIARTI000029711381-449/content,"Le délai d'instruction de la demande de prorogation des délais de dépôt ou de mise en œuvre d'un schéma directeur d'accessibilité-agenda d'accessibilité programmée est de trois mois à compter de la date de réception du dossier complet ou des pièces qui le complètent. Lorsque le dossier est incomplet, l'autorité à laquelle il est adressé indique, par lettre recommandée avec demande d'avis de réception dans le délai d'un mois à compter de la réception de la demande, les pièces manquantes et le délai imparti pour les produire, qui ne peut être supérieur à un mois.",567
https://w3id.org/semleg/legimaintlex/resource/document/code-des-transports-4989f33fb474/article/R1112-21-LEGIARTI000029711383-450,R1112-21-LEGIARTI000029711383-450,https://w3id.org/semleg/legimaintlex/resource/document/code-des-transports-4989f33fb474,LEGIARTI000029711383,R1112-21,['Accessibilité handicapés'],2014-11-07,https://w3id.org/semleg/legimaintlex/resource/document/code-des-transports-4989f33fb474/article/R1112-21-LEGIARTI000029711383-450/content,"I.-La décision d'accorder une prorogation de délai précise la durée octroyée. A défaut de notification d'une décision explicite du préfet dans le délai de trois mois à compter de la date à laquelle il a reçu la demande, la demande de prorogation est réputée rejetée. II.-Lorsque la demande de prorogation des délais de dépôt est refusée, l'autorité qui prend cette décision précise le délai laissé pour présenter de nouveau à l'approbation un schéma directeur d'accessibilité-agenda d'accessibilité programmée qui ne peut excéder six mois. III.-Le bénéfice de la prorogation de la durée d'exécution d'un schéma directeur d'accessibilité-agenda d'accessibilité programmée de douze mois prévue par le second alinéa de l'article L. 1112-2-3 est accordé notamment quand l'analyse du dossier fait apparaître le dépassement des seuils déterminés par l'arrêté prévu par le II de l'article R. 1112-19 . IV.-Les décisions de prorogation de délai sont enregistrées sur le document relatif aux schémas directeur d'accessibilité-agendas d'accessibilité programmée disponible sur le site internet de la préfecture prévu par le III de l'article R. 1112-18 .",1143
https://w3id.org/semleg/legimaintlex/resource/document/code-des-transports-4989f33fb474/article/R1112-22-LEGIARTI000032479195-451,R1112-22-LEGIARTI000032479195-451,https://w3id.org/semleg/legimaintlex/resource/document/code-des-transports-4989f33fb474,LEGIARTI000032479195,R1112-22,['Accessibilité handicapés'],2016-05-01,https://w3id.org/semleg/legimaintlex/resource/document/code-des-transports-4989f33fb474/article/R1112-22-LEGIARTI000032479195-451/content,"I.-Sont adressés, par l'autorité qui a élaboré le schéma directeur d'accessibilité-agenda d'accessibilité programmée, à l'autorité qui l'a approuvé, par pli recommandé avec demande d'avis de réception : 1° A l'issue de la première année, un point de situation ; 2° A l'issue de chaque période, un bilan des actions nécessaires à la mise en accessibilité qui ont été effectuées. Lorsque le schéma directeur d'accessibilité-agenda d'accessibilité programmée concerne un service de transport ferroviaire, ces bilans sont également adressés aux commissions pour l'accessibilité prévues à l' article L. 2143-3 du code général des collectivités territoriales des communes où sont implantés les bâtiments et installations associés aux gares qui les concernent qui les transfèrent, le cas échéant, à la commission intercommunale compétente. II.-Le bilan prévu au 2° du I indique notamment les actualisations du schéma qui ont été décidées pour prendre en compte notamment les modifications intervenues dans les périmètres des services de transport, les modalités d'exploitation des points d'arrêt ferroviaires, la localisation et la taille des pôle d'échanges, des pôles générateurs de déplacement et des structures d'accueil pour personnes handicapées ou pour personnes âgées ainsi que les évolutions démographiques, réglementaires et technologiques.",1343
https://w3id.org/semleg/legimaintlex/resource/document/code-du-travail-857511c7b652/article/R4214-26-LEGIARTI000021188877-1,R4214-26-LEGIARTI000021188877-1,https://w3id.org/semleg/legimaintlex/resource/document/code-du-travail-857511c7b652,LEGIARTI000021188877,R4214-26,['Accessibilité handicapés'],2010-04-24,https://w3id.org/semleg/legimaintlex/resource/document/code-du-travail-857511c7b652/article/R4214-26-LEGIARTI000021188877-1/content,"Les lieux de travail, y compris les locaux annexes, aménagés dans un bâtiment neuf ou dans la partie neuve d'un bâtiment existant sont accessibles aux personnes handicapées, quel que soit leur type de handicap. Les lieux de travail sont considérés comme accessibles aux personnes handicapées lorsque celles-ci peuvent accéder à ces lieux, y circuler, les évacuer, se repérer, communiquer, avec la plus grande autonomie possible. Les lieux de travail sont conçus de manière à permettre l'adaptation des postes de travail aux personnes handicapées ou à rendre ultérieurement possible l'adaptation des postes de travail.",617
https://w3id.org/semleg/legimaintlex/resource/document/code-du-travail-857511c7b652/article/R4214-27-LEGIARTI000024247614-2,R4214-27-LEGIARTI000024247614-2,https://w3id.org/semleg/legimaintlex/resource/document/code-du-travail-857511c7b652,LEGIARTI000024247614,R4214-27,['Accessibilité handicapés'],2011-06-01,https://w3id.org/semleg/legimaintlex/resource/document/code-du-travail-857511c7b652/article/R4214-27-LEGIARTI000024247614-2/content,"Les accès, portes, dégagements et ascenseurs desservant les postes de travail et les locaux annexes tels que locaux sanitaires, locaux de restauration, parcs de stationnement, sont conçus de manière à permettre l'accès et l'évacuation des personnes handicapées, notamment celles circulant en fauteuil roulant. L'aménagement des postes de travail est réalisé ou rendu ultérieurement possible.",391
https://w3id.org/semleg/legimaintlex/resource/document/code-du-travail-857511c7b652/article/R4214-28-LEGIARTI000024769364-3,R4214-28-LEGIARTI000024769364-3,https://w3id.org/semleg/legimaintlex/resource/document/code-du-travail-857511c7b652,LEGIARTI000024769364,R4214-28,['Accessibilité handicapés'],2011-11-10,https://w3id.org/semleg/legimaintlex/resource/document/code-du-travail-857511c7b652/article/R4214-28-LEGIARTI000024769364-3/content,"Un arrêté des ministres chargés du travail, de l'agriculture et de la construction détermine les modalités d'application propres à assurer l'accessibilité des lieux de travail en ce qui concerne, notamment, les circulations horizontales et verticales, les portes et les sas intérieurs, les revêtements des sols et des parois, les dispositifs d'éclairage et d'information, le stationnement automobile. Cet arrêté précise les caractéristiques des espaces d'attente sécurisés et de leurs équivalents, et notamment les règles qui président à leur implantation, à la détermination de leur capacité d'accueil, à leur équipement ainsi que les spécifications techniques auxquelles ils doivent satisfaire en vue d'assurer la protection prévue au deuxième alinéa de l'article R. 4216-2-1 .",779
https://w3id.org/semleg/legimaintlex/resource/document/code-du-travail-857511c7b652/article/R4224-12-LEGIARTI000018532211-3511,R4224-12-LEGIARTI000018532211-3511,https://w3id.org/semleg/legimaintlex/resource/document/code-du-travail-857511c7b652,LEGIARTI000018532211,R4224-12,['Portes et portails'],2008-05-01,https://w3id.org/semleg/legimaintlex/resource/document/code-du-travail-857511c7b652/article/R4224-12-LEGIARTI000018532211-3511/content,"Les portes et portails sont entretenus et contrôlés régulièrement. Lorsque leur chute peut présenter un danger pour les travailleurs, notamment en raison de leurs dimensions, de leur poids ou de leur mode de fixation, la périodicité des contrôles et les interventions sont consignées dans le dossier prévu à l'article R. 4224-17 .",330
https://w3id.org/semleg/legimaintlex/resource/document/code-du-travail-857511c7b652/article/R4225-6-LEGIARTI000018532157-37,R4225-6-LEGIARTI000018532157-37,https://w3id.org/semleg/legimaintlex/resource/document/code-du-travail-857511c7b652,LEGIARTI000018532157,R4225-6,['Accessibilité handicapés'],2008-05-01,https://w3id.org/semleg/legimaintlex/resource/document/code-du-travail-857511c7b652/article/R4225-6-LEGIARTI000018532157-37/content,Le poste de travail ainsi que les locaux sanitaires et de restauration que les travailleurs handicapés sont susceptibles d'utiliser dans l'établissement sont aménagés de telle sorte que ces travailleurs puissent y accéder aisément. Leurs postes de travail ainsi que les signaux de sécurité qui les concernent sont aménagés si leur handicap l'exige.,348
https://w3id.org/semleg/legimaintlex/resource/document/code-du-travail-857511c7b652/article/R4225-7-LEGIARTI000021188882-38,R4225-7-LEGIARTI000021188882-38,https://w3id.org/semleg/legimaintlex/resource/document/code-du-travail-857511c7b652,LEGIARTI000021188882,R4225-7,['Accessibilité handicapés'],2009-10-24,https://w3id.org/semleg/legimaintlex/resource/document/code-du-travail-857511c7b652/article/R4225-7-LEGIARTI000021188882-38/content,Des installations sanitaires appropriées sont mises à la disposition des travailleurs handicapés.,97
https://w3id.org/semleg/legimaintlex/resource/document/code-du-travail-857511c7b652/article/R4225-8-LEGIARTI000021188884-39,R4225-8-LEGIARTI000021188884-39,https://w3id.org/semleg/legimaintlex/resource/document/code-du-travail-857511c7b652,LEGIARTI000021188884,R4225-8,['Accessibilité handicapés'],2010-04-23,https://w3id.org/semleg/legimaintlex/resource/document/code-du-travail-857511c7b652/article/R4225-8-LEGIARTI000021188884-39/content,Le système d'alarme sonore prévu à l'article R. 4227-34 est complété par un ou des systèmes d'alarme adaptés au handicap des personnes concernées employées dans l'entreprise en vue de permettre leur information en tous lieux et en toutes circonstances.,252
