article_uri,dcterms_subject,matches,match_count
https://w3id.org/semleg/legimaintlex/resource/document/arrete-du-11-septembre-2007-modifiant-le-code-de-procedure-penale-quatrieme-part-ae543c2bb126/article/article-JORFTEXT000000430412-209,['Accessibilité handicapés'],['Accessibilité'],1
https://w3id.org/semleg/legimaintlex/resource/document/arrete-du-11-septembre-2007-modifiant-le-code-de-procedure-penale-quatrieme-part-ae543c2bb126/article/article-JORFTEXT000000430412-210,['Accessibilité handicapés'],['Accessibilité'],1
https://w3id.org/semleg/legimaintlex/resource/document/arrete-du-11-septembre-2007-portant-organisation-interne-de-la-direction-de-la-m-1eefc9f4392a/article/article-JORFTEXT000000650087-202,['Accessibilité handicapés'],['Accessibilité'],1
https://w3id.org/semleg/legimaintlex/resource/document/arrete-du-11-septembre-2007-portant-organisation-interne-de-la-direction-de-la-m-1eefc9f4392a/article/article-JORFTEXT000000650087-203,['Accessibilité handicapés'],['Accessibilité'],1
https://w3id.org/semleg/legimaintlex/resource/document/arrete-du-11-septembre-2007-portant-organisation-interne-de-la-direction-de-la-m-1eefc9f4392a/article/article-JORFTEXT000000650087-204,['Accessibilité handicapés'],['Accessibilité'],1
https://w3id.org/semleg/legimaintlex/resource/document/arrete-du-11-septembre-2007-portant-organisation-interne-de-la-direction-de-la-m-1eefc9f4392a/article/article-JORFTEXT000000650087-205,['Accessibilité handicapés'],['Accessibilité'],1
https://w3id.org/semleg/legimaintlex/resource/document/arrete-du-11-septembre-2007-portant-organisation-interne-de-la-direction-des-res-fffef4d857d6/article/article-JORFTEXT000000464729-206,['Accessibilité handicapés'],['Accessibilité'],1
https://w3id.org/semleg/legimaintlex/resource/document/arrete-du-11-septembre-2007-portant-organisation-interne-de-la-direction-des-res-fffef4d857d6/article/article-JORFTEXT000000464729-207,['Accessibilité handicapés'],['Accessibilité'],1
https://w3id.org/semleg/legimaintlex/resource/document/arrete-du-11-septembre-2007-portant-organisation-interne-de-la-direction-des-res-fffef4d857d6/article/article-JORFTEXT000000464729-208,['Accessibilité handicapés'],['Accessibilité'],1
https://w3id.org/semleg/legimaintlex/resource/document/arrete-du-11-septembre-2007-pris-en-application-du-decret-n-2007-1334-du-11-sept-e195cd134e8f/article/article-JORFTEXT000000823439-188,['Accessibilité handicapés'],['Accessibilité'],1
https://w3id.org/semleg/legimaintlex/resource/document/arrete-du-11-septembre-2007-pris-en-application-du-decret-n-2007-1334-du-11-sept-e195cd134e8f/article/article-JORFTEXT000000823439-189,['Accessibilité handicapés'],['Accessibilité'],1
https://w3id.org/semleg/legimaintlex/resource/document/arrete-du-11-septembre-2007-pris-en-application-du-decret-n-2007-1334-du-11-sept-e195cd134e8f/article/article-JORFTEXT000000823439-190,['Accessibilité handicapés'],['Accessibilité'],1
https://w3id.org/semleg/legimaintlex/resource/document/arrete-du-11-septembre-2007-pris-en-application-du-decret-n-2007-1334-du-11-sept-e195cd134e8f/article/article-JORFTEXT000000823439-191,['Accessibilité handicapés'],['Accessibilité'],1
https://w3id.org/semleg/legimaintlex/resource/document/arrete-du-11-septembre-2007-pris-en-application-du-decret-n-2007-1334-du-11-sept-e195cd134e8f/article/article-JORFTEXT000000823439-192,['Accessibilité handicapés'],['Accessibilité'],1
https://w3id.org/semleg/legimaintlex/resource/document/arrete-du-11-septembre-2007-pris-en-application-du-decret-n-2007-1334-du-11-sept-e195cd134e8f/article/article-JORFTEXT000000823439-193,['Accessibilité handicapés'],['Accessibilité'],1
https://w3id.org/semleg/legimaintlex/resource/document/arrete-du-11-septembre-2007-pris-en-application-du-decret-n-2007-1334-du-11-sept-e195cd134e8f/article/article-JORFTEXT000000823439-194,['Accessibilité handicapés'],['Accessibilité'],1
https://w3id.org/semleg/legimaintlex/resource/document/arrete-du-11-septembre-2007-pris-en-application-du-decret-n-2007-1334-du-11-sept-e195cd134e8f/article/article-JORFTEXT000000823439-195,['Accessibilité handicapés'],['Accessibilité'],1
https://w3id.org/semleg/legimaintlex/resource/document/arrete-du-11-septembre-2007-pris-en-application-du-decret-n-2007-1334-du-11-sept-e195cd134e8f/article/article-JORFTEXT000000823439-196,['Accessibilité handicapés'],['Accessibilité'],1
https://w3id.org/semleg/legimaintlex/resource/document/arrete-du-11-septembre-2007-pris-en-application-du-decret-n-2007-1334-du-11-sept-e195cd134e8f/article/article-JORFTEXT000000823439-197,['Accessibilité handicapés'],['Accessibilité'],1
https://w3id.org/semleg/legimaintlex/resource/document/arrete-du-11-septembre-2007-pris-en-application-du-decret-n-2007-1334-du-11-sept-e195cd134e8f/article/article-JORFTEXT000000823439-198,['Accessibilité handicapés'],['Accessibilité'],1
https://w3id.org/semleg/legimaintlex/resource/document/arrete-du-11-septembre-2007-pris-en-application-du-decret-n-2007-1334-du-11-sept-e195cd134e8f/article/article-JORFTEXT000000823439-199,['Accessibilité handicapés'],['Accessibilité'],1
https://w3id.org/semleg/legimaintlex/resource/document/arrete-du-11-septembre-2007-pris-en-application-du-decret-n-2007-1334-du-11-sept-e195cd134e8f/article/article-JORFTEXT000000823439-200,['Accessibilité handicapés'],['Accessibilité'],1
https://w3id.org/semleg/legimaintlex/resource/document/arrete-du-11-septembre-2007-pris-en-application-du-decret-n-2007-1334-du-11-sept-e195cd134e8f/article/article-JORFTEXT000000823439-201,['Accessibilité handicapés'],['Accessibilité'],1
https://w3id.org/semleg/legimaintlex/resource/document/arrete-du-11-septembre-2007-relatif-aux-modalites-d-exercice-du-controle-financi-300ca24c76a2/article/article-JORFTEXT000000652957-211,['Accessibilité handicapés'],['Accessibilité'],1
https://w3id.org/semleg/legimaintlex/resource/document/arrete-du-11-septembre-2007-relatif-aux-modalites-d-exercice-du-controle-financi-300ca24c76a2/article/article-JORFTEXT000000652957-212,['Accessibilité handicapés'],['Accessibilité'],1
https://w3id.org/semleg/legimaintlex/resource/document/arrete-du-11-septembre-2007-relatif-aux-modalites-d-exercice-du-controle-financi-300ca24c76a2/article/article-JORFTEXT000000652957-213,['Accessibilité handicapés'],['Accessibilité'],1
https://w3id.org/semleg/legimaintlex/resource/document/arrete-du-11-septembre-2007-relatif-aux-modalites-d-exercice-du-controle-financi-300ca24c76a2/article/article-JORFTEXT000000652957-214,['Accessibilité handicapés'],['Accessibilité'],1
https://w3id.org/semleg/legimaintlex/resource/document/arrete-du-11-septembre-2007-relatif-aux-modalites-d-exercice-du-controle-financi-300ca24c76a2/article/article-JORFTEXT000000652957-215,['Accessibilité handicapés'],['Accessibilité'],1
https://w3id.org/semleg/legimaintlex/resource/document/arrete-du-11-septembre-2007-relatif-aux-modalites-d-exercice-du-controle-financi-300ca24c76a2/article/article-JORFTEXT000000652957-216,['Accessibilité handicapés'],['Accessibilité'],1
https://w3id.org/semleg/legimaintlex/resource/document/arrete-du-11-septembre-2007-relatif-aux-modalites-d-exercice-du-controle-financi-300ca24c76a2/article/article-JORFTEXT000000652957-217,['Accessibilité handicapés'],['Accessibilité'],1
https://w3id.org/semleg/legimaintlex/resource/document/arrete-du-11-septembre-2007-relatif-aux-modalites-d-exercice-du-controle-financi-300ca24c76a2/article/article-JORFTEXT000000652957-218,['Accessibilité handicapés'],['Accessibilité'],1
https://w3id.org/semleg/legimaintlex/resource/document/arrete-du-12-novembre-1990-modifiant-l-arrete-du-15-fevrier-1988-fixant-la-liste-324ca2e11186/article/1er-JORFTEXT000000534121-3496,['Portes et portails'],"['Portes', 'portails']",2
https://w3id.org/semleg/legimaintlex/resource/document/arrete-du-12-novembre-1990-modifiant-l-arrete-du-4-octobre-1968-determinant-les-b0dadcaf7c5b/article/1er-JORFTEXT000000351414-3497,['Portes et portails'],"['Portes', 'portails']",2
https://w3id.org/semleg/legimaintlex/resource/document/arrete-du-12-novembre-1990-portant-creation-du-comite-directeur-de-l-oceanograph-7c1a56e8b3fd/article/1er-JORFTEXT000000717559-3507,['Portes et portails'],"['Portes', 'portails']",2
https://w3id.org/semleg/legimaintlex/resource/document/arrete-du-12-novembre-1990-portant-creation-du-comite-directeur-de-l-oceanograph-7c1a56e8b3fd/article/2-JORFTEXT000000717559-3509,['Portes et portails'],"['Portes', 'portails']",2
https://w3id.org/semleg/legimaintlex/resource/document/arrete-du-12-novembre-1990-portant-creation-du-comite-directeur-de-l-oceanograph-7c1a56e8b3fd/article/3-JORFTEXT000000717559-3510,['Portes et portails'],"['Portes', 'portails']",2
https://w3id.org/semleg/legimaintlex/resource/document/arrete-du-12-novembre-1990-portant-creation-du-comite-directeur-de-l-oceanograph-7c1a56e8b3fd/article/4-JORFTEXT000000717559-3508,['Portes et portails'],"['Portes', 'portails']",2
https://w3id.org/semleg/legimaintlex/resource/document/arrete-du-12-novembre-1990-portant-creation-du-comite-directeur-de-l-oceanograph-7c1a56e8b3fd/article/5-JORFTEXT000000717559-3505,['Portes et portails'],"['Portes', 'portails']",2
https://w3id.org/semleg/legimaintlex/resource/document/arrete-du-12-novembre-1990-portant-creation-du-comite-directeur-de-l-oceanograph-7c1a56e8b3fd/article/6-JORFTEXT000000717559-3504,['Portes et portails'],"['Portes', 'portails']",2
https://w3id.org/semleg/legimaintlex/resource/document/arrete-du-12-novembre-1990-portant-creation-du-comite-directeur-de-l-oceanograph-7c1a56e8b3fd/article/7-JORFTEXT000000717559-3506,['Portes et portails'],"['Portes', 'portails']",2
https://w3id.org/semleg/legimaintlex/resource/document/arrete-du-12-novembre-1990-relatif-a-l-entretien-des-portes-automatiques-de-gara-96265eb86716/article/1er-JORFTEXT000000534115-3498,['Portes et portails'],"['Portes', 'portails']",2
https://w3id.org/semleg/legimaintlex/resource/document/arrete-du-12-novembre-1990-relatif-a-l-entretien-des-portes-automatiques-de-gara-96265eb86716/article/2-JORFTEXT000000534115-3499,['Portes et portails'],"['Portes', 'portails']",2
https://w3id.org/semleg/legimaintlex/resource/document/arrete-du-12-novembre-1990-relatif-a-l-entretien-des-portes-automatiques-de-gara-96265eb86716/article/3-JORFTEXT000000534115-3501,['Portes et portails'],"['Portes', 'portails']",2
https://w3id.org/semleg/legimaintlex/resource/document/arrete-du-12-novembre-1990-relatif-a-l-entretien-des-portes-automatiques-de-gara-96265eb86716/article/4-JORFTEXT000000534115-3500,['Portes et portails'],"['Portes', 'portails']",2
https://w3id.org/semleg/legimaintlex/resource/document/arrete-du-12-novembre-1990-relatif-a-l-entretien-des-portes-automatiques-de-gara-96265eb86716/article/5-JORFTEXT000000534115-3502,['Portes et portails'],"['Portes', 'portails']",2
https://w3id.org/semleg/legimaintlex/resource/document/arrete-du-12-novembre-1990-relatif-a-l-entretien-des-portes-automatiques-de-gara-96265eb86716/article/6-JORFTEXT000000534115-3503,['Portes et portails'],"['Portes', 'portails']",2
https://w3id.org/semleg/legimaintlex/resource/document/arrete-du-14-mars-2014-designant-une-operation-de-restructuration-des-centres-de-eccd067f0097/article/article-JORFTEXT000028819648-316,['Accessibilité handicapés'],['Accessibilité'],1
https://w3id.org/semleg/legimaintlex/resource/document/arrete-du-14-mars-2014-fixant-le-nombre-de-contrats-de-praticiens-territoriaux-d-f8d773872918/article/article-JORFTEXT000028819547-338,['Accessibilité handicapés'],['Accessibilité'],1
https://w3id.org/semleg/legimaintlex/resource/document/arrete-du-14-mars-2014-fixant-le-nombre-de-contrats-de-praticiens-territoriaux-d-f8d773872918/article/article-JORFTEXT000028819547-339,['Accessibilité handicapés'],['Accessibilité'],1
https://w3id.org/semleg/legimaintlex/resource/document/arrete-du-14-mars-2014-fixant-les-dispositions-relatives-a-l-accessibilite-des-l-59cbe5ce5d41/article/article-JORFTEXT000028725282-329,['Accessibilité handicapés'],['Accessibilité'],1
https://w3id.org/semleg/legimaintlex/resource/document/arrete-du-14-mars-2014-fixant-les-dispositions-relatives-a-l-accessibilite-des-l-59cbe5ce5d41/article/article-JORFTEXT000028725282-330,['Accessibilité handicapés'],['Accessibilité'],1
https://w3id.org/semleg/legimaintlex/resource/document/arrete-du-14-mars-2014-fixant-les-dispositions-relatives-a-l-accessibilite-des-l-59cbe5ce5d41/article/article-JORFTEXT000028725282-331,['Accessibilité handicapés'],['Accessibilité'],1
https://w3id.org/semleg/legimaintlex/resource/document/arrete-du-14-mars-2014-fixant-les-dispositions-relatives-a-l-accessibilite-des-l-59cbe5ce5d41/article/article-JORFTEXT000028725282-332,['Accessibilité handicapés'],['Accessibilité'],1
https://w3id.org/semleg/legimaintlex/resource/document/arrete-du-14-mars-2014-fixant-les-dispositions-relatives-a-l-accessibilite-des-l-59cbe5ce5d41/article/article-JORFTEXT000028725282-333,['Accessibilité handicapés'],['Accessibilité'],1
https://w3id.org/semleg/legimaintlex/resource/document/arrete-du-14-mars-2014-fixant-les-dispositions-relatives-a-l-accessibilite-des-l-59cbe5ce5d41/article/article-JORFTEXT000028725282-334,['Accessibilité handicapés'],['Accessibilité'],1
https://w3id.org/semleg/legimaintlex/resource/document/arrete-du-14-mars-2014-fixant-les-dispositions-relatives-a-l-accessibilite-des-l-59cbe5ce5d41/article/article-JORFTEXT000028725282-335,['Accessibilité handicapés'],['Accessibilité'],1
https://w3id.org/semleg/legimaintlex/resource/document/arrete-du-14-mars-2014-fixant-les-dispositions-relatives-a-l-accessibilite-des-l-59cbe5ce5d41/article/article-JORFTEXT000028725282-336,['Accessibilité handicapés'],['Accessibilité'],1
https://w3id.org/semleg/legimaintlex/resource/document/arrete-du-14-mars-2014-fixant-les-dispositions-relatives-a-l-accessibilite-des-l-59cbe5ce5d41/article/article-JORFTEXT000028725282-337,['Accessibilité handicapés'],['Accessibilité'],1
https://w3id.org/semleg/legimaintlex/resource/document/arrete-du-14-mars-2014-modifiant-l-arrete-du-20-mai-1999-portant-creation-de-la-4ca798e30680/article/article-JORFTEXT000028786478-328,['Accessibilité handicapés'],['Accessibilité'],1
https://w3id.org/semleg/legimaintlex/resource/document/arrete-du-14-mars-2014-modifiant-l-arrete-du-23-aout-2011-portant-organisation-e-f7446d4b34a9/article/article-JORFTEXT000028725332-311,['Accessibilité handicapés'],['Accessibilité'],1
https://w3id.org/semleg/legimaintlex/resource/document/arrete-du-14-mars-2014-modifiant-l-arrete-du-23-aout-2011-portant-organisation-e-f7446d4b34a9/article/article-JORFTEXT000028725332-312,['Accessibilité handicapés'],['Accessibilité'],1
https://w3id.org/semleg/legimaintlex/resource/document/arrete-du-14-mars-2014-modifiant-l-arrete-du-23-aout-2011-portant-organisation-e-f7446d4b34a9/article/article-JORFTEXT000028725332-313,['Accessibilité handicapés'],['Accessibilité'],1
https://w3id.org/semleg/legimaintlex/resource/document/arrete-du-14-mars-2014-modifiant-l-arrete-du-28-janvier-2011-fixant-la-liste-des-0affcd5b4e43/article/article-JORFTEXT000028819824-340,['Accessibilité handicapés'],['Accessibilité'],1
https://w3id.org/semleg/legimaintlex/resource/document/arrete-du-14-mars-2014-modifiant-l-arrete-du-28-janvier-2011-fixant-la-liste-des-0affcd5b4e43/article/article-JORFTEXT000028819824-341,['Accessibilité handicapés'],['Accessibilité'],1
https://w3id.org/semleg/legimaintlex/resource/document/arrete-du-14-mars-2014-modifiant-l-arrete-du-28-janvier-2011-fixant-la-liste-des-0affcd5b4e43/article/article-JORFTEXT000028819824-342,['Accessibilité handicapés'],['Accessibilité'],1
https://w3id.org/semleg/legimaintlex/resource/document/arrete-du-14-mars-2014-modifiant-l-arrete-du-28-janvier-2011-fixant-la-liste-des-0affcd5b4e43/article/article-JORFTEXT000028819824-343,['Accessibilité handicapés'],['Accessibilité'],1
https://w3id.org/semleg/legimaintlex/resource/document/arrete-du-14-mars-2014-modifiant-l-arrete-du-28-janvier-2011-fixant-la-liste-des-0affcd5b4e43/article/article-JORFTEXT000028819824-344,['Accessibilité handicapés'],['Accessibilité'],1
https://w3id.org/semleg/legimaintlex/resource/document/arrete-du-14-mars-2014-modifiant-l-arrete-du-28-janvier-2011-fixant-la-liste-des-0affcd5b4e43/article/article-JORFTEXT000028819824-345,['Accessibilité handicapés'],['Accessibilité'],1
https://w3id.org/semleg/legimaintlex/resource/document/arrete-du-14-mars-2014-modifiant-l-arrete-du-28-janvier-2011-fixant-la-liste-des-0affcd5b4e43/article/article-JORFTEXT000028819824-346,['Accessibilité handicapés'],['Accessibilité'],1
https://w3id.org/semleg/legimaintlex/resource/document/arrete-du-14-mars-2014-portant-creation-de-la-specialite-monteur-en-installation-6ca6f50c3f40/article/article-JORFTEXT000028819494-317,['Accessibilité handicapés'],['Accessibilité'],1
https://w3id.org/semleg/legimaintlex/resource/document/arrete-du-14-mars-2014-portant-creation-de-la-specialite-monteur-en-installation-6ca6f50c3f40/article/article-JORFTEXT000028819494-318,['Accessibilité handicapés'],['Accessibilité'],1
https://w3id.org/semleg/legimaintlex/resource/document/arrete-du-14-mars-2014-portant-creation-de-la-specialite-monteur-en-installation-6ca6f50c3f40/article/article-JORFTEXT000028819494-319,['Accessibilité handicapés'],['Accessibilité'],1
https://w3id.org/semleg/legimaintlex/resource/document/arrete-du-14-mars-2014-portant-creation-de-la-specialite-monteur-en-installation-6ca6f50c3f40/article/article-JORFTEXT000028819494-320,['Accessibilité handicapés'],['Accessibilité'],1
https://w3id.org/semleg/legimaintlex/resource/document/arrete-du-14-mars-2014-portant-creation-de-la-specialite-monteur-en-installation-6ca6f50c3f40/article/article-JORFTEXT000028819494-321,['Accessibilité handicapés'],['Accessibilité'],1
https://w3id.org/semleg/legimaintlex/resource/document/arrete-du-14-mars-2014-portant-creation-de-la-specialite-monteur-en-installation-6ca6f50c3f40/article/article-JORFTEXT000028819494-322,['Accessibilité handicapés'],['Accessibilité'],1
https://w3id.org/semleg/legimaintlex/resource/document/arrete-du-14-mars-2014-portant-creation-de-la-specialite-monteur-en-installation-6ca6f50c3f40/article/article-JORFTEXT000028819494-323,['Accessibilité handicapés'],['Accessibilité'],1
https://w3id.org/semleg/legimaintlex/resource/document/arrete-du-14-mars-2014-portant-creation-de-la-specialite-monteur-en-installation-6ca6f50c3f40/article/article-JORFTEXT000028819494-324,['Accessibilité handicapés'],['Accessibilité'],1
https://w3id.org/semleg/legimaintlex/resource/document/arrete-du-14-mars-2014-portant-creation-de-la-specialite-monteur-en-installation-6ca6f50c3f40/article/article-JORFTEXT000028819494-325,['Accessibilité handicapés'],['Accessibilité'],1
https://w3id.org/semleg/legimaintlex/resource/document/arrete-du-14-mars-2014-portant-creation-de-la-specialite-monteur-en-installation-6ca6f50c3f40/article/article-JORFTEXT000028819494-326,['Accessibilité handicapés'],['Accessibilité'],1
https://w3id.org/semleg/legimaintlex/resource/document/arrete-du-14-mars-2014-portant-creation-de-la-specialite-monteur-en-installation-6ca6f50c3f40/article/article-JORFTEXT000028819494-327,['Accessibilité handicapés'],['Accessibilité'],1
https://w3id.org/semleg/legimaintlex/resource/document/arrete-du-14-mars-2014-portant-repartition-regionale-des-contrats-de-praticiens-4890e9e607cf/article/article-JORFTEXT000028819542-309,['Accessibilité handicapés'],['Accessibilité'],1
https://w3id.org/semleg/legimaintlex/resource/document/arrete-du-14-mars-2014-portant-repartition-regionale-des-contrats-de-praticiens-4890e9e607cf/article/article-JORFTEXT000028819542-310,['Accessibilité handicapés'],['Accessibilité'],1
https://w3id.org/semleg/legimaintlex/resource/document/arrete-du-14-mars-2014-relatif-aux-indemnites-susceptibles-d-etre-versees-aux-me-b90919035689/article/article-JORFTEXT000028725236-314,['Accessibilité handicapés'],['Accessibilité'],1
https://w3id.org/semleg/legimaintlex/resource/document/arrete-du-14-mars-2014-relatif-aux-indemnites-susceptibles-d-etre-versees-aux-me-b90919035689/article/article-JORFTEXT000028725236-315,['Accessibilité handicapés'],['Accessibilité'],1
https://w3id.org/semleg/legimaintlex/resource/document/arrete-du-15-janvier-2007-portant-application-du-decret-n-2006-1658-du-21-decemb-e7d443cbd1e3/article/article-JORFTEXT000000646680-494,['Accessibilité handicapés'],['Accessibilité'],1
https://w3id.org/semleg/legimaintlex/resource/document/arrete-du-15-janvier-2007-portant-application-du-decret-n-2006-1658-du-21-decemb-e7d443cbd1e3/article/article-JORFTEXT000000646680-495,['Accessibilité handicapés'],['Accessibilité'],1
https://w3id.org/semleg/legimaintlex/resource/document/arrete-du-15-janvier-2007-portant-application-du-decret-n-2006-1658-du-21-decemb-e7d443cbd1e3/article/article-JORFTEXT000000646680-496,['Accessibilité handicapés'],['Accessibilité'],1
https://w3id.org/semleg/legimaintlex/resource/document/arrete-du-15-janvier-2007-portant-application-du-decret-n-2006-1658-du-21-decemb-e7d443cbd1e3/article/article-JORFTEXT000000646680-497,['Accessibilité handicapés'],['Accessibilité'],1
https://w3id.org/semleg/legimaintlex/resource/document/arrete-du-15-janvier-2007-portant-application-du-decret-n-2006-1658-du-21-decemb-e7d443cbd1e3/article/article-JORFTEXT000000646680-498,['Accessibilité handicapés'],['Accessibilité'],1
https://w3id.org/semleg/legimaintlex/resource/document/arrete-du-15-janvier-2007-portant-creation-a-titre-experimental-d-un-traitement-78ad7128d668/article/article-JORFTEXT000000462584-486,['Accessibilité handicapés'],['Accessibilité'],1
https://w3id.org/semleg/legimaintlex/resource/document/arrete-du-15-janvier-2007-portant-creation-a-titre-experimental-d-un-traitement-78ad7128d668/article/article-JORFTEXT000000462584-487,['Accessibilité handicapés'],['Accessibilité'],1
https://w3id.org/semleg/legimaintlex/resource/document/arrete-du-15-janvier-2007-portant-creation-a-titre-experimental-d-un-traitement-78ad7128d668/article/article-JORFTEXT000000462584-488,['Accessibilité handicapés'],['Accessibilité'],1
https://w3id.org/semleg/legimaintlex/resource/document/arrete-du-15-janvier-2007-portant-creation-a-titre-experimental-d-un-traitement-78ad7128d668/article/article-JORFTEXT000000462584-489,['Accessibilité handicapés'],['Accessibilité'],1
https://w3id.org/semleg/legimaintlex/resource/document/arrete-du-15-janvier-2007-portant-creation-a-titre-experimental-d-un-traitement-78ad7128d668/article/article-JORFTEXT000000462584-490,['Accessibilité handicapés'],['Accessibilité'],1
https://w3id.org/semleg/legimaintlex/resource/document/arrete-du-15-janvier-2007-portant-creation-a-titre-experimental-d-un-traitement-78ad7128d668/article/article-JORFTEXT000000462584-491,['Accessibilité handicapés'],['Accessibilité'],1
https://w3id.org/semleg/legimaintlex/resource/document/arrete-du-15-janvier-2007-portant-creation-de-maisons-de-justice-et-du-droit-et-f4b6df9185df/article/article-JORFTEXT000000241735-499,['Accessibilité handicapés'],['Accessibilité'],1
https://w3id.org/semleg/legimaintlex/resource/document/arrete-du-15-janvier-2007-portant-creation-de-maisons-de-justice-et-du-droit-et-f4b6df9185df/article/article-JORFTEXT000000241735-500,['Accessibilité handicapés'],['Accessibilité'],1
https://w3id.org/semleg/legimaintlex/resource/document/arrete-du-15-janvier-2007-portant-creation-de-maisons-de-justice-et-du-droit-et-f4b6df9185df/article/article-JORFTEXT000000241735-501,['Accessibilité handicapés'],['Accessibilité'],1
https://w3id.org/semleg/legimaintlex/resource/document/arrete-du-15-janvier-2007-relatif-au-contrat-type-d-apprentissage-43600223e970/article/article-JORFTEXT000000819401-492,['Accessibilité handicapés'],['Accessibilité'],1
https://w3id.org/semleg/legimaintlex/resource/document/arrete-du-15-janvier-2007-relatif-au-contrat-type-d-apprentissage-43600223e970/article/article-JORFTEXT000000819401-493,['Accessibilité handicapés'],['Accessibilité'],1
https://w3id.org/semleg/legimaintlex/resource/document/arrete-du-19-avril-2017-etablissant-la-liste-des-emplois-de-conseiller-d-adminis-3d24b062ced3/article/article-JORFTEXT000034492178-220,['Accessibilité handicapés'],['Accessibilité'],1
https://w3id.org/semleg/legimaintlex/resource/document/arrete-du-19-avril-2017-etablissant-la-liste-des-emplois-de-conseiller-d-adminis-3d24b062ced3/article/article-JORFTEXT000034492178-221,['Accessibilité handicapés'],['Accessibilité'],1
https://w3id.org/semleg/legimaintlex/resource/document/arrete-du-19-avril-2017-etablissant-la-liste-des-emplois-de-conseiller-d-adminis-3d24b062ced3/article/article-JORFTEXT000034492178-222,['Accessibilité handicapés'],['Accessibilité'],1
https://w3id.org/semleg/legimaintlex/resource/document/arrete-du-19-avril-2017-fixant-pour-2017-les-departements-frontaliers-ou-en-diff-a335d3396cf5/article/article-JORFTEXT000034566741-253,['Accessibilité handicapés'],['Accessibilité'],1
https://w3id.org/semleg/legimaintlex/resource/document/arrete-du-19-avril-2017-fixant-pour-2017-les-departements-frontaliers-ou-en-diff-a335d3396cf5/article/article-JORFTEXT000034566741-254,['Accessibilité handicapés'],['Accessibilité'],1
https://w3id.org/semleg/legimaintlex/resource/document/arrete-du-19-avril-2017-fixant-pour-2017-les-departements-frontaliers-ou-en-diff-a335d3396cf5/article/article-JORFTEXT000034566741-255,['Accessibilité handicapés'],['Accessibilité'],1
https://w3id.org/semleg/legimaintlex/resource/document/arrete-du-19-avril-2017-modifiant-l-arrete-du-18-mars-1991-relatif-au-classement-568e6a6fcb51/article/article-JORFTEXT000034631042-244,['Accessibilité handicapés'],['Accessibilité'],1
https://w3id.org/semleg/legimaintlex/resource/document/arrete-du-19-avril-2017-modifiant-l-arrete-du-18-mars-1991-relatif-au-classement-568e6a6fcb51/article/article-JORFTEXT000034631042-245,['Accessibilité handicapés'],['Accessibilité'],1
https://w3id.org/semleg/legimaintlex/resource/document/arrete-du-19-avril-2017-modifiant-l-arrete-du-30-mai-2006-modifie-pris-pour-l-ap-facfe3b236c3/article/article-JORFTEXT000034475023-256,['Accessibilité handicapés'],['Accessibilité'],1
https://w3id.org/semleg/legimaintlex/resource/document/arrete-du-19-avril-2017-modifiant-l-arrete-du-30-mai-2006-modifie-pris-pour-l-ap-facfe3b236c3/article/article-JORFTEXT000034475023-257,['Accessibilité handicapés'],['Accessibilité'],1
https://w3id.org/semleg/legimaintlex/resource/document/arrete-du-19-avril-2017-modifiant-l-arrete-du-30-mai-2006-modifie-pris-pour-l-ap-facfe3b236c3/article/article-JORFTEXT000034475023-258,['Accessibilité handicapés'],['Accessibilité'],1
https://w3id.org/semleg/legimaintlex/resource/document/arrete-du-19-avril-2017-modifiant-l-arrete-du-7-juillet-2015-etablissant-la-list-5b29038aefda/article/article-JORFTEXT000034493430-259,['Accessibilité handicapés'],['Accessibilité'],1
https://w3id.org/semleg/legimaintlex/resource/document/arrete-du-19-avril-2017-modifiant-l-arrete-du-7-juillet-2015-etablissant-la-list-5b29038aefda/article/article-JORFTEXT000034493430-260,['Accessibilité handicapés'],['Accessibilité'],1
https://w3id.org/semleg/legimaintlex/resource/document/arrete-du-19-avril-2017-portant-modification-de-l-arrete-du-29-fevrier-2016-rela-20e1fc98f251/article/article-JORFTEXT000034453730-246,['Accessibilité handicapés'],['Accessibilité'],1
https://w3id.org/semleg/legimaintlex/resource/document/arrete-du-19-avril-2017-portant-modification-de-l-arrete-du-29-fevrier-2016-rela-20e1fc98f251/article/article-JORFTEXT000034453730-247,['Accessibilité handicapés'],['Accessibilité'],1
https://w3id.org/semleg/legimaintlex/resource/document/arrete-du-19-avril-2017-portant-modification-de-l-arrete-du-29-fevrier-2016-rela-20e1fc98f251/article/article-JORFTEXT000034453730-248,['Accessibilité handicapés'],['Accessibilité'],1
https://w3id.org/semleg/legimaintlex/resource/document/arrete-du-19-avril-2017-precisant-les-conditions-selon-lesquelles-les-personnes-545fd1977c39/article/article-JORFTEXT000034450221-236,['Accessibilité handicapés'],['Accessibilité'],1
https://w3id.org/semleg/legimaintlex/resource/document/arrete-du-19-avril-2017-precisant-les-conditions-selon-lesquelles-les-personnes-545fd1977c39/article/article-JORFTEXT000034450221-237,['Accessibilité handicapés'],['Accessibilité'],1
https://w3id.org/semleg/legimaintlex/resource/document/arrete-du-19-avril-2017-precisant-les-conditions-selon-lesquelles-les-personnes-545fd1977c39/article/article-JORFTEXT000034450221-238,['Accessibilité handicapés'],['Accessibilité'],1
https://w3id.org/semleg/legimaintlex/resource/document/arrete-du-19-avril-2017-precisant-les-conditions-selon-lesquelles-les-personnes-545fd1977c39/article/article-JORFTEXT000034450221-239,['Accessibilité handicapés'],['Accessibilité'],1
https://w3id.org/semleg/legimaintlex/resource/document/arrete-du-19-avril-2017-precisant-les-conditions-selon-lesquelles-les-personnes-545fd1977c39/article/article-JORFTEXT000034450221-240,['Accessibilité handicapés'],['Accessibilité'],1
https://w3id.org/semleg/legimaintlex/resource/document/arrete-du-19-avril-2017-precisant-les-conditions-selon-lesquelles-les-personnes-545fd1977c39/article/article-JORFTEXT000034450221-241,['Accessibilité handicapés'],['Accessibilité'],1
https://w3id.org/semleg/legimaintlex/resource/document/arrete-du-19-avril-2017-precisant-les-conditions-selon-lesquelles-les-personnes-545fd1977c39/article/article-JORFTEXT000034450221-242,['Accessibilité handicapés'],['Accessibilité'],1
https://w3id.org/semleg/legimaintlex/resource/document/arrete-du-19-avril-2017-precisant-les-conditions-selon-lesquelles-les-personnes-545fd1977c39/article/article-JORFTEXT000034450221-243,['Accessibilité handicapés'],['Accessibilité'],1
https://w3id.org/semleg/legimaintlex/resource/document/arrete-du-19-avril-2017-relatif-a-la-nature-et-aux-modalites-de-l-examen-bucco-d-6cc929ed75b2/article/article-JORFTEXT000034475010-249,['Accessibilité handicapés'],['Accessibilité'],1
https://w3id.org/semleg/legimaintlex/resource/document/arrete-du-19-avril-2017-relatif-a-la-nature-et-aux-modalites-de-l-examen-bucco-d-6cc929ed75b2/article/article-JORFTEXT000034475010-250,['Accessibilité handicapés'],['Accessibilité'],1
https://w3id.org/semleg/legimaintlex/resource/document/arrete-du-19-avril-2017-relatif-a-la-nature-et-aux-modalites-de-l-examen-bucco-d-6cc929ed75b2/article/article-JORFTEXT000034475010-251,['Accessibilité handicapés'],['Accessibilité'],1
https://w3id.org/semleg/legimaintlex/resource/document/arrete-du-19-avril-2017-relatif-a-la-nature-et-aux-modalites-de-l-examen-bucco-d-6cc929ed75b2/article/article-JORFTEXT000034475010-252,['Accessibilité handicapés'],['Accessibilité'],1
https://w3id.org/semleg/legimaintlex/resource/document/arrete-du-19-avril-2017-relatif-aux-conditions-d-acces-a-l-organisation-de-la-fo-5cb6cf2d9af9/article/article-JORFTEXT000034502655-223,['Accessibilité handicapés'],['Accessibilité'],1
https://w3id.org/semleg/legimaintlex/resource/document/arrete-du-19-avril-2017-relatif-aux-conditions-d-acces-a-l-organisation-de-la-fo-5cb6cf2d9af9/article/article-JORFTEXT000034502655-224,['Accessibilité handicapés'],['Accessibilité'],1
https://w3id.org/semleg/legimaintlex/resource/document/arrete-du-19-avril-2017-relatif-aux-conditions-d-acces-a-l-organisation-de-la-fo-5cb6cf2d9af9/article/article-JORFTEXT000034502655-225,['Accessibilité handicapés'],['Accessibilité'],1
https://w3id.org/semleg/legimaintlex/resource/document/arrete-du-19-avril-2017-relatif-aux-conditions-d-acces-a-l-organisation-de-la-fo-5cb6cf2d9af9/article/article-JORFTEXT000034502655-226,['Accessibilité handicapés'],['Accessibilité'],1
https://w3id.org/semleg/legimaintlex/resource/document/arrete-du-19-avril-2017-relatif-aux-conditions-d-acces-a-l-organisation-de-la-fo-5cb6cf2d9af9/article/article-JORFTEXT000034502655-227,['Accessibilité handicapés'],['Accessibilité'],1
https://w3id.org/semleg/legimaintlex/resource/document/arrete-du-19-avril-2017-relatif-aux-conditions-d-acces-a-l-organisation-de-la-fo-5cb6cf2d9af9/article/article-JORFTEXT000034502655-228,['Accessibilité handicapés'],['Accessibilité'],1
https://w3id.org/semleg/legimaintlex/resource/document/arrete-du-19-avril-2017-relatif-aux-conditions-d-acces-a-l-organisation-de-la-fo-5cb6cf2d9af9/article/article-JORFTEXT000034502655-229,['Accessibilité handicapés'],['Accessibilité'],1
https://w3id.org/semleg/legimaintlex/resource/document/arrete-du-19-avril-2017-relatif-aux-conditions-d-acces-a-l-organisation-de-la-fo-5cb6cf2d9af9/article/article-JORFTEXT000034502655-230,['Accessibilité handicapés'],['Accessibilité'],1
https://w3id.org/semleg/legimaintlex/resource/document/arrete-du-19-avril-2017-relatif-aux-conditions-d-acces-a-l-organisation-de-la-fo-5cb6cf2d9af9/article/article-JORFTEXT000034502655-231,['Accessibilité handicapés'],['Accessibilité'],1
https://w3id.org/semleg/legimaintlex/resource/document/arrete-du-19-avril-2017-relatif-aux-conditions-d-acces-a-l-organisation-de-la-fo-5cb6cf2d9af9/article/article-JORFTEXT000034502655-232,['Accessibilité handicapés'],['Accessibilité'],1
https://w3id.org/semleg/legimaintlex/resource/document/arrete-du-19-avril-2017-relatif-aux-conditions-d-acces-a-l-organisation-de-la-fo-5cb6cf2d9af9/article/article-JORFTEXT000034502655-233,['Accessibilité handicapés'],['Accessibilité'],1
https://w3id.org/semleg/legimaintlex/resource/document/arrete-du-19-avril-2017-relatif-aux-conditions-d-acces-a-l-organisation-de-la-fo-5cb6cf2d9af9/article/article-JORFTEXT000034502655-234,['Accessibilité handicapés'],['Accessibilité'],1
https://w3id.org/semleg/legimaintlex/resource/document/arrete-du-19-avril-2017-relatif-aux-conditions-d-acces-a-l-organisation-de-la-fo-5cb6cf2d9af9/article/article-JORFTEXT000034502655-235,['Accessibilité handicapés'],['Accessibilité'],1
https://w3id.org/semleg/legimaintlex/resource/document/arrete-du-20-avril-2017-modifiant-l-arrete-du-30-avril-2007-fixant-le-montant-de-f6bec211887d/article/article-JORFTEXT000034454037-66,['Accessibilité handicapés'],['Accessibilité'],1
https://w3id.org/semleg/legimaintlex/resource/document/arrete-du-20-avril-2017-modifiant-l-arrete-du-30-avril-2007-fixant-le-montant-de-f6bec211887d/article/article-JORFTEXT000034454037-67,['Accessibilité handicapés'],['Accessibilité'],1
https://w3id.org/semleg/legimaintlex/resource/document/arrete-du-20-avril-2017-modifiant-l-arrete-du-30-avril-2007-fixant-le-montant-de-f6bec211887d/article/article-JORFTEXT000034454037-68,['Accessibilité handicapés'],['Accessibilité'],1
https://w3id.org/semleg/legimaintlex/resource/document/arrete-du-20-avril-2017-modifiant-l-arrete-du-30-juin-2014-portant-creation-de-l-a2ec5d423a22/article/article-JORFTEXT000034492188-63,['Accessibilité handicapés'],['Accessibilité'],1
https://w3id.org/semleg/legimaintlex/resource/document/arrete-du-20-avril-2017-modifiant-l-arrete-du-30-mars-2017-fixant-la-liste-des-p-4ba547dcc68a/article/article-JORFTEXT000034475295-64,['Accessibilité handicapés'],['Accessibilité'],1
https://w3id.org/semleg/legimaintlex/resource/document/arrete-du-20-avril-2017-modifiant-l-arrete-du-30-mars-2017-fixant-la-liste-des-p-4ba547dcc68a/article/article-JORFTEXT000034475295-65,['Accessibilité handicapés'],['Accessibilité'],1
https://w3id.org/semleg/legimaintlex/resource/document/arrete-du-20-avril-2017-modifiant-l-arrete-du-31-mai-2011-relatif-a-l-exploitati-4e38051d7d1f/article/article-JORFTEXT000034519126-93,['Accessibilité handicapés'],['Accessibilité'],1
https://w3id.org/semleg/legimaintlex/resource/document/arrete-du-20-avril-2017-portant-organisation-et-fonctionnement-du-service-a-comp-75583a24ce10/article/article-JORFTEXT000034454146-57,['Accessibilité handicapés'],['Accessibilité'],1
https://w3id.org/semleg/legimaintlex/resource/document/arrete-du-20-avril-2017-portant-organisation-et-fonctionnement-du-service-a-comp-75583a24ce10/article/article-JORFTEXT000034454146-58,['Accessibilité handicapés'],['Accessibilité'],1
https://w3id.org/semleg/legimaintlex/resource/document/arrete-du-20-avril-2017-portant-organisation-et-fonctionnement-du-service-a-comp-75583a24ce10/article/article-JORFTEXT000034454146-59,['Accessibilité handicapés'],['Accessibilité'],1
https://w3id.org/semleg/legimaintlex/resource/document/arrete-du-20-avril-2017-portant-organisation-et-fonctionnement-du-service-a-comp-75583a24ce10/article/article-JORFTEXT000034454146-60,['Accessibilité handicapés'],['Accessibilité'],1
https://w3id.org/semleg/legimaintlex/resource/document/arrete-du-20-avril-2017-portant-organisation-et-fonctionnement-du-service-a-comp-75583a24ce10/article/article-JORFTEXT000034454146-61,['Accessibilité handicapés'],['Accessibilité'],1
https://w3id.org/semleg/legimaintlex/resource/document/arrete-du-20-avril-2017-portant-organisation-et-fonctionnement-du-service-a-comp-75583a24ce10/article/article-JORFTEXT000034454146-62,['Accessibilité handicapés'],['Accessibilité'],1
https://w3id.org/semleg/legimaintlex/resource/document/arrete-du-20-avril-2017-relatif-a-l-accessibilite-aux-personnes-handicapees-des-6f11433be464/article/article-JORFTEXT000034485459-69,['Accessibilité handicapés'],['Accessibilité'],1
https://w3id.org/semleg/legimaintlex/resource/document/arrete-du-20-avril-2017-relatif-a-l-accessibilite-aux-personnes-handicapees-des-6f11433be464/article/article-JORFTEXT000034485459-70,['Accessibilité handicapés'],['Accessibilité'],1
https://w3id.org/semleg/legimaintlex/resource/document/arrete-du-20-avril-2017-relatif-a-l-accessibilite-aux-personnes-handicapees-des-6f11433be464/article/article-JORFTEXT000034485459-71,['Accessibilité handicapés'],['Accessibilité'],1
https://w3id.org/semleg/legimaintlex/resource/document/arrete-du-20-avril-2017-relatif-a-l-accessibilite-aux-personnes-handicapees-des-6f11433be464/article/article-JORFTEXT000034485459-72,['Accessibilité handicapés'],['Accessibilité'],1
https://w3id.org/semleg/legimaintlex/resource/document/arrete-du-20-avril-2017-relatif-a-l-accessibilite-aux-personnes-handicapees-des-6f11433be464/article/article-JORFTEXT000034485459-73,['Accessibilité handicapés'],['Accessibilité'],1
https://w3id.org/semleg/legimaintlex/resource/document/arrete-du-20-avril-2017-relatif-a-l-accessibilite-aux-personnes-handicapees-des-6f11433be464/article/article-JORFTEXT000034485459-74,['Accessibilité handicapés'],['Accessibilité'],1
https://w3id.org/semleg/legimaintlex/resource/document/arrete-du-20-avril-2017-relatif-a-l-accessibilite-aux-personnes-handicapees-des-6f11433be464/article/article-JORFTEXT000034485459-75,['Accessibilité handicapés'],['Accessibilité'],1
https://w3id.org/semleg/legimaintlex/resource/document/arrete-du-20-avril-2017-relatif-a-l-accessibilite-aux-personnes-handicapees-des-6f11433be464/article/article-JORFTEXT000034485459-76,['Accessibilité handicapés'],['Accessibilité'],1
https://w3id.org/semleg/legimaintlex/resource/document/arrete-du-20-avril-2017-relatif-a-l-accessibilite-aux-personnes-handicapees-des-6f11433be464/article/article-JORFTEXT000034485459-77,['Accessibilité handicapés'],['Accessibilité'],1
https://w3id.org/semleg/legimaintlex/resource/document/arrete-du-20-avril-2017-relatif-a-l-accessibilite-aux-personnes-handicapees-des-6f11433be464/article/article-JORFTEXT000034485459-78,['Accessibilité handicapés'],['Accessibilité'],1
https://w3id.org/semleg/legimaintlex/resource/document/arrete-du-20-avril-2017-relatif-a-l-accessibilite-aux-personnes-handicapees-des-6f11433be464/article/article-JORFTEXT000034485459-79,['Accessibilité handicapés'],['Accessibilité'],1
https://w3id.org/semleg/legimaintlex/resource/document/arrete-du-20-avril-2017-relatif-a-l-accessibilite-aux-personnes-handicapees-des-6f11433be464/article/article-JORFTEXT000034485459-80,['Accessibilité handicapés'],['Accessibilité'],1
https://w3id.org/semleg/legimaintlex/resource/document/arrete-du-20-avril-2017-relatif-a-l-accessibilite-aux-personnes-handicapees-des-6f11433be464/article/article-JORFTEXT000034485459-81,['Accessibilité handicapés'],['Accessibilité'],1
https://w3id.org/semleg/legimaintlex/resource/document/arrete-du-20-avril-2017-relatif-a-l-accessibilite-aux-personnes-handicapees-des-6f11433be464/article/article-JORFTEXT000034485459-82,['Accessibilité handicapés'],['Accessibilité'],1
https://w3id.org/semleg/legimaintlex/resource/document/arrete-du-20-avril-2017-relatif-a-l-accessibilite-aux-personnes-handicapees-des-6f11433be464/article/article-JORFTEXT000034485459-83,['Accessibilité handicapés'],['Accessibilité'],1
https://w3id.org/semleg/legimaintlex/resource/document/arrete-du-20-avril-2017-relatif-a-l-accessibilite-aux-personnes-handicapees-des-6f11433be464/article/article-JORFTEXT000034485459-84,['Accessibilité handicapés'],['Accessibilité'],1
https://w3id.org/semleg/legimaintlex/resource/document/arrete-du-20-avril-2017-relatif-a-l-accessibilite-aux-personnes-handicapees-des-6f11433be464/article/article-JORFTEXT000034485459-85,['Accessibilité handicapés'],['Accessibilité'],1
https://w3id.org/semleg/legimaintlex/resource/document/arrete-du-20-avril-2017-relatif-a-l-accessibilite-aux-personnes-handicapees-des-6f11433be464/article/article-JORFTEXT000034485459-86,['Accessibilité handicapés'],['Accessibilité'],1
https://w3id.org/semleg/legimaintlex/resource/document/arrete-du-20-avril-2017-relatif-a-l-accessibilite-aux-personnes-handicapees-des-6f11433be464/article/article-JORFTEXT000034485459-87,['Accessibilité handicapés'],['Accessibilité'],1
https://w3id.org/semleg/legimaintlex/resource/document/arrete-du-20-avril-2017-relatif-a-l-accessibilite-aux-personnes-handicapees-des-6f11433be464/article/article-JORFTEXT000034485459-88,['Accessibilité handicapés'],['Accessibilité'],1
https://w3id.org/semleg/legimaintlex/resource/document/arrete-du-20-avril-2017-relatif-a-l-accessibilite-aux-personnes-handicapees-des-6f11433be464/article/article-JORFTEXT000034485459-89,['Accessibilité handicapés'],['Accessibilité'],1
https://w3id.org/semleg/legimaintlex/resource/document/arrete-du-20-avril-2017-relatif-a-l-accessibilite-aux-personnes-handicapees-des-6f11433be464/article/article-JORFTEXT000034485459-90,['Accessibilité handicapés'],['Accessibilité'],1
https://w3id.org/semleg/legimaintlex/resource/document/arrete-du-20-avril-2017-relatif-a-l-accessibilite-aux-personnes-handicapees-des-6f11433be464/article/article-JORFTEXT000034485459-91,['Accessibilité handicapés'],['Accessibilité'],1
https://w3id.org/semleg/legimaintlex/resource/document/arrete-du-20-avril-2017-relatif-a-l-accessibilite-aux-personnes-handicapees-des-6f11433be464/article/article-JORFTEXT000034485459-92,['Accessibilité handicapés'],['Accessibilité'],1
https://w3id.org/semleg/legimaintlex/resource/document/arrete-du-20-avril-2017-relatif-a-l-organisation-et-au-fonctionnement-du-comite-2c2a55f47f2d/article/article-JORFTEXT000034503204-100,['Accessibilité handicapés'],['Accessibilité'],1
https://w3id.org/semleg/legimaintlex/resource/document/arrete-du-20-avril-2017-relatif-a-l-organisation-et-au-fonctionnement-du-comite-2c2a55f47f2d/article/article-JORFTEXT000034503204-101,['Accessibilité handicapés'],['Accessibilité'],1
https://w3id.org/semleg/legimaintlex/resource/document/arrete-du-20-avril-2017-relatif-a-l-organisation-et-au-fonctionnement-du-comite-2c2a55f47f2d/article/article-JORFTEXT000034503204-102,['Accessibilité handicapés'],['Accessibilité'],1
https://w3id.org/semleg/legimaintlex/resource/document/arrete-du-20-avril-2017-relatif-a-l-organisation-et-au-fonctionnement-du-comite-2c2a55f47f2d/article/article-JORFTEXT000034503204-103,['Accessibilité handicapés'],['Accessibilité'],1
https://w3id.org/semleg/legimaintlex/resource/document/arrete-du-20-avril-2017-relatif-a-l-organisation-et-au-fonctionnement-du-comite-2c2a55f47f2d/article/article-JORFTEXT000034503204-94,['Accessibilité handicapés'],['Accessibilité'],1
https://w3id.org/semleg/legimaintlex/resource/document/arrete-du-20-avril-2017-relatif-a-l-organisation-et-au-fonctionnement-du-comite-2c2a55f47f2d/article/article-JORFTEXT000034503204-95,['Accessibilité handicapés'],['Accessibilité'],1
https://w3id.org/semleg/legimaintlex/resource/document/arrete-du-20-avril-2017-relatif-a-l-organisation-et-au-fonctionnement-du-comite-2c2a55f47f2d/article/article-JORFTEXT000034503204-96,['Accessibilité handicapés'],['Accessibilité'],1
https://w3id.org/semleg/legimaintlex/resource/document/arrete-du-20-avril-2017-relatif-a-l-organisation-et-au-fonctionnement-du-comite-2c2a55f47f2d/article/article-JORFTEXT000034503204-97,['Accessibilité handicapés'],['Accessibilité'],1
https://w3id.org/semleg/legimaintlex/resource/document/arrete-du-20-avril-2017-relatif-a-l-organisation-et-au-fonctionnement-du-comite-2c2a55f47f2d/article/article-JORFTEXT000034503204-98,['Accessibilité handicapés'],['Accessibilité'],1
https://w3id.org/semleg/legimaintlex/resource/document/arrete-du-20-avril-2017-relatif-a-l-organisation-et-au-fonctionnement-du-comite-2c2a55f47f2d/article/article-JORFTEXT000034503204-99,['Accessibilité handicapés'],['Accessibilité'],1
https://w3id.org/semleg/legimaintlex/resource/document/arrete-du-20-avril-2017-relatif-au-pretraitement-par-desinfection-des-dechets-d-30d4133b870d/article/article-JORFTEXT000034455698-46,['Accessibilité handicapés'],['Accessibilité'],1
https://w3id.org/semleg/legimaintlex/resource/document/arrete-du-20-avril-2017-relatif-au-pretraitement-par-desinfection-des-dechets-d-30d4133b870d/article/article-JORFTEXT000034455698-47,['Accessibilité handicapés'],['Accessibilité'],1
https://w3id.org/semleg/legimaintlex/resource/document/arrete-du-20-avril-2017-relatif-au-pretraitement-par-desinfection-des-dechets-d-30d4133b870d/article/article-JORFTEXT000034455698-48,['Accessibilité handicapés'],['Accessibilité'],1
https://w3id.org/semleg/legimaintlex/resource/document/arrete-du-20-avril-2017-relatif-au-pretraitement-par-desinfection-des-dechets-d-30d4133b870d/article/article-JORFTEXT000034455698-49,['Accessibilité handicapés'],['Accessibilité'],1
https://w3id.org/semleg/legimaintlex/resource/document/arrete-du-20-avril-2017-relatif-au-pretraitement-par-desinfection-des-dechets-d-30d4133b870d/article/article-JORFTEXT000034455698-50,['Accessibilité handicapés'],['Accessibilité'],1
https://w3id.org/semleg/legimaintlex/resource/document/arrete-du-20-avril-2017-relatif-au-pretraitement-par-desinfection-des-dechets-d-30d4133b870d/article/article-JORFTEXT000034455698-51,['Accessibilité handicapés'],['Accessibilité'],1
https://w3id.org/semleg/legimaintlex/resource/document/arrete-du-20-avril-2017-relatif-au-pretraitement-par-desinfection-des-dechets-d-30d4133b870d/article/article-JORFTEXT000034455698-52,['Accessibilité handicapés'],['Accessibilité'],1
https://w3id.org/semleg/legimaintlex/resource/document/arrete-du-20-avril-2017-relatif-au-pretraitement-par-desinfection-des-dechets-d-30d4133b870d/article/article-JORFTEXT000034455698-53,['Accessibilité handicapés'],['Accessibilité'],1
https://w3id.org/semleg/legimaintlex/resource/document/arrete-du-20-avril-2017-relatif-au-pretraitement-par-desinfection-des-dechets-d-30d4133b870d/article/article-JORFTEXT000034455698-54,['Accessibilité handicapés'],['Accessibilité'],1
https://w3id.org/semleg/legimaintlex/resource/document/arrete-du-20-avril-2017-relatif-au-pretraitement-par-desinfection-des-dechets-d-30d4133b870d/article/article-JORFTEXT000034455698-55,['Accessibilité handicapés'],['Accessibilité'],1
https://w3id.org/semleg/legimaintlex/resource/document/arrete-du-20-avril-2017-relatif-au-pretraitement-par-desinfection-des-dechets-d-30d4133b870d/article/article-JORFTEXT000034455698-56,['Accessibilité handicapés'],['Accessibilité'],1
https://w3id.org/semleg/legimaintlex/resource/document/arrete-du-21-decembre-1993-modifiant-l-arrete-du-10-juin-1987-fixant-le-modele-d-c4145134c7af/article/1er-JORFTEXT000000362974-3515,['Portes et portails'],"['Portes', 'portails']",2
https://w3id.org/semleg/legimaintlex/resource/document/arrete-du-21-decembre-1993-modifiant-l-arrete-du-10-juin-1987-fixant-le-modele-d-c4145134c7af/article/2-JORFTEXT000000362974-3519,['Portes et portails'],"['Portes', 'portails']",2
https://w3id.org/semleg/legimaintlex/resource/document/arrete-du-21-decembre-1993-modifiant-l-arrete-du-10-juin-1987-fixant-le-modele-d-c4145134c7af/article/3-JORFTEXT000000362974-3517,['Portes et portails'],"['Portes', 'portails']",2
https://w3id.org/semleg/legimaintlex/resource/document/arrete-du-21-decembre-1993-modifiant-l-arrete-du-10-juin-1987-fixant-le-modele-d-c4145134c7af/article/4-JORFTEXT000000362974-3518,['Portes et portails'],"['Portes', 'portails']",2
https://w3id.org/semleg/legimaintlex/resource/document/arrete-du-21-decembre-1993-modifiant-l-arrete-du-10-juin-1987-fixant-le-modele-d-c4145134c7af/article/5-JORFTEXT000000362974-3514,['Portes et portails'],"['Portes', 'portails']",2
https://w3id.org/semleg/legimaintlex/resource/document/arrete-du-21-decembre-1993-modifiant-l-arrete-du-10-juin-1987-fixant-le-modele-d-c4145134c7af/article/article-JORFTEXT000000362974-3516,['Portes et portails'],"['Portes', 'portails']",2
https://w3id.org/semleg/legimaintlex/resource/document/arrete-du-21-decembre-1993-modifiant-l-arrete-du-18-juillet-1975-relatif-aux-con-2a46982f0bf3/article/1er-JORFTEXT000000546075-3531,['Portes et portails'],"['Portes', 'portails']",2
https://w3id.org/semleg/legimaintlex/resource/document/arrete-du-21-decembre-1993-modifiant-l-arrete-du-18-juillet-1975-relatif-aux-con-2a46982f0bf3/article/2-JORFTEXT000000546075-3532,['Portes et portails'],"['Portes', 'portails']",2
https://w3id.org/semleg/legimaintlex/resource/document/arrete-du-21-decembre-1993-precisant-les-modalites-techniques-d-execution-des-el-07a4cf687fb9/article/article-JORFTEXT000000728300-3512,['Portes et portails'],"['Portes', 'portails']",2
https://w3id.org/semleg/legimaintlex/resource/document/arrete-du-21-decembre-1993-precisant-les-modalites-techniques-d-execution-des-el-07a4cf687fb9/article/article-JORFTEXT000000728300-3513,['Portes et portails'],"['Portes', 'portails']",2
https://w3id.org/semleg/legimaintlex/resource/document/arrete-du-21-decembre-1993-relatif-aux-portes-et-portails-automatiques-et-semi-a-8c4960801fd5/article/10-JORFTEXT000000728236-3527,['Portes et portails'],"['Portes', 'portails']",2
https://w3id.org/semleg/legimaintlex/resource/document/arrete-du-21-decembre-1993-relatif-aux-portes-et-portails-automatiques-et-semi-a-8c4960801fd5/article/1er-JORFTEXT000000728236-3522,['Portes et portails'],"['Portes', 'portails']",2
https://w3id.org/semleg/legimaintlex/resource/document/arrete-du-21-decembre-1993-relatif-aux-portes-et-portails-automatiques-et-semi-a-8c4960801fd5/article/2-JORFTEXT000000728236-3526,['Portes et portails'],"['Portes', 'portails']",2
https://w3id.org/semleg/legimaintlex/resource/document/arrete-du-21-decembre-1993-relatif-aux-portes-et-portails-automatiques-et-semi-a-8c4960801fd5/article/3-JORFTEXT000000728236-3521,['Portes et portails'],"['Portes', 'portails']",2
https://w3id.org/semleg/legimaintlex/resource/document/arrete-du-21-decembre-1993-relatif-aux-portes-et-portails-automatiques-et-semi-a-8c4960801fd5/article/4-JORFTEXT000000728236-3530,['Portes et portails'],"['Portes', 'portails']",2
https://w3id.org/semleg/legimaintlex/resource/document/arrete-du-21-decembre-1993-relatif-aux-portes-et-portails-automatiques-et-semi-a-8c4960801fd5/article/5-JORFTEXT000000728236-3520,['Portes et portails'],"['Portes', 'portails']",2
https://w3id.org/semleg/legimaintlex/resource/document/arrete-du-21-decembre-1993-relatif-aux-portes-et-portails-automatiques-et-semi-a-8c4960801fd5/article/6-JORFTEXT000000728236-3525,['Portes et portails'],"['Portes', 'portails']",2
https://w3id.org/semleg/legimaintlex/resource/document/arrete-du-21-decembre-1993-relatif-aux-portes-et-portails-automatiques-et-semi-a-8c4960801fd5/article/7-JORFTEXT000000728236-3523,['Portes et portails'],"['Portes', 'portails']",2
https://w3id.org/semleg/legimaintlex/resource/document/arrete-du-21-decembre-1993-relatif-aux-portes-et-portails-automatiques-et-semi-a-8c4960801fd5/article/8-JORFTEXT000000728236-3529,['Portes et portails'],"['Portes', 'portails']",2
https://w3id.org/semleg/legimaintlex/resource/document/arrete-du-21-decembre-1993-relatif-aux-portes-et-portails-automatiques-et-semi-a-8c4960801fd5/article/9-JORFTEXT000000728236-3528,['Portes et portails'],"['Portes', 'portails']",2
https://w3id.org/semleg/legimaintlex/resource/document/arrete-du-21-decembre-1993-relatif-aux-portes-et-portails-automatiques-et-semi-a-8c4960801fd5/article/article-JORFTEXT000000728236-3524,['Portes et portails'],"['Portes', 'portails']",2
https://w3id.org/semleg/legimaintlex/resource/document/arrete-du-22-janvier-2015-creant-un-regime-national-de-gestion-pour-la-pecherie-d1aaa4675e7a/article/article-JORFTEXT000030171931-455,['Accessibilité handicapés'],['Accessibilité'],1
https://w3id.org/semleg/legimaintlex/resource/document/arrete-du-22-janvier-2015-creant-un-regime-national-de-gestion-pour-la-pecherie-d1aaa4675e7a/article/article-JORFTEXT000030171931-456,['Accessibilité handicapés'],['Accessibilité'],1
https://w3id.org/semleg/legimaintlex/resource/document/arrete-du-22-janvier-2015-creant-un-regime-national-de-gestion-pour-la-pecherie-d1aaa4675e7a/article/article-JORFTEXT000030171931-457,['Accessibilité handicapés'],['Accessibilité'],1
https://w3id.org/semleg/legimaintlex/resource/document/arrete-du-22-janvier-2015-creant-un-regime-national-de-gestion-pour-la-pecherie-d1aaa4675e7a/article/article-JORFTEXT000030171931-458,['Accessibilité handicapés'],['Accessibilité'],1
https://w3id.org/semleg/legimaintlex/resource/document/arrete-du-22-janvier-2015-creant-un-regime-national-de-gestion-pour-la-pecherie-d1aaa4675e7a/article/article-JORFTEXT000030171931-459,['Accessibilité handicapés'],['Accessibilité'],1
https://w3id.org/semleg/legimaintlex/resource/document/arrete-du-22-janvier-2015-creant-un-regime-national-de-gestion-pour-la-pecherie-d1aaa4675e7a/article/article-JORFTEXT000030171931-460,['Accessibilité handicapés'],['Accessibilité'],1
https://w3id.org/semleg/legimaintlex/resource/document/arrete-du-22-janvier-2015-creant-un-regime-national-de-gestion-pour-la-pecherie-d1aaa4675e7a/article/article-JORFTEXT000030171931-461,['Accessibilité handicapés'],['Accessibilité'],1
https://w3id.org/semleg/legimaintlex/resource/document/arrete-du-22-janvier-2015-creant-un-regime-national-de-gestion-pour-la-pecherie-d1aaa4675e7a/article/article-JORFTEXT000030171931-462,['Accessibilité handicapés'],['Accessibilité'],1
https://w3id.org/semleg/legimaintlex/resource/document/arrete-du-22-janvier-2015-creant-un-regime-national-de-gestion-pour-la-pecherie-d1aaa4675e7a/article/article-JORFTEXT000030171931-463,['Accessibilité handicapés'],['Accessibilité'],1
https://w3id.org/semleg/legimaintlex/resource/document/arrete-du-22-janvier-2015-creant-un-regime-national-de-gestion-pour-la-pecherie-d1aaa4675e7a/article/article-JORFTEXT000030171931-464,['Accessibilité handicapés'],['Accessibilité'],1
https://w3id.org/semleg/legimaintlex/resource/document/arrete-du-22-janvier-2015-creant-un-regime-national-de-gestion-pour-la-pecherie-d1aaa4675e7a/article/article-JORFTEXT000030171931-465,['Accessibilité handicapés'],['Accessibilité'],1
https://w3id.org/semleg/legimaintlex/resource/document/arrete-du-22-janvier-2015-definissant-les-caracteristiques-et-les-conditions-d-u-15f8b69ab16c/article/article-JORFTEXT000030185724-468,['Accessibilité handicapés'],['Accessibilité'],1
https://w3id.org/semleg/legimaintlex/resource/document/arrete-du-22-janvier-2015-definissant-les-caracteristiques-et-les-conditions-d-u-15f8b69ab16c/article/article-JORFTEXT000030185724-469,['Accessibilité handicapés'],['Accessibilité'],1
https://w3id.org/semleg/legimaintlex/resource/document/arrete-du-22-janvier-2015-definissant-les-caracteristiques-et-les-conditions-d-u-15f8b69ab16c/article/article-JORFTEXT000030185724-470,['Accessibilité handicapés'],['Accessibilité'],1
https://w3id.org/semleg/legimaintlex/resource/document/arrete-du-22-janvier-2015-definissant-les-caracteristiques-et-les-conditions-d-u-15f8b69ab16c/article/article-JORFTEXT000030185724-471,['Accessibilité handicapés'],['Accessibilité'],1
https://w3id.org/semleg/legimaintlex/resource/document/arrete-du-22-janvier-2015-definissant-les-caracteristiques-et-les-conditions-d-u-15f8b69ab16c/article/article-JORFTEXT000030185724-472,['Accessibilité handicapés'],['Accessibilité'],1
https://w3id.org/semleg/legimaintlex/resource/document/arrete-du-22-janvier-2015-definissant-les-caracteristiques-et-les-conditions-d-u-15f8b69ab16c/article/article-JORFTEXT000030185724-473,['Accessibilité handicapés'],['Accessibilité'],1
https://w3id.org/semleg/legimaintlex/resource/document/arrete-du-22-janvier-2015-definissant-les-caracteristiques-et-les-conditions-d-u-15f8b69ab16c/article/article-JORFTEXT000030185724-474,['Accessibilité handicapés'],['Accessibilité'],1
https://w3id.org/semleg/legimaintlex/resource/document/arrete-du-22-janvier-2015-definissant-les-caracteristiques-et-les-conditions-d-u-15f8b69ab16c/article/article-JORFTEXT000030185724-475,['Accessibilité handicapés'],['Accessibilité'],1
https://w3id.org/semleg/legimaintlex/resource/document/arrete-du-22-janvier-2015-definissant-les-caracteristiques-et-les-conditions-d-u-15f8b69ab16c/article/article-JORFTEXT000030185724-476,['Accessibilité handicapés'],['Accessibilité'],1
https://w3id.org/semleg/legimaintlex/resource/document/arrete-du-22-janvier-2015-definissant-les-caracteristiques-et-les-conditions-d-u-15f8b69ab16c/article/article-JORFTEXT000030185724-477,['Accessibilité handicapés'],['Accessibilité'],1
https://w3id.org/semleg/legimaintlex/resource/document/arrete-du-22-janvier-2015-definissant-les-caracteristiques-et-les-conditions-d-u-15f8b69ab16c/article/article-JORFTEXT000030185724-478,['Accessibilité handicapés'],['Accessibilité'],1
https://w3id.org/semleg/legimaintlex/resource/document/arrete-du-22-janvier-2015-relatif-a-l-indication-geographique-ratafia-champenois-33b9e622ed53/article/article-JORFTEXT000030154734-479,['Accessibilité handicapés'],['Accessibilité'],1
https://w3id.org/semleg/legimaintlex/resource/document/arrete-du-22-janvier-2015-relatif-a-l-indication-geographique-ratafia-champenois-33b9e622ed53/article/article-JORFTEXT000030154734-480,['Accessibilité handicapés'],['Accessibilité'],1
https://w3id.org/semleg/legimaintlex/resource/document/arrete-du-22-janvier-2015-relatif-a-l-indication-geographique-rhum-agricole-de-l-a6f17a16683d/article/article-JORFTEXT000030154680-466,['Accessibilité handicapés'],['Accessibilité'],1
https://w3id.org/semleg/legimaintlex/resource/document/arrete-du-22-janvier-2015-relatif-a-l-indication-geographique-rhum-agricole-de-l-a6f17a16683d/article/article-JORFTEXT000030154680-467,['Accessibilité handicapés'],['Accessibilité'],1
https://w3id.org/semleg/legimaintlex/resource/document/arrete-du-22-janvier-2015-relatif-a-l-indication-geographique-rhum-des-antilles-43e1edfbc584/article/article-JORFTEXT000030154698-484,['Accessibilité handicapés'],['Accessibilité'],1
https://w3id.org/semleg/legimaintlex/resource/document/arrete-du-22-janvier-2015-relatif-a-l-indication-geographique-rhum-des-antilles-43e1edfbc584/article/article-JORFTEXT000030154698-485,['Accessibilité handicapés'],['Accessibilité'],1
https://w3id.org/semleg/legimaintlex/resource/document/arrete-du-22-janvier-2015-relatif-a-l-indication-geographique-rhum-des-departeme-cb7b4441e442/article/article-JORFTEXT000030154707-453,['Accessibilité handicapés'],['Accessibilité'],1
https://w3id.org/semleg/legimaintlex/resource/document/arrete-du-22-janvier-2015-relatif-a-l-indication-geographique-rhum-des-departeme-cb7b4441e442/article/article-JORFTEXT000030154707-454,['Accessibilité handicapés'],['Accessibilité'],1
https://w3id.org/semleg/legimaintlex/resource/document/arrete-du-22-janvier-2015-relatif-aux-modalites-d-exoneration-des-frais-lies-au-69e2f90e583a/article/article-JORFTEXT000030171343-481,['Accessibilité handicapés'],['Accessibilité'],1
https://w3id.org/semleg/legimaintlex/resource/document/arrete-du-22-janvier-2015-relatif-aux-modalites-d-exoneration-des-frais-lies-au-69e2f90e583a/article/article-JORFTEXT000030171343-482,['Accessibilité handicapés'],['Accessibilité'],1
https://w3id.org/semleg/legimaintlex/resource/document/arrete-du-22-janvier-2015-relatif-aux-modalites-d-exoneration-des-frais-lies-au-69e2f90e583a/article/article-JORFTEXT000030171343-483,['Accessibilité handicapés'],['Accessibilité'],1
https://w3id.org/semleg/legimaintlex/resource/document/arrete-du-22-mars-2007-completant-les-conditions-mises-a-l-agrement-des-projets-146fc23c1cc4/article/article-JORFTEXT000000466829-182,['Accessibilité handicapés'],['Accessibilité'],1
https://w3id.org/semleg/legimaintlex/resource/document/arrete-du-22-mars-2007-completant-les-conditions-mises-a-l-agrement-des-projets-146fc23c1cc4/article/article-JORFTEXT000000466829-183,['Accessibilité handicapés'],['Accessibilité'],1
https://w3id.org/semleg/legimaintlex/resource/document/arrete-du-22-mars-2007-completant-les-conditions-mises-a-l-agrement-des-projets-146fc23c1cc4/article/article-JORFTEXT000000466829-184,['Accessibilité handicapés'],['Accessibilité'],1
https://w3id.org/semleg/legimaintlex/resource/document/arrete-du-22-mars-2007-fixant-la-liste-des-organisations-syndicales-aptes-a-desi-223cd27520d6/article/article-JORFTEXT000000820519-185,['Accessibilité handicapés'],['Accessibilité'],1
https://w3id.org/semleg/legimaintlex/resource/document/arrete-du-22-mars-2007-fixant-la-liste-des-organisations-syndicales-aptes-a-desi-223cd27520d6/article/article-JORFTEXT000000820519-186,['Accessibilité handicapés'],['Accessibilité'],1
https://w3id.org/semleg/legimaintlex/resource/document/arrete-du-22-mars-2007-fixant-les-dispositions-prises-pour-l-application-des-art-82a081710760/article/article-JORFTEXT000000464701-175,['Accessibilité handicapés'],['Accessibilité'],1
https://w3id.org/semleg/legimaintlex/resource/document/arrete-du-22-mars-2007-fixant-les-dispositions-prises-pour-l-application-des-art-82a081710760/article/article-JORFTEXT000000464701-176,['Accessibilité handicapés'],['Accessibilité'],1
https://w3id.org/semleg/legimaintlex/resource/document/arrete-du-22-mars-2007-fixant-les-dispositions-prises-pour-l-application-des-art-82a081710760/article/article-JORFTEXT000000464701-177,['Accessibilité handicapés'],['Accessibilité'],1
https://w3id.org/semleg/legimaintlex/resource/document/arrete-du-22-mars-2007-fixant-les-dispositions-prises-pour-l-application-des-art-82a081710760/article/article-JORFTEXT000000464701-178,['Accessibilité handicapés'],['Accessibilité'],1
https://w3id.org/semleg/legimaintlex/resource/document/arrete-du-22-mars-2007-fixant-les-dispositions-prises-pour-l-application-des-art-82a081710760/article/article-JORFTEXT000000464701-179,['Accessibilité handicapés'],['Accessibilité'],1
https://w3id.org/semleg/legimaintlex/resource/document/arrete-du-22-mars-2007-instituant-un-prix-de-l-equipe-pluridisciplinaire-de-dire-968460553ea8/article/article-JORFTEXT000000645807-171,['Accessibilité handicapés'],['Accessibilité'],1
https://w3id.org/semleg/legimaintlex/resource/document/arrete-du-22-mars-2007-instituant-un-prix-de-l-equipe-pluridisciplinaire-de-dire-968460553ea8/article/article-JORFTEXT000000645807-172,['Accessibilité handicapés'],['Accessibilité'],1
https://w3id.org/semleg/legimaintlex/resource/document/arrete-du-22-mars-2007-instituant-un-prix-de-l-equipe-pluridisciplinaire-de-dire-968460553ea8/article/article-JORFTEXT000000645807-173,['Accessibilité handicapés'],['Accessibilité'],1
https://w3id.org/semleg/legimaintlex/resource/document/arrete-du-22-mars-2007-instituant-un-prix-de-l-equipe-pluridisciplinaire-de-dire-968460553ea8/article/article-JORFTEXT000000645807-174,['Accessibilité handicapés'],['Accessibilité'],1
https://w3id.org/semleg/legimaintlex/resource/document/arrete-du-22-mars-2007-portant-application-des-articles-8-et-11-du-decret-n-2007-06a183323364/article/article-JORFTEXT000000273441-180,['Accessibilité handicapés'],['Accessibilité'],1
https://w3id.org/semleg/legimaintlex/resource/document/arrete-du-22-mars-2007-portant-application-des-articles-8-et-11-du-decret-n-2007-06a183323364/article/article-JORFTEXT000000273441-181,['Accessibilité handicapés'],['Accessibilité'],1
https://w3id.org/semleg/legimaintlex/resource/document/arrete-du-24-decembre-2015-modifiant-l-arrete-du-30-avril-2015-fixant-pour-l-ann-68fbd43e832d/article/article-JORFTEXT000031733777-276,['Accessibilité handicapés'],['Accessibilité'],1
https://w3id.org/semleg/legimaintlex/resource/document/arrete-du-24-decembre-2015-modifiant-l-arrete-du-30-avril-2015-fixant-pour-l-ann-68fbd43e832d/article/article-JORFTEXT000031733777-277,['Accessibilité handicapés'],['Accessibilité'],1
https://w3id.org/semleg/legimaintlex/resource/document/arrete-du-24-decembre-2015-modifiant-l-arrete-du-9-juillet-2015-modifiant-les-de-402f16b7fc65/article/article-JORFTEXT000032134646-271,['Accessibilité handicapés'],['Accessibilité'],1
https://w3id.org/semleg/legimaintlex/resource/document/arrete-du-24-decembre-2015-modifiant-l-arrete-du-9-juillet-2015-modifiant-les-de-402f16b7fc65/article/article-JORFTEXT000032134646-272,['Accessibilité handicapés'],['Accessibilité'],1
https://w3id.org/semleg/legimaintlex/resource/document/arrete-du-24-decembre-2015-portant-autorisation-des-etablissements-d-enseignemen-d1ac479956af/article/article-JORFTEXT000031873216-278,['Accessibilité handicapés'],['Accessibilité'],1
https://w3id.org/semleg/legimaintlex/resource/document/arrete-du-24-decembre-2015-portant-autorisation-des-etablissements-d-enseignemen-d1ac479956af/article/article-JORFTEXT000031873216-279,['Accessibilité handicapés'],['Accessibilité'],1
https://w3id.org/semleg/legimaintlex/resource/document/arrete-du-24-decembre-2015-portant-autorisation-des-etablissements-d-enseignemen-d1ac479956af/article/article-JORFTEXT000031873216-280,['Accessibilité handicapés'],['Accessibilité'],1
https://w3id.org/semleg/legimaintlex/resource/document/arrete-du-24-decembre-2015-portant-autorisation-des-etablissements-d-enseignemen-d1ac479956af/article/article-JORFTEXT000031873216-281,['Accessibilité handicapés'],['Accessibilité'],1
https://w3id.org/semleg/legimaintlex/resource/document/arrete-du-24-decembre-2015-portant-validation-du-programme-d-information-en-fave-9b2b0862d67b/article/article-JORFTEXT000031818723-269,['Accessibilité handicapés'],['Accessibilité'],1
https://w3id.org/semleg/legimaintlex/resource/document/arrete-du-24-decembre-2015-portant-validation-du-programme-d-information-en-fave-9b2b0862d67b/article/article-JORFTEXT000031818723-270,['Accessibilité handicapés'],['Accessibilité'],1
https://w3id.org/semleg/legimaintlex/resource/document/arrete-du-24-decembre-2015-relatif-a-l-accessibilite-aux-personnes-handicapees-d-663ffd73377b/article/article-JORFTEXT000031692481-290,['Accessibilité handicapés'],['Accessibilité'],1
https://w3id.org/semleg/legimaintlex/resource/document/arrete-du-24-decembre-2015-relatif-a-l-accessibilite-aux-personnes-handicapees-d-663ffd73377b/article/article-JORFTEXT000031692481-291,['Accessibilité handicapés'],['Accessibilité'],1
https://w3id.org/semleg/legimaintlex/resource/document/arrete-du-24-decembre-2015-relatif-a-l-accessibilite-aux-personnes-handicapees-d-663ffd73377b/article/article-JORFTEXT000031692481-292,['Accessibilité handicapés'],['Accessibilité'],1
https://w3id.org/semleg/legimaintlex/resource/document/arrete-du-24-decembre-2015-relatif-a-l-accessibilite-aux-personnes-handicapees-d-663ffd73377b/article/article-JORFTEXT000031692481-293,['Accessibilité handicapés'],['Accessibilité'],1
https://w3id.org/semleg/legimaintlex/resource/document/arrete-du-24-decembre-2015-relatif-a-l-accessibilite-aux-personnes-handicapees-d-663ffd73377b/article/article-JORFTEXT000031692481-294,['Accessibilité handicapés'],['Accessibilité'],1
https://w3id.org/semleg/legimaintlex/resource/document/arrete-du-24-decembre-2015-relatif-a-l-accessibilite-aux-personnes-handicapees-d-663ffd73377b/article/article-JORFTEXT000031692481-295,['Accessibilité handicapés'],['Accessibilité'],1
https://w3id.org/semleg/legimaintlex/resource/document/arrete-du-24-decembre-2015-relatif-a-l-accessibilite-aux-personnes-handicapees-d-663ffd73377b/article/article-JORFTEXT000031692481-296,['Accessibilité handicapés'],['Accessibilité'],1
https://w3id.org/semleg/legimaintlex/resource/document/arrete-du-24-decembre-2015-relatif-a-l-accessibilite-aux-personnes-handicapees-d-663ffd73377b/article/article-JORFTEXT000031692481-297,['Accessibilité handicapés'],['Accessibilité'],1
https://w3id.org/semleg/legimaintlex/resource/document/arrete-du-24-decembre-2015-relatif-a-l-accessibilite-aux-personnes-handicapees-d-663ffd73377b/article/article-JORFTEXT000031692481-298,['Accessibilité handicapés'],['Accessibilité'],1
https://w3id.org/semleg/legimaintlex/resource/document/arrete-du-24-decembre-2015-relatif-a-l-accessibilite-aux-personnes-handicapees-d-663ffd73377b/article/article-JORFTEXT000031692481-299,['Accessibilité handicapés'],['Accessibilité'],1
https://w3id.org/semleg/legimaintlex/resource/document/arrete-du-24-decembre-2015-relatif-a-l-accessibilite-aux-personnes-handicapees-d-663ffd73377b/article/article-JORFTEXT000031692481-300,['Accessibilité handicapés'],['Accessibilité'],1
https://w3id.org/semleg/legimaintlex/resource/document/arrete-du-24-decembre-2015-relatif-a-l-accessibilite-aux-personnes-handicapees-d-663ffd73377b/article/article-JORFTEXT000031692481-301,['Accessibilité handicapés'],['Accessibilité'],1
https://w3id.org/semleg/legimaintlex/resource/document/arrete-du-24-decembre-2015-relatif-a-l-accessibilite-aux-personnes-handicapees-d-663ffd73377b/article/article-JORFTEXT000031692481-302,['Accessibilité handicapés'],['Accessibilité'],1
https://w3id.org/semleg/legimaintlex/resource/document/arrete-du-24-decembre-2015-relatif-a-l-accessibilite-aux-personnes-handicapees-d-663ffd73377b/article/article-JORFTEXT000031692481-303,['Accessibilité handicapés'],['Accessibilité'],1
https://w3id.org/semleg/legimaintlex/resource/document/arrete-du-24-decembre-2015-relatif-a-l-accessibilite-aux-personnes-handicapees-d-663ffd73377b/article/article-JORFTEXT000031692481-304,['Accessibilité handicapés'],['Accessibilité'],1
https://w3id.org/semleg/legimaintlex/resource/document/arrete-du-24-decembre-2015-relatif-a-l-accessibilite-aux-personnes-handicapees-d-663ffd73377b/article/article-JORFTEXT000031692481-305,['Accessibilité handicapés'],['Accessibilité'],1
https://w3id.org/semleg/legimaintlex/resource/document/arrete-du-24-decembre-2015-relatif-a-l-accessibilite-aux-personnes-handicapees-d-663ffd73377b/article/article-JORFTEXT000031692481-306,['Accessibilité handicapés'],['Accessibilité'],1
https://w3id.org/semleg/legimaintlex/resource/document/arrete-du-24-decembre-2015-relatif-a-l-accessibilite-aux-personnes-handicapees-d-663ffd73377b/article/article-JORFTEXT000031692481-307,['Accessibilité handicapés'],['Accessibilité'],1
https://w3id.org/semleg/legimaintlex/resource/document/arrete-du-24-decembre-2015-relatif-a-l-accessibilite-aux-personnes-handicapees-d-663ffd73377b/article/article-JORFTEXT000031692481-308,['Accessibilité handicapés'],['Accessibilité'],1
https://w3id.org/semleg/legimaintlex/resource/document/arrete-du-24-decembre-2015-relatif-a-l-entretien-professionnel-annuel-des-chefs-79d5f25f2958/article/article-JORFTEXT000031691162-273,['Accessibilité handicapés'],['Accessibilité'],1
https://w3id.org/semleg/legimaintlex/resource/document/arrete-du-24-decembre-2015-relatif-a-l-entretien-professionnel-annuel-des-chefs-79d5f25f2958/article/article-JORFTEXT000031691162-274,['Accessibilité handicapés'],['Accessibilité'],1
https://w3id.org/semleg/legimaintlex/resource/document/arrete-du-24-decembre-2015-relatif-a-l-entretien-professionnel-annuel-des-chefs-79d5f25f2958/article/article-JORFTEXT000031691162-275,['Accessibilité handicapés'],['Accessibilité'],1
https://w3id.org/semleg/legimaintlex/resource/document/arrete-du-24-decembre-2015-relatif-a-la-notation-des-administrateurs-des-affaire-4fc8ef68b2c4/article/article-JORFTEXT000031733508-287,['Accessibilité handicapés'],['Accessibilité'],1
https://w3id.org/semleg/legimaintlex/resource/document/arrete-du-24-decembre-2015-relatif-a-la-notation-des-administrateurs-des-affaire-4fc8ef68b2c4/article/article-JORFTEXT000031733508-288,['Accessibilité handicapés'],['Accessibilité'],1
https://w3id.org/semleg/legimaintlex/resource/document/arrete-du-24-decembre-2015-relatif-a-la-notation-des-administrateurs-des-affaire-4fc8ef68b2c4/article/article-JORFTEXT000031733508-289,['Accessibilité handicapés'],['Accessibilité'],1
https://w3id.org/semleg/legimaintlex/resource/document/arrete-du-24-decembre-2015-relatif-aux-services-charges-d-exercer-les-missions-r-e8e2e9593f0d/article/article-JORFTEXT000031741277-282,['Accessibilité handicapés'],['Accessibilité'],1
https://w3id.org/semleg/legimaintlex/resource/document/arrete-du-24-decembre-2015-relatif-aux-services-charges-d-exercer-les-missions-r-e8e2e9593f0d/article/article-JORFTEXT000031741277-283,['Accessibilité handicapés'],['Accessibilité'],1
https://w3id.org/semleg/legimaintlex/resource/document/arrete-du-24-decembre-2015-relatif-aux-services-charges-d-exercer-les-missions-r-e8e2e9593f0d/article/article-JORFTEXT000031741277-284,['Accessibilité handicapés'],['Accessibilité'],1
https://w3id.org/semleg/legimaintlex/resource/document/arrete-du-24-decembre-2015-relatif-aux-services-charges-d-exercer-les-missions-r-e8e2e9593f0d/article/article-JORFTEXT000031741277-285,['Accessibilité handicapés'],['Accessibilité'],1
https://w3id.org/semleg/legimaintlex/resource/document/arrete-du-24-decembre-2015-relatif-aux-services-charges-d-exercer-les-missions-r-e8e2e9593f0d/article/article-JORFTEXT000031741277-286,['Accessibilité handicapés'],['Accessibilité'],1
https://w3id.org/semleg/legimaintlex/resource/document/arrete-du-26-fevrier-2007-fixant-le-classement-des-emplois-de-chef-de-service-co-b19d4710cebe/article/article-JORFTEXT000000278857-352,['Accessibilité handicapés'],['Accessibilité'],1
https://w3id.org/semleg/legimaintlex/resource/document/arrete-du-26-fevrier-2007-fixant-le-classement-des-emplois-de-chef-de-service-co-b19d4710cebe/article/article-JORFTEXT000000278857-353,['Accessibilité handicapés'],['Accessibilité'],1
https://w3id.org/semleg/legimaintlex/resource/document/arrete-du-26-fevrier-2007-fixant-le-classement-des-emplois-de-chef-de-service-co-b19d4710cebe/article/article-JORFTEXT000000278857-354,['Accessibilité handicapés'],['Accessibilité'],1
https://w3id.org/semleg/legimaintlex/resource/document/arrete-du-26-fevrier-2007-fixant-les-dispositions-prises-pour-l-application-des-bd48c05fed6b/article/article-JORFTEXT000000795692-361,['Accessibilité handicapés'],['Accessibilité'],1
https://w3id.org/semleg/legimaintlex/resource/document/arrete-du-26-fevrier-2007-fixant-les-dispositions-prises-pour-l-application-des-bd48c05fed6b/article/article-JORFTEXT000000795692-362,['Accessibilité handicapés'],['Accessibilité'],1
https://w3id.org/semleg/legimaintlex/resource/document/arrete-du-26-fevrier-2007-fixant-les-dispositions-prises-pour-l-application-des-bd48c05fed6b/article/article-JORFTEXT000000795692-363,['Accessibilité handicapés'],['Accessibilité'],1
https://w3id.org/semleg/legimaintlex/resource/document/arrete-du-26-fevrier-2007-fixant-les-dispositions-prises-pour-l-application-des-bd48c05fed6b/article/article-JORFTEXT000000795692-364,['Accessibilité handicapés'],['Accessibilité'],1
https://w3id.org/semleg/legimaintlex/resource/document/arrete-du-26-fevrier-2007-fixant-les-dispositions-prises-pour-l-application-des-bd48c05fed6b/article/article-JORFTEXT000000795692-365,['Accessibilité handicapés'],['Accessibilité'],1
https://w3id.org/semleg/legimaintlex/resource/document/arrete-du-26-fevrier-2007-fixant-les-dispositions-prises-pour-l-application-des-bd48c05fed6b/article/article-JORFTEXT000000795692-366,['Accessibilité handicapés'],['Accessibilité'],1
https://w3id.org/semleg/legimaintlex/resource/document/arrete-du-26-fevrier-2007-relatif-a-la-creation-d-une-commission-d-appel-d-offre-b20e67cbf05f/article/article-JORFTEXT000000243996-369,['Accessibilité handicapés'],['Accessibilité'],1
https://w3id.org/semleg/legimaintlex/resource/document/arrete-du-26-fevrier-2007-relatif-a-la-creation-d-une-commission-d-appel-d-offre-b20e67cbf05f/article/article-JORFTEXT000000243996-370,['Accessibilité handicapés'],['Accessibilité'],1
https://w3id.org/semleg/legimaintlex/resource/document/arrete-du-26-fevrier-2007-relatif-a-la-creation-d-une-commission-d-appel-d-offre-b20e67cbf05f/article/article-JORFTEXT000000243996-371,['Accessibilité handicapés'],['Accessibilité'],1
https://w3id.org/semleg/legimaintlex/resource/document/arrete-du-26-fevrier-2007-relatif-a-la-protection-contre-les-risques-d-incendie-8c03c33d6dae/article/article-JORFTEXT000000461290-355,['Accessibilité handicapés'],['Accessibilité'],1
https://w3id.org/semleg/legimaintlex/resource/document/arrete-du-26-fevrier-2007-relatif-a-la-protection-contre-les-risques-d-incendie-8c03c33d6dae/article/article-JORFTEXT000000461290-356,['Accessibilité handicapés'],['Accessibilité'],1
https://w3id.org/semleg/legimaintlex/resource/document/arrete-du-26-fevrier-2007-relatif-a-la-protection-contre-les-risques-d-incendie-8c03c33d6dae/article/article-JORFTEXT000000461290-357,['Accessibilité handicapés'],['Accessibilité'],1
https://w3id.org/semleg/legimaintlex/resource/document/arrete-du-26-fevrier-2007-relatif-a-la-protection-contre-les-risques-d-incendie-8c03c33d6dae/article/article-JORFTEXT000000461290-358,['Accessibilité handicapés'],['Accessibilité'],1
https://w3id.org/semleg/legimaintlex/resource/document/arrete-du-26-fevrier-2007-relatif-a-la-protection-contre-les-risques-d-incendie-8c03c33d6dae/article/article-JORFTEXT000000461290-359,['Accessibilité handicapés'],['Accessibilité'],1
https://w3id.org/semleg/legimaintlex/resource/document/arrete-du-26-fevrier-2007-relatif-a-la-protection-contre-les-risques-d-incendie-8c03c33d6dae/article/article-JORFTEXT000000461290-360,['Accessibilité handicapés'],['Accessibilité'],1
https://w3id.org/semleg/legimaintlex/resource/document/arrete-du-26-fevrier-2007-relatif-aux-modalites-d-avancement-aux-grades-d-adjoin-7ffa451b3ea9/article/article-JORFTEXT000000615036-367,['Accessibilité handicapés'],['Accessibilité'],1
https://w3id.org/semleg/legimaintlex/resource/document/arrete-du-26-fevrier-2007-relatif-aux-modalites-d-avancement-aux-grades-d-adjoin-7ffa451b3ea9/article/article-JORFTEXT000000615036-368,['Accessibilité handicapés'],['Accessibilité'],1
https://w3id.org/semleg/legimaintlex/resource/document/arrete-du-27-juin-1994-fixant-la-composition-du-conseil-de-discipline-des-person-1a747184742f/article/1er-JORFTEXT000000730726-26,['Accessibilité handicapés'],['Accessibilité'],1
https://w3id.org/semleg/legimaintlex/resource/document/arrete-du-27-juin-1994-fixant-le-montant-maximal-de-l-indemnite-susceptible-d-et-9c6800197d96/article/1er-JORFTEXT000000732501-15,['Accessibilité handicapés'],['Accessibilité'],1
https://w3id.org/semleg/legimaintlex/resource/document/arrete-du-27-juin-1994-fixant-le-montant-maximal-de-l-indemnite-susceptible-d-et-9c6800197d96/article/2-JORFTEXT000000732501-16,['Accessibilité handicapés'],['Accessibilité'],1
https://w3id.org/semleg/legimaintlex/resource/document/arrete-du-27-juin-1994-fixant-le-montant-maximal-de-l-indemnite-susceptible-d-et-9c6800197d96/article/3-JORFTEXT000000732501-14,['Accessibilité handicapés'],['Accessibilité'],1
https://w3id.org/semleg/legimaintlex/resource/document/arrete-du-27-juin-1994-fixant-le-taux-annuel-de-l-indemnite-speciale-allouee-aux-19fc0c732050/article/1er-JORFTEXT000000548552-12,['Accessibilité handicapés'],['Accessibilité'],1
https://w3id.org/semleg/legimaintlex/resource/document/arrete-du-27-juin-1994-fixant-le-taux-annuel-de-l-indemnite-speciale-allouee-aux-19fc0c732050/article/2-JORFTEXT000000548552-13,['Accessibilité handicapés'],['Accessibilité'],1
https://w3id.org/semleg/legimaintlex/resource/document/arrete-du-27-juin-1994-modifiant-l-arrete-du-28-juin-1991-modifie-fixant-l-organ-fccccf157d73/article/1er-JORFTEXT000000366189-28,['Accessibilité handicapés'],['Accessibilité'],1
https://w3id.org/semleg/legimaintlex/resource/document/arrete-du-27-juin-1994-modifiant-l-arrete-du-28-juin-1991-modifie-fixant-l-organ-fccccf157d73/article/2-JORFTEXT000000366189-30,['Accessibilité handicapés'],['Accessibilité'],1
https://w3id.org/semleg/legimaintlex/resource/document/arrete-du-27-juin-1994-modifiant-l-arrete-du-28-juin-1991-modifie-fixant-l-organ-fccccf157d73/article/3-JORFTEXT000000366189-29,['Accessibilité handicapés'],['Accessibilité'],1
https://w3id.org/semleg/legimaintlex/resource/document/arrete-du-27-juin-1994-modifiant-l-arrete-du-28-juin-1991-modifie-fixant-l-organ-fccccf157d73/article/article-JORFTEXT000000366189-27,['Accessibilité handicapés'],['Accessibilité'],1
https://w3id.org/semleg/legimaintlex/resource/document/arrete-du-27-juin-1994-modifiant-l-arrete-du-28-juin-1991-modifie-fixant-l-organ-fccccf157d73/article/article-JORFTEXT000000366189-31,['Accessibilité handicapés'],['Accessibilité'],1
https://w3id.org/semleg/legimaintlex/resource/document/arrete-du-27-juin-1994-pris-en-application-de-l-article-r-231-52-1-du-code-du-tr-a978600b324f/article/1er-JORFTEXT000000366267-8,['Accessibilité handicapés'],['Accessibilité'],1
https://w3id.org/semleg/legimaintlex/resource/document/arrete-du-27-juin-1994-pris-en-application-de-l-article-r-231-52-1-du-code-du-tr-a978600b324f/article/2-JORFTEXT000000366267-10,['Accessibilité handicapés'],['Accessibilité'],1
https://w3id.org/semleg/legimaintlex/resource/document/arrete-du-27-juin-1994-pris-en-application-de-l-article-r-231-52-1-du-code-du-tr-a978600b324f/article/3-JORFTEXT000000366267-11,['Accessibilité handicapés'],['Accessibilité'],1
https://w3id.org/semleg/legimaintlex/resource/document/arrete-du-27-juin-1994-pris-en-application-de-l-article-r-231-52-1-du-code-du-tr-a978600b324f/article/4-JORFTEXT000000366267-9,['Accessibilité handicapés'],['Accessibilité'],1
https://w3id.org/semleg/legimaintlex/resource/document/arrete-du-27-juin-1994-relatif-a-la-creation-d-un-traitement-automatise-d-inform-781777e0151a/article/1er-JORFTEXT000000549651-7,['Accessibilité handicapés'],['Accessibilité'],1
https://w3id.org/semleg/legimaintlex/resource/document/arrete-du-27-juin-1994-relatif-a-la-creation-d-un-traitement-automatise-d-inform-781777e0151a/article/2-JORFTEXT000000549651-4,['Accessibilité handicapés'],['Accessibilité'],1
https://w3id.org/semleg/legimaintlex/resource/document/arrete-du-27-juin-1994-relatif-a-la-creation-d-un-traitement-automatise-d-inform-781777e0151a/article/3-JORFTEXT000000549651-6,['Accessibilité handicapés'],['Accessibilité'],1
https://w3id.org/semleg/legimaintlex/resource/document/arrete-du-27-juin-1994-relatif-a-la-creation-d-un-traitement-automatise-d-inform-781777e0151a/article/4-JORFTEXT000000549651-5,['Accessibilité handicapés'],['Accessibilité'],1
https://w3id.org/semleg/legimaintlex/resource/document/arrete-du-27-juin-1994-relatif-aux-dispositions-destinees-a-rendre-accessibles-l-8dac27bba49d/article/1er-JORFTEXT000000348933-23,['Accessibilité handicapés'],['Accessibilité'],1
https://w3id.org/semleg/legimaintlex/resource/document/arrete-du-27-juin-1994-relatif-aux-dispositions-destinees-a-rendre-accessibles-l-8dac27bba49d/article/2-JORFTEXT000000348933-17,['Accessibilité handicapés'],['Accessibilité'],1
https://w3id.org/semleg/legimaintlex/resource/document/arrete-du-27-juin-1994-relatif-aux-dispositions-destinees-a-rendre-accessibles-l-8dac27bba49d/article/3-JORFTEXT000000348933-22,['Accessibilité handicapés'],['Accessibilité'],1
https://w3id.org/semleg/legimaintlex/resource/document/arrete-du-27-juin-1994-relatif-aux-dispositions-destinees-a-rendre-accessibles-l-8dac27bba49d/article/4-JORFTEXT000000348933-25,['Accessibilité handicapés'],['Accessibilité'],1
https://w3id.org/semleg/legimaintlex/resource/document/arrete-du-27-juin-1994-relatif-aux-dispositions-destinees-a-rendre-accessibles-l-8dac27bba49d/article/5-JORFTEXT000000348933-21,['Accessibilité handicapés'],['Accessibilité'],1
https://w3id.org/semleg/legimaintlex/resource/document/arrete-du-27-juin-1994-relatif-aux-dispositions-destinees-a-rendre-accessibles-l-8dac27bba49d/article/6-JORFTEXT000000348933-18,['Accessibilité handicapés'],['Accessibilité'],1
https://w3id.org/semleg/legimaintlex/resource/document/arrete-du-27-juin-1994-relatif-aux-dispositions-destinees-a-rendre-accessibles-l-8dac27bba49d/article/7-JORFTEXT000000348933-20,['Accessibilité handicapés'],['Accessibilité'],1
https://w3id.org/semleg/legimaintlex/resource/document/arrete-du-27-juin-1994-relatif-aux-dispositions-destinees-a-rendre-accessibles-l-8dac27bba49d/article/8-JORFTEXT000000348933-19,['Accessibilité handicapés'],['Accessibilité'],1
https://w3id.org/semleg/legimaintlex/resource/document/arrete-du-27-juin-1994-relatif-aux-dispositions-destinees-a-rendre-accessibles-l-8dac27bba49d/article/9-JORFTEXT000000348933-24,['Accessibilité handicapés'],['Accessibilité'],1
https://w3id.org/semleg/legimaintlex/resource/document/arrete-du-27-juin-1994-relatif-aux-emissions-de-valeurs-du-tresor-au-cours-du-mo-74009eb66477/article/1er-JORFTEXT000000365435-35,['Accessibilité handicapés'],['Accessibilité'],1
https://w3id.org/semleg/legimaintlex/resource/document/arrete-du-27-juin-1994-relatif-aux-emissions-de-valeurs-du-tresor-au-cours-du-mo-74009eb66477/article/2-JORFTEXT000000365435-36,['Accessibilité handicapés'],['Accessibilité'],1
https://w3id.org/semleg/legimaintlex/resource/document/arrete-du-27-juin-1994-relatif-aux-emissions-de-valeurs-du-tresor-au-cours-du-mo-74009eb66477/article/3-JORFTEXT000000365435-32,['Accessibilité handicapés'],['Accessibilité'],1
https://w3id.org/semleg/legimaintlex/resource/document/arrete-du-27-juin-1994-relatif-aux-emissions-de-valeurs-du-tresor-au-cours-du-mo-74009eb66477/article/4-JORFTEXT000000365435-33,['Accessibilité handicapés'],['Accessibilité'],1
https://w3id.org/semleg/legimaintlex/resource/document/arrete-du-27-juin-1994-relatif-aux-emissions-de-valeurs-du-tresor-au-cours-du-mo-74009eb66477/article/5-JORFTEXT000000365435-34,['Accessibilité handicapés'],['Accessibilité'],1
https://w3id.org/semleg/legimaintlex/resource/document/arrete-du-29-decembre-2016-designant-les-associations-d-usagers-du-systeme-de-sa-28926963c9a5/article/article-JORFTEXT000033825653-383,['Accessibilité handicapés'],['Accessibilité'],1
https://w3id.org/semleg/legimaintlex/resource/document/arrete-du-29-decembre-2016-fixant-la-liste-des-actes-relatifs-a-la-situation-ind-6b280cf90fa5/article/article-JORFTEXT000033736774-387,['Accessibilité handicapés'],['Accessibilité'],1
https://w3id.org/semleg/legimaintlex/resource/document/arrete-du-29-decembre-2016-portant-deconcentration-des-actes-relatifs-a-la-situa-557bfd1d739a/article/article-JORFTEXT000033759410-394,['Accessibilité handicapés'],['Accessibilité'],1
https://w3id.org/semleg/legimaintlex/resource/document/arrete-du-29-decembre-2016-portant-deconcentration-des-actes-relatifs-a-la-situa-557bfd1d739a/article/article-JORFTEXT000033759410-395,['Accessibilité handicapés'],['Accessibilité'],1
https://w3id.org/semleg/legimaintlex/resource/document/arrete-du-29-decembre-2016-portant-deconcentration-des-actes-relatifs-a-la-situa-557bfd1d739a/article/article-JORFTEXT000033759410-396,['Accessibilité handicapés'],['Accessibilité'],1
https://w3id.org/semleg/legimaintlex/resource/document/arrete-du-29-decembre-2016-portant-deconcentration-des-actes-relatifs-a-la-situa-557bfd1d739a/article/article-JORFTEXT000033759410-397,['Accessibilité handicapés'],['Accessibilité'],1
https://w3id.org/semleg/legimaintlex/resource/document/arrete-du-29-decembre-2016-portant-deconcentration-des-actes-relatifs-a-la-situa-557bfd1d739a/article/article-JORFTEXT000033759410-398,['Accessibilité handicapés'],['Accessibilité'],1
https://w3id.org/semleg/legimaintlex/resource/document/arrete-du-29-decembre-2016-portant-deconcentration-des-actes-relatifs-a-la-situa-557bfd1d739a/article/article-JORFTEXT000033759410-399,['Accessibilité handicapés'],['Accessibilité'],1
https://w3id.org/semleg/legimaintlex/resource/document/arrete-du-29-decembre-2016-portant-deconcentration-des-actes-relatifs-a-la-situa-557bfd1d739a/article/article-JORFTEXT000033759410-400,['Accessibilité handicapés'],['Accessibilité'],1
https://w3id.org/semleg/legimaintlex/resource/document/arrete-du-29-decembre-2016-portant-deconcentration-des-actes-relatifs-a-la-situa-557bfd1d739a/article/article-JORFTEXT000033759410-401,['Accessibilité handicapés'],['Accessibilité'],1
https://w3id.org/semleg/legimaintlex/resource/document/arrete-du-29-decembre-2016-portant-deconcentration-des-actes-relatifs-a-la-situa-557bfd1d739a/article/article-JORFTEXT000033759410-402,['Accessibilité handicapés'],['Accessibilité'],1
https://w3id.org/semleg/legimaintlex/resource/document/arrete-du-29-decembre-2016-portant-deconcentration-des-actes-relatifs-a-la-situa-557bfd1d739a/article/article-JORFTEXT000033759410-403,['Accessibilité handicapés'],['Accessibilité'],1
https://w3id.org/semleg/legimaintlex/resource/document/arrete-du-29-decembre-2016-portant-deconcentration-des-actes-relatifs-a-la-situa-557bfd1d739a/article/article-JORFTEXT000033759410-404,['Accessibilité handicapés'],['Accessibilité'],1
https://w3id.org/semleg/legimaintlex/resource/document/arrete-du-29-decembre-2016-portant-deconcentration-des-actes-relatifs-a-la-situa-557bfd1d739a/article/article-JORFTEXT000033759410-405,['Accessibilité handicapés'],['Accessibilité'],1
https://w3id.org/semleg/legimaintlex/resource/document/arrete-du-29-decembre-2016-portant-deconcentration-des-actes-relatifs-a-la-situa-557bfd1d739a/article/article-JORFTEXT000033759410-406,['Accessibilité handicapés'],['Accessibilité'],1
https://w3id.org/semleg/legimaintlex/resource/document/arrete-du-29-decembre-2016-portant-deconcentration-des-actes-relatifs-a-la-situa-557bfd1d739a/article/article-JORFTEXT000033759410-407,['Accessibilité handicapés'],['Accessibilité'],1
https://w3id.org/semleg/legimaintlex/resource/document/arrete-du-29-decembre-2016-portant-deconcentration-des-actes-relatifs-a-la-situa-557bfd1d739a/article/article-JORFTEXT000033759410-408,['Accessibilité handicapés'],['Accessibilité'],1
https://w3id.org/semleg/legimaintlex/resource/document/arrete-du-29-decembre-2016-portant-deconcentration-des-actes-relatifs-a-la-situa-557bfd1d739a/article/article-JORFTEXT000033759410-409,['Accessibilité handicapés'],['Accessibilité'],1
https://w3id.org/semleg/legimaintlex/resource/document/arrete-du-29-decembre-2016-portant-deconcentration-des-actes-relatifs-a-la-situa-557bfd1d739a/article/article-JORFTEXT000033759410-410,['Accessibilité handicapés'],['Accessibilité'],1
https://w3id.org/semleg/legimaintlex/resource/document/arrete-du-29-decembre-2016-portant-deconcentration-des-actes-relatifs-a-la-situa-557bfd1d739a/article/article-JORFTEXT000033759410-411,['Accessibilité handicapés'],['Accessibilité'],1
https://w3id.org/semleg/legimaintlex/resource/document/arrete-du-29-decembre-2016-portant-deconcentration-des-actes-relatifs-a-la-situa-557bfd1d739a/article/article-JORFTEXT000033759410-412,['Accessibilité handicapés'],['Accessibilité'],1
https://w3id.org/semleg/legimaintlex/resource/document/arrete-du-29-decembre-2016-portant-deconcentration-des-actes-relatifs-a-la-situa-557bfd1d739a/article/article-JORFTEXT000033759410-413,['Accessibilité handicapés'],['Accessibilité'],1
https://w3id.org/semleg/legimaintlex/resource/document/arrete-du-29-decembre-2016-portant-deconcentration-des-actes-relatifs-a-la-situa-557bfd1d739a/article/article-JORFTEXT000033759410-414,['Accessibilité handicapés'],['Accessibilité'],1
https://w3id.org/semleg/legimaintlex/resource/document/arrete-du-29-decembre-2016-portant-designation-du-site-natura-2000-grotte-de-sai-0f73b413af5e/article/article-JORFTEXT000033825475-391,['Accessibilité handicapés'],['Accessibilité'],1
https://w3id.org/semleg/legimaintlex/resource/document/arrete-du-29-decembre-2016-portant-designation-du-site-natura-2000-grotte-de-sai-0f73b413af5e/article/article-JORFTEXT000033825475-392,['Accessibilité handicapés'],['Accessibilité'],1
https://w3id.org/semleg/legimaintlex/resource/document/arrete-du-29-decembre-2016-portant-designation-du-site-natura-2000-grotte-de-sai-0f73b413af5e/article/article-JORFTEXT000033825475-393,['Accessibilité handicapés'],['Accessibilité'],1
https://w3id.org/semleg/legimaintlex/resource/document/arrete-du-29-decembre-2016-portant-designation-du-site-natura-2000-lagunes-de-sa-16223e3cc0d7/article/article-JORFTEXT000033825487-415,['Accessibilité handicapés'],['Accessibilité'],1
https://w3id.org/semleg/legimaintlex/resource/document/arrete-du-29-decembre-2016-portant-designation-du-site-natura-2000-lagunes-de-sa-16223e3cc0d7/article/article-JORFTEXT000033825487-416,['Accessibilité handicapés'],['Accessibilité'],1
https://w3id.org/semleg/legimaintlex/resource/document/arrete-du-29-decembre-2016-portant-designation-du-site-natura-2000-lagunes-de-sa-16223e3cc0d7/article/article-JORFTEXT000033825487-417,['Accessibilité handicapés'],['Accessibilité'],1
https://w3id.org/semleg/legimaintlex/resource/document/arrete-du-29-decembre-2016-portant-designation-du-site-natura-2000-massif-du-mon-992f2c5e82ae/article/article-JORFTEXT000033888456-388,['Accessibilité handicapés'],['Accessibilité'],1
https://w3id.org/semleg/legimaintlex/resource/document/arrete-du-29-decembre-2016-portant-designation-du-site-natura-2000-massif-du-mon-992f2c5e82ae/article/article-JORFTEXT000033888456-389,['Accessibilité handicapés'],['Accessibilité'],1
https://w3id.org/semleg/legimaintlex/resource/document/arrete-du-29-decembre-2016-portant-designation-du-site-natura-2000-massif-du-mon-992f2c5e82ae/article/article-JORFTEXT000033888456-390,['Accessibilité handicapés'],['Accessibilité'],1
https://w3id.org/semleg/legimaintlex/resource/document/arrete-du-29-decembre-2016-portant-designation-du-site-natura-2000-pelouses-a-or-125f86f92c48/article/article-JORFTEXT000033825499-384,['Accessibilité handicapés'],['Accessibilité'],1
https://w3id.org/semleg/legimaintlex/resource/document/arrete-du-29-decembre-2016-portant-designation-du-site-natura-2000-pelouses-a-or-125f86f92c48/article/article-JORFTEXT000033825499-385,['Accessibilité handicapés'],['Accessibilité'],1
https://w3id.org/semleg/legimaintlex/resource/document/arrete-du-29-decembre-2016-portant-designation-du-site-natura-2000-pelouses-a-or-125f86f92c48/article/article-JORFTEXT000033825499-386,['Accessibilité handicapés'],['Accessibilité'],1
https://w3id.org/semleg/legimaintlex/resource/document/arrete-du-29-decembre-2016-portant-designation-du-site-natura-2000-vallee-du-cir-a510491ec035/article/article-JORFTEXT000033825481-380,['Accessibilité handicapés'],['Accessibilité'],1
https://w3id.org/semleg/legimaintlex/resource/document/arrete-du-29-decembre-2016-portant-designation-du-site-natura-2000-vallee-du-cir-a510491ec035/article/article-JORFTEXT000033825481-381,['Accessibilité handicapés'],['Accessibilité'],1
https://w3id.org/semleg/legimaintlex/resource/document/arrete-du-29-decembre-2016-portant-designation-du-site-natura-2000-vallee-du-cir-a510491ec035/article/article-JORFTEXT000033825481-382,['Accessibilité handicapés'],['Accessibilité'],1
https://w3id.org/semleg/legimaintlex/resource/document/arrete-du-4-octobre-2010-fixant-l-indemnite-allouee-aux-administrateurs-du-centr-d3c1057ed53d/article/article-JORFTEXT000022955945-376,"['Accessibilité handicapés', ""Équipements sportifs et équipements d'aires collectives de jeux"", 'Portes et portails', 'Formations obligatoires']","['Accessibilité', 'Portes', 'portails']",3
https://w3id.org/semleg/legimaintlex/resource/document/arrete-du-4-octobre-2010-fixant-l-indemnite-allouee-aux-administrateurs-du-centr-d3c1057ed53d/article/article-JORFTEXT000022955945-377,"['Accessibilité handicapés', ""Équipements sportifs et équipements d'aires collectives de jeux"", 'Portes et portails', 'Formations obligatoires']","['Accessibilité', 'Portes', 'portails']",3
https://w3id.org/semleg/legimaintlex/resource/document/arrete-du-4-octobre-2010-fixant-l-indemnite-allouee-aux-administrateurs-du-centr-d3c1057ed53d/article/article-JORFTEXT000022955945-378,"['Accessibilité handicapés', ""Équipements sportifs et équipements d'aires collectives de jeux"", 'Portes et portails', 'Formations obligatoires']","['Accessibilité', 'Portes', 'portails']",3
https://w3id.org/semleg/legimaintlex/resource/document/arrete-du-4-octobre-2010-fixant-l-indemnite-allouee-aux-administrateurs-du-centr-d3c1057ed53d/article/article-JORFTEXT000022955945-379,"['Accessibilité handicapés', ""Équipements sportifs et équipements d'aires collectives de jeux"", 'Portes et portails', 'Formations obligatoires']","['Accessibilité', 'Portes', 'portails']",3
https://w3id.org/semleg/legimaintlex/resource/document/arrete-du-4-octobre-2010-fixant-la-liste-des-unites-territoriales-de-l-etablisse-3c215d420c5b/article/article-JORFTEXT000022964917-375,"['Accessibilité handicapés', ""Équipements sportifs et équipements d'aires collectives de jeux"", 'Portes et portails', 'Formations obligatoires']","['Accessibilité', 'Portes', 'portails']",3
https://w3id.org/semleg/legimaintlex/resource/document/arrete-du-4-octobre-2010-fixant-un-contingent-exprime-en-puissance-et-en-jauge-p-deb2d4e408ca/article/article-JORFTEXT000022913800-373,"['Accessibilité handicapés', ""Équipements sportifs et équipements d'aires collectives de jeux"", 'Portes et portails', 'Formations obligatoires']","['Accessibilité', 'Portes', 'portails']",3
https://w3id.org/semleg/legimaintlex/resource/document/arrete-du-4-octobre-2010-modifiant-l-arrete-du-8-juin-2006-modifie-fixant-les-co-ce48dd864246/article/article-JORFTEXT000022915258-372,"['Accessibilité handicapés', ""Équipements sportifs et équipements d'aires collectives de jeux"", 'Portes et portails', 'Formations obligatoires']","['Accessibilité', 'Portes', 'portails']",3
https://w3id.org/semleg/legimaintlex/resource/document/arrete-du-4-octobre-2010-relatif-a-la-prevention-des-risques-accidentels-au-sein-124c5ab754bb/article/article-JORFTEXT000023081900-374,"['Accessibilité handicapés', ""Équipements sportifs et équipements d'aires collectives de jeux"", 'Portes et portails', 'Formations obligatoires']","['Accessibilité', 'Portes', 'portails']",3
https://w3id.org/semleg/legimaintlex/resource/document/arrete-du-8-decembre-2014-definissant-les-regles-de-bonnes-pratiques-relatives-a-1c09faad898d/article/article-JORFTEXT000029921462-139,['Accessibilité handicapés'],['Accessibilité'],1
https://w3id.org/semleg/legimaintlex/resource/document/arrete-du-8-decembre-2014-definissant-les-regles-de-bonnes-pratiques-relatives-a-1c09faad898d/article/article-JORFTEXT000029921462-140,['Accessibilité handicapés'],['Accessibilité'],1
https://w3id.org/semleg/legimaintlex/resource/document/arrete-du-8-decembre-2014-fixant-les-dispositions-prises-pour-l-application-des-3a0ce1fc1054/article/article-JORFTEXT000029893131-114,['Accessibilité handicapés'],['Accessibilité'],1
https://w3id.org/semleg/legimaintlex/resource/document/arrete-du-8-decembre-2014-fixant-les-dispositions-prises-pour-l-application-des-3a0ce1fc1054/article/article-JORFTEXT000029893131-115,['Accessibilité handicapés'],['Accessibilité'],1
https://w3id.org/semleg/legimaintlex/resource/document/arrete-du-8-decembre-2014-fixant-les-dispositions-prises-pour-l-application-des-3a0ce1fc1054/article/article-JORFTEXT000029893131-116,['Accessibilité handicapés'],['Accessibilité'],1
https://w3id.org/semleg/legimaintlex/resource/document/arrete-du-8-decembre-2014-fixant-les-dispositions-prises-pour-l-application-des-3a0ce1fc1054/article/article-JORFTEXT000029893131-117,['Accessibilité handicapés'],['Accessibilité'],1
https://w3id.org/semleg/legimaintlex/resource/document/arrete-du-8-decembre-2014-fixant-les-dispositions-prises-pour-l-application-des-3a0ce1fc1054/article/article-JORFTEXT000029893131-118,['Accessibilité handicapés'],['Accessibilité'],1
https://w3id.org/semleg/legimaintlex/resource/document/arrete-du-8-decembre-2014-fixant-les-dispositions-prises-pour-l-application-des-3a0ce1fc1054/article/article-JORFTEXT000029893131-119,['Accessibilité handicapés'],['Accessibilité'],1
https://w3id.org/semleg/legimaintlex/resource/document/arrete-du-8-decembre-2014-fixant-les-dispositions-prises-pour-l-application-des-3a0ce1fc1054/article/article-JORFTEXT000029893131-120,['Accessibilité handicapés'],['Accessibilité'],1
https://w3id.org/semleg/legimaintlex/resource/document/arrete-du-8-decembre-2014-fixant-les-dispositions-prises-pour-l-application-des-3a0ce1fc1054/article/article-JORFTEXT000029893131-121,['Accessibilité handicapés'],['Accessibilité'],1
https://w3id.org/semleg/legimaintlex/resource/document/arrete-du-8-decembre-2014-fixant-les-dispositions-prises-pour-l-application-des-3a0ce1fc1054/article/article-JORFTEXT000029893131-122,['Accessibilité handicapés'],['Accessibilité'],1
https://w3id.org/semleg/legimaintlex/resource/document/arrete-du-8-decembre-2014-fixant-les-dispositions-prises-pour-l-application-des-3a0ce1fc1054/article/article-JORFTEXT000029893131-123,['Accessibilité handicapés'],['Accessibilité'],1
https://w3id.org/semleg/legimaintlex/resource/document/arrete-du-8-decembre-2014-fixant-les-dispositions-prises-pour-l-application-des-3a0ce1fc1054/article/article-JORFTEXT000029893131-124,['Accessibilité handicapés'],['Accessibilité'],1
https://w3id.org/semleg/legimaintlex/resource/document/arrete-du-8-decembre-2014-fixant-les-dispositions-prises-pour-l-application-des-3a0ce1fc1054/article/article-JORFTEXT000029893131-125,['Accessibilité handicapés'],['Accessibilité'],1
https://w3id.org/semleg/legimaintlex/resource/document/arrete-du-8-decembre-2014-fixant-les-dispositions-prises-pour-l-application-des-3a0ce1fc1054/article/article-JORFTEXT000029893131-126,['Accessibilité handicapés'],['Accessibilité'],1
https://w3id.org/semleg/legimaintlex/resource/document/arrete-du-8-decembre-2014-fixant-les-dispositions-prises-pour-l-application-des-3a0ce1fc1054/article/article-JORFTEXT000029893131-127,['Accessibilité handicapés'],['Accessibilité'],1
https://w3id.org/semleg/legimaintlex/resource/document/arrete-du-8-decembre-2014-fixant-les-dispositions-prises-pour-l-application-des-3a0ce1fc1054/article/article-JORFTEXT000029893131-128,['Accessibilité handicapés'],['Accessibilité'],1
https://w3id.org/semleg/legimaintlex/resource/document/arrete-du-8-decembre-2014-fixant-les-dispositions-prises-pour-l-application-des-3a0ce1fc1054/article/article-JORFTEXT000029893131-129,['Accessibilité handicapés'],['Accessibilité'],1
https://w3id.org/semleg/legimaintlex/resource/document/arrete-du-8-decembre-2014-fixant-les-dispositions-prises-pour-l-application-des-3a0ce1fc1054/article/article-JORFTEXT000029893131-130,['Accessibilité handicapés'],['Accessibilité'],1
https://w3id.org/semleg/legimaintlex/resource/document/arrete-du-8-decembre-2014-fixant-les-dispositions-prises-pour-l-application-des-3a0ce1fc1054/article/article-JORFTEXT000029893131-131,['Accessibilité handicapés'],['Accessibilité'],1
https://w3id.org/semleg/legimaintlex/resource/document/arrete-du-8-decembre-2014-fixant-les-dispositions-prises-pour-l-application-des-3a0ce1fc1054/article/article-JORFTEXT000029893131-132,['Accessibilité handicapés'],['Accessibilité'],1
https://w3id.org/semleg/legimaintlex/resource/document/arrete-du-8-decembre-2014-fixant-les-dispositions-prises-pour-l-application-des-3a0ce1fc1054/article/article-JORFTEXT000029893131-133,['Accessibilité handicapés'],['Accessibilité'],1
https://w3id.org/semleg/legimaintlex/resource/document/arrete-du-8-decembre-2014-fixant-les-dispositions-prises-pour-l-application-des-3a0ce1fc1054/article/article-JORFTEXT000029893131-134,['Accessibilité handicapés'],['Accessibilité'],1
https://w3id.org/semleg/legimaintlex/resource/document/arrete-du-8-decembre-2014-fixant-les-dispositions-prises-pour-l-application-des-3a0ce1fc1054/article/article-JORFTEXT000029893131-135,['Accessibilité handicapés'],['Accessibilité'],1
https://w3id.org/semleg/legimaintlex/resource/document/arrete-du-8-decembre-2014-modifiant-l-arrete-du-29-novembre-2001-fixant-la-liste-8bb1e0e33ef8/article/article-JORFTEXT000029917452-110,['Accessibilité handicapés'],['Accessibilité'],1
https://w3id.org/semleg/legimaintlex/resource/document/arrete-du-8-decembre-2014-portant-abrogation-de-diverses-mesures-relatives-aux-t-d5b75c04268e/article/article-JORFTEXT000029914093-141,['Accessibilité handicapés'],['Accessibilité'],1
https://w3id.org/semleg/legimaintlex/resource/document/arrete-du-8-decembre-2014-portant-abrogation-de-l-arrete-du-14-fevrier-2005-rela-732215f63888/article/article-JORFTEXT000029958808-142,['Accessibilité handicapés'],['Accessibilité'],1
https://w3id.org/semleg/legimaintlex/resource/document/arrete-du-8-decembre-2014-relatif-au-titre-professionnel-d-agent-e-technique-de-30f2e2a35ae4/article/article-JORFTEXT000029958787-111,['Accessibilité handicapés'],['Accessibilité'],1
https://w3id.org/semleg/legimaintlex/resource/document/arrete-du-8-decembre-2014-relatif-au-titre-professionnel-d-agent-e-technique-de-30f2e2a35ae4/article/article-JORFTEXT000029958787-112,['Accessibilité handicapés'],['Accessibilité'],1
https://w3id.org/semleg/legimaintlex/resource/document/arrete-du-8-decembre-2014-relatif-au-titre-professionnel-d-agent-e-technique-de-30f2e2a35ae4/article/article-JORFTEXT000029958787-113,['Accessibilité handicapés'],['Accessibilité'],1
https://w3id.org/semleg/legimaintlex/resource/document/arrete-du-8-decembre-2014-relatif-au-titre-professionnel-de-technicien-ne-de-tra-c9e8b9c1a19d/article/article-JORFTEXT000030160662-136,['Accessibilité handicapés'],['Accessibilité'],1
https://w3id.org/semleg/legimaintlex/resource/document/arrete-du-8-decembre-2014-relatif-au-titre-professionnel-de-technicien-ne-de-tra-c9e8b9c1a19d/article/article-JORFTEXT000030160662-137,['Accessibilité handicapés'],['Accessibilité'],1
https://w3id.org/semleg/legimaintlex/resource/document/arrete-du-8-decembre-2014-relatif-au-titre-professionnel-de-technicien-ne-de-tra-c9e8b9c1a19d/article/article-JORFTEXT000030160662-138,['Accessibilité handicapés'],['Accessibilité'],1
https://w3id.org/semleg/legimaintlex/resource/document/code-de-la-construction-et-de-l-habitation-6c75c541a386/article/D111-19-34-LEGIARTI000029711509-154,['Accessibilité handicapés'],['Accessibilité'],1
https://w3id.org/semleg/legimaintlex/resource/document/code-de-la-construction-et-de-l-habitation-6c75c541a386/article/D111-19-35-LEGIARTI000029711511-155,['Accessibilité handicapés'],['Accessibilité'],1
https://w3id.org/semleg/legimaintlex/resource/document/code-de-la-construction-et-de-l-habitation-6c75c541a386/article/D111-19-45-LEGIARTI000029711539-165,['Accessibilité handicapés'],['Accessibilité'],1
https://w3id.org/semleg/legimaintlex/resource/document/code-de-la-construction-et-de-l-habitation-6c75c541a386/article/D111-19-46-LEGIARTI000029711541-166,['Accessibilité handicapés'],['Accessibilité'],1
https://w3id.org/semleg/legimaintlex/resource/document/code-de-la-construction-et-de-l-habitation-6c75c541a386/article/D111-19-46-LEGIARTI000039636138-168,['Accessibilité handicapés'],['Accessibilité'],1
https://w3id.org/semleg/legimaintlex/resource/document/code-de-la-construction-et-de-l-habitation-6c75c541a386/article/L111-7-1-LEGIARTI000033974444-40,['Accessibilité handicapés'],['Accessibilité'],1
https://w3id.org/semleg/legimaintlex/resource/document/code-de-la-construction-et-de-l-habitation-6c75c541a386/article/L111-7-10-LEGIARTI000037994918-148,['Accessibilité handicapés'],['Accessibilité'],1
https://w3id.org/semleg/legimaintlex/resource/document/code-de-la-construction-et-de-l-habitation-6c75c541a386/article/L111-7-11-LEGIARTI000037994908-149,['Accessibilité handicapés'],['Accessibilité'],1
https://w3id.org/semleg/legimaintlex/resource/document/code-de-la-construction-et-de-l-habitation-6c75c541a386/article/L111-7-12-LEGIARTI000039784302-150,['Accessibilité handicapés'],['Accessibilité'],1
https://w3id.org/semleg/legimaintlex/resource/document/code-de-la-construction-et-de-l-habitation-6c75c541a386/article/L111-7-2-LEGIARTI000006824134-347,['Accessibilité handicapés'],['Accessibilité'],1
https://w3id.org/semleg/legimaintlex/resource/document/code-de-la-construction-et-de-l-habitation-6c75c541a386/article/L111-7-3-LEGIARTI000030978438-104,['Accessibilité handicapés'],['Accessibilité'],1
https://w3id.org/semleg/legimaintlex/resource/document/code-de-la-construction-et-de-l-habitation-6c75c541a386/article/L111-7-4-LEGIARTI000006824138-169,['Accessibilité handicapés'],['Accessibilité'],1
https://w3id.org/semleg/legimaintlex/resource/document/code-de-la-construction-et-de-l-habitation-6c75c541a386/article/L111-7-5-LEGIARTI000029506660-143,['Accessibilité handicapés'],['Accessibilité'],1
https://w3id.org/semleg/legimaintlex/resource/document/code-de-la-construction-et-de-l-habitation-6c75c541a386/article/L111-7-6-LEGIARTI000030978378-144,['Accessibilité handicapés'],['Accessibilité'],1
https://w3id.org/semleg/legimaintlex/resource/document/code-de-la-construction-et-de-l-habitation-6c75c541a386/article/L111-7-7-LEGIARTI000030978375-145,['Accessibilité handicapés'],['Accessibilité'],1
https://w3id.org/semleg/legimaintlex/resource/document/code-de-la-construction-et-de-l-habitation-6c75c541a386/article/L111-7-8-LEGIARTI000030978372-146,['Accessibilité handicapés'],['Accessibilité'],1
https://w3id.org/semleg/legimaintlex/resource/document/code-de-la-construction-et-de-l-habitation-6c75c541a386/article/L111-7-9-LEGIARTI000029506668-147,['Accessibilité handicapés'],['Accessibilité'],1
https://w3id.org/semleg/legimaintlex/resource/document/code-de-la-construction-et-de-l-habitation-6c75c541a386/article/L111-7-LEGIARTI000029522088-0,['Accessibilité handicapés'],['Accessibilité'],1
https://w3id.org/semleg/legimaintlex/resource/document/code-de-la-construction-et-de-l-habitation-6c75c541a386/article/L125-5-LEGIARTI000041587796-3494,['Portes et portails'],"['Portes', 'portails']",2
https://w3id.org/semleg/legimaintlex/resource/document/code-de-la-construction-et-de-l-habitation-6c75c541a386/article/R111-18-1-LEGIARTI000039041357-262,['Accessibilité handicapés'],['Accessibilité'],1
https://w3id.org/semleg/legimaintlex/resource/document/code-de-la-construction-et-de-l-habitation-6c75c541a386/article/R111-18-10-LEGIARTI000039041273-350,['Accessibilité handicapés'],['Accessibilité'],1
https://w3id.org/semleg/legimaintlex/resource/document/code-de-la-construction-et-de-l-habitation-6c75c541a386/article/R111-18-11-LEGIARTI000039041260-351,['Accessibilité handicapés'],['Accessibilité'],1
https://w3id.org/semleg/legimaintlex/resource/document/code-de-la-construction-et-de-l-habitation-6c75c541a386/article/R111-18-2-LEGIARTI000039041344-263,['Accessibilité handicapés'],['Accessibilité'],1
https://w3id.org/semleg/legimaintlex/resource/document/code-de-la-construction-et-de-l-habitation-6c75c541a386/article/R111-18-3-LEGIARTI000039041337-264,['Accessibilité handicapés'],['Accessibilité'],1
https://w3id.org/semleg/legimaintlex/resource/document/code-de-la-construction-et-de-l-habitation-6c75c541a386/article/R111-18-4-LEGIARTI000039041331-265,['Accessibilité handicapés'],['Accessibilité'],1
https://w3id.org/semleg/legimaintlex/resource/document/code-de-la-construction-et-de-l-habitation-6c75c541a386/article/R111-18-5-LEGIARTI000039041325-266,['Accessibilité handicapés'],['Accessibilité'],1
https://w3id.org/semleg/legimaintlex/resource/document/code-de-la-construction-et-de-l-habitation-6c75c541a386/article/R111-18-6-LEGIARTI000039041316-267,['Accessibilité handicapés'],['Accessibilité'],1
https://w3id.org/semleg/legimaintlex/resource/document/code-de-la-construction-et-de-l-habitation-6c75c541a386/article/R111-18-7-LEGIARTI000039041313-268,['Accessibilité handicapés'],['Accessibilité'],1
https://w3id.org/semleg/legimaintlex/resource/document/code-de-la-construction-et-de-l-habitation-6c75c541a386/article/R111-18-8-LEGIARTI000039041305-348,['Accessibilité handicapés'],['Accessibilité'],1
https://w3id.org/semleg/legimaintlex/resource/document/code-de-la-construction-et-de-l-habitation-6c75c541a386/article/R111-18-9-LEGIARTI000039041293-349,['Accessibilité handicapés'],['Accessibilité'],1
https://w3id.org/semleg/legimaintlex/resource/document/code-de-la-construction-et-de-l-habitation-6c75c541a386/article/R111-18-LEGIARTI000039041363-261,['Accessibilité handicapés'],['Accessibilité'],1
https://w3id.org/semleg/legimaintlex/resource/document/code-de-la-construction-et-de-l-habitation-6c75c541a386/article/R111-19-1-LEGIARTI000039041256-42,['Accessibilité handicapés'],['Accessibilité'],1
https://w3id.org/semleg/legimaintlex/resource/document/code-de-la-construction-et-de-l-habitation-6c75c541a386/article/R111-19-10-LEGIARTI000039633734-108,['Accessibilité handicapés'],['Accessibilité'],1
https://w3id.org/semleg/legimaintlex/resource/document/code-de-la-construction-et-de-l-habitation-6c75c541a386/article/R111-19-11-LEGIARTI000039041228-109,['Accessibilité handicapés'],['Accessibilité'],1
https://w3id.org/semleg/legimaintlex/resource/document/code-de-la-construction-et-de-l-habitation-6c75c541a386/article/R111-19-2-LEGIARTI000039041253-43,['Accessibilité handicapés'],['Accessibilité'],1
https://w3id.org/semleg/legimaintlex/resource/document/code-de-la-construction-et-de-l-habitation-6c75c541a386/article/R111-19-27-LEGIARTI000006895971-170,['Accessibilité handicapés'],['Accessibilité'],1
https://w3id.org/semleg/legimaintlex/resource/document/code-de-la-construction-et-de-l-habitation-6c75c541a386/article/R111-19-3-LEGIARTI000039041250-44,['Accessibilité handicapés'],['Accessibilité'],1
https://w3id.org/semleg/legimaintlex/resource/document/code-de-la-construction-et-de-l-habitation-6c75c541a386/article/R111-19-31-LEGIARTI000029711499-151,['Accessibilité handicapés'],['Accessibilité'],1
https://w3id.org/semleg/legimaintlex/resource/document/code-de-la-construction-et-de-l-habitation-6c75c541a386/article/R111-19-32-LEGIARTI000029711501-152,['Accessibilité handicapés'],['Accessibilité'],1
https://w3id.org/semleg/legimaintlex/resource/document/code-de-la-construction-et-de-l-habitation-6c75c541a386/article/R111-19-33-LEGIARTI000029711505-153,['Accessibilité handicapés'],['Accessibilité'],1
https://w3id.org/semleg/legimaintlex/resource/document/code-de-la-construction-et-de-l-habitation-6c75c541a386/article/R111-19-36-LEGIARTI000029711515-156,['Accessibilité handicapés'],['Accessibilité'],1
https://w3id.org/semleg/legimaintlex/resource/document/code-de-la-construction-et-de-l-habitation-6c75c541a386/article/R111-19-37-LEGIARTI000029711517-157,['Accessibilité handicapés'],['Accessibilité'],1
https://w3id.org/semleg/legimaintlex/resource/document/code-de-la-construction-et-de-l-habitation-6c75c541a386/article/R111-19-38-LEGIARTI000029711521-158,['Accessibilité handicapés'],['Accessibilité'],1
https://w3id.org/semleg/legimaintlex/resource/document/code-de-la-construction-et-de-l-habitation-6c75c541a386/article/R111-19-39-LEGIARTI000029711523-159,['Accessibilité handicapés'],['Accessibilité'],1
https://w3id.org/semleg/legimaintlex/resource/document/code-de-la-construction-et-de-l-habitation-6c75c541a386/article/R111-19-4-LEGIARTI000039041247-45,['Accessibilité handicapés'],['Accessibilité'],1
https://w3id.org/semleg/legimaintlex/resource/document/code-de-la-construction-et-de-l-habitation-6c75c541a386/article/R111-19-40-LEGIARTI000029711525-160,['Accessibilité handicapés'],['Accessibilité'],1
https://w3id.org/semleg/legimaintlex/resource/document/code-de-la-construction-et-de-l-habitation-6c75c541a386/article/R111-19-41-LEGIARTI000029711527-161,['Accessibilité handicapés'],['Accessibilité'],1
https://w3id.org/semleg/legimaintlex/resource/document/code-de-la-construction-et-de-l-habitation-6c75c541a386/article/R111-19-42-LEGIARTI000029711531-162,['Accessibilité handicapés'],['Accessibilité'],1
https://w3id.org/semleg/legimaintlex/resource/document/code-de-la-construction-et-de-l-habitation-6c75c541a386/article/R111-19-43-LEGIARTI000029711533-163,['Accessibilité handicapés'],['Accessibilité'],1
https://w3id.org/semleg/legimaintlex/resource/document/code-de-la-construction-et-de-l-habitation-6c75c541a386/article/R111-19-44-LEGIARTI000029711535-164,['Accessibilité handicapés'],['Accessibilité'],1
https://w3id.org/semleg/legimaintlex/resource/document/code-de-la-construction-et-de-l-habitation-6c75c541a386/article/R111-19-47-LEGIARTI000029711545-167,['Accessibilité handicapés'],['Accessibilité'],1
https://w3id.org/semleg/legimaintlex/resource/document/code-de-la-construction-et-de-l-habitation-6c75c541a386/article/R111-19-60-LEGIARTI000039047437-219,['Accessibilité handicapés'],['Accessibilité'],1
https://w3id.org/semleg/legimaintlex/resource/document/code-de-la-construction-et-de-l-habitation-6c75c541a386/article/R111-19-7-LEGIARTI000034313261-105,['Accessibilité handicapés'],['Accessibilité'],1
https://w3id.org/semleg/legimaintlex/resource/document/code-de-la-construction-et-de-l-habitation-6c75c541a386/article/R111-19-8-LEGIARTI000039041237-106,['Accessibilité handicapés'],['Accessibilité'],1
https://w3id.org/semleg/legimaintlex/resource/document/code-de-la-construction-et-de-l-habitation-6c75c541a386/article/R111-19-9-LEGIARTI000039041232-107,['Accessibilité handicapés'],['Accessibilité'],1
https://w3id.org/semleg/legimaintlex/resource/document/code-de-la-construction-et-de-l-habitation-6c75c541a386/article/R111-19-LEGIARTI000029714009-41,['Accessibilité handicapés'],['Accessibilité'],1
https://w3id.org/semleg/legimaintlex/resource/document/code-de-la-construction-et-de-l-habitation-6c75c541a386/article/R123-22-LEGIARTI000036017764-187,['Accessibilité handicapés'],['Accessibilité'],1
https://w3id.org/semleg/legimaintlex/resource/document/code-de-la-construction-et-de-l-habitation-6c75c541a386/article/R125-5-LEGIARTI000043818513-3495,['Portes et portails'],"['Portes', 'portails']",2
https://w3id.org/semleg/legimaintlex/resource/document/code-des-transports-4989f33fb474/article/D1112-1-LEGIARTI000031212993-420,['Accessibilité handicapés'],['Accessibilité'],1
https://w3id.org/semleg/legimaintlex/resource/document/code-des-transports-4989f33fb474/article/D1112-10-LEGIARTI000029712714-430,['Accessibilité handicapés'],['Accessibilité'],1
https://w3id.org/semleg/legimaintlex/resource/document/code-des-transports-4989f33fb474/article/D1112-11-LEGIARTI000042229889-431,['Accessibilité handicapés'],['Accessibilité'],1
https://w3id.org/semleg/legimaintlex/resource/document/code-des-transports-4989f33fb474/article/D1112-12-LEGIARTI000029712718-432,['Accessibilité handicapés'],['Accessibilité'],1
https://w3id.org/semleg/legimaintlex/resource/document/code-des-transports-4989f33fb474/article/D1112-13-LEGIARTI000029712720-433,['Accessibilité handicapés'],['Accessibilité'],1
https://w3id.org/semleg/legimaintlex/resource/document/code-des-transports-4989f33fb474/article/D1112-14-LEGIARTI000029712722-434,['Accessibilité handicapés'],['Accessibilité'],1
https://w3id.org/semleg/legimaintlex/resource/document/code-des-transports-4989f33fb474/article/D1112-15-LEGIARTI000029712724-435,['Accessibilité handicapés'],['Accessibilité'],1
https://w3id.org/semleg/legimaintlex/resource/document/code-des-transports-4989f33fb474/article/D1112-2-LEGIARTI000033551952-421,['Accessibilité handicapés'],['Accessibilité'],1
https://w3id.org/semleg/legimaintlex/resource/document/code-des-transports-4989f33fb474/article/D1112-3-LEGIARTI000029720781-422,['Accessibilité handicapés'],['Accessibilité'],1
https://w3id.org/semleg/legimaintlex/resource/document/code-des-transports-4989f33fb474/article/D1112-4-LEGIARTI000029720820-423,['Accessibilité handicapés'],['Accessibilité'],1
https://w3id.org/semleg/legimaintlex/resource/document/code-des-transports-4989f33fb474/article/D1112-5-LEGIARTI000029720792-424,['Accessibilité handicapés'],['Accessibilité'],1
https://w3id.org/semleg/legimaintlex/resource/document/code-des-transports-4989f33fb474/article/D1112-6-LEGIARTI000029720765-425,['Accessibilité handicapés'],['Accessibilité'],1
https://w3id.org/semleg/legimaintlex/resource/document/code-des-transports-4989f33fb474/article/D1112-7-LEGIARTI000029720811-426,['Accessibilité handicapés'],['Accessibilité'],1
https://w3id.org/semleg/legimaintlex/resource/document/code-des-transports-4989f33fb474/article/D1112-8-LEGIARTI000043841263-428,['Accessibilité handicapés'],['Accessibilité'],1
https://w3id.org/semleg/legimaintlex/resource/document/code-des-transports-4989f33fb474/article/D1112-9-LEGIARTI000029712712-429,['Accessibilité handicapés'],['Accessibilité'],1
https://w3id.org/semleg/legimaintlex/resource/document/code-des-transports-4989f33fb474/article/L1112-1-LEGIARTI000047293269-418,['Accessibilité handicapés'],['Accessibilité'],1
https://w3id.org/semleg/legimaintlex/resource/document/code-des-transports-4989f33fb474/article/L1112-2-1-LEGIARTI000031020974-436,['Accessibilité handicapés'],['Accessibilité'],1
https://w3id.org/semleg/legimaintlex/resource/document/code-des-transports-4989f33fb474/article/L1112-2-2-LEGIARTI000029507765-437,['Accessibilité handicapés'],['Accessibilité'],1
https://w3id.org/semleg/legimaintlex/resource/document/code-des-transports-4989f33fb474/article/L1112-2-3-LEGIARTI000030978385-438,['Accessibilité handicapés'],['Accessibilité'],1
https://w3id.org/semleg/legimaintlex/resource/document/code-des-transports-4989f33fb474/article/L1112-2-4-LEGIARTI000039784170-439,['Accessibilité handicapés'],['Accessibilité'],1
https://w3id.org/semleg/legimaintlex/resource/document/code-des-transports-4989f33fb474/article/L1112-3-LEGIARTI000029522165-419,['Accessibilité handicapés'],['Accessibilité'],1
https://w3id.org/semleg/legimaintlex/resource/document/code-des-transports-4989f33fb474/article/L1112-4-LEGIARTI000039784149-427,['Accessibilité handicapés'],['Accessibilité'],1
https://w3id.org/semleg/legimaintlex/resource/document/code-des-transports-4989f33fb474/article/L3111-7-1-LEGIARTI000030978511-452,['Accessibilité handicapés'],['Accessibilité'],1
https://w3id.org/semleg/legimaintlex/resource/document/code-des-transports-4989f33fb474/article/R1112-11-LEGIARTI000032479223-440,['Accessibilité handicapés'],['Accessibilité'],1
https://w3id.org/semleg/legimaintlex/resource/document/code-des-transports-4989f33fb474/article/R1112-12-LEGIARTI000032479218-441,['Accessibilité handicapés'],['Accessibilité'],1
https://w3id.org/semleg/legimaintlex/resource/document/code-des-transports-4989f33fb474/article/R1112-13-LEGIARTI000043841253-442,['Accessibilité handicapés'],['Accessibilité'],1
https://w3id.org/semleg/legimaintlex/resource/document/code-des-transports-4989f33fb474/article/R1112-14-LEGIARTI000029711363-443,['Accessibilité handicapés'],['Accessibilité'],1
https://w3id.org/semleg/legimaintlex/resource/document/code-des-transports-4989f33fb474/article/R1112-15-LEGIARTI000029711366-444,['Accessibilité handicapés'],['Accessibilité'],1
https://w3id.org/semleg/legimaintlex/resource/document/code-des-transports-4989f33fb474/article/R1112-16-LEGIARTI000043841245-445,['Accessibilité handicapés'],['Accessibilité'],1
https://w3id.org/semleg/legimaintlex/resource/document/code-des-transports-4989f33fb474/article/R1112-17-LEGIARTI000032479200-446,['Accessibilité handicapés'],['Accessibilité'],1
https://w3id.org/semleg/legimaintlex/resource/document/code-des-transports-4989f33fb474/article/R1112-18-LEGIARTI000029711375-447,['Accessibilité handicapés'],['Accessibilité'],1
https://w3id.org/semleg/legimaintlex/resource/document/code-des-transports-4989f33fb474/article/R1112-19-LEGIARTI000029711379-448,['Accessibilité handicapés'],['Accessibilité'],1
https://w3id.org/semleg/legimaintlex/resource/document/code-des-transports-4989f33fb474/article/R1112-20-LEGIARTI000029711381-449,['Accessibilité handicapés'],['Accessibilité'],1
https://w3id.org/semleg/legimaintlex/resource/document/code-des-transports-4989f33fb474/article/R1112-21-LEGIARTI000029711383-450,['Accessibilité handicapés'],['Accessibilité'],1
https://w3id.org/semleg/legimaintlex/resource/document/code-des-transports-4989f33fb474/article/R1112-22-LEGIARTI000032479195-451,['Accessibilité handicapés'],['Accessibilité'],1
https://w3id.org/semleg/legimaintlex/resource/document/code-du-travail-857511c7b652/article/R4214-26-LEGIARTI000021188877-1,['Accessibilité handicapés'],['Accessibilité'],1
https://w3id.org/semleg/legimaintlex/resource/document/code-du-travail-857511c7b652/article/R4214-27-LEGIARTI000024247614-2,['Accessibilité handicapés'],['Accessibilité'],1
https://w3id.org/semleg/legimaintlex/resource/document/code-du-travail-857511c7b652/article/R4214-28-LEGIARTI000024769364-3,['Accessibilité handicapés'],['Accessibilité'],1
https://w3id.org/semleg/legimaintlex/resource/document/code-du-travail-857511c7b652/article/R4224-12-LEGIARTI000018532211-3511,['Portes et portails'],"['Portes', 'portails']",2
https://w3id.org/semleg/legimaintlex/resource/document/code-du-travail-857511c7b652/article/R4225-6-LEGIARTI000018532157-37,['Accessibilité handicapés'],['Accessibilité'],1
https://w3id.org/semleg/legimaintlex/resource/document/code-du-travail-857511c7b652/article/R4225-7-LEGIARTI000021188882-38,['Accessibilité handicapés'],['Accessibilité'],1
https://w3id.org/semleg/legimaintlex/resource/document/code-du-travail-857511c7b652/article/R4225-8-LEGIARTI000021188884-39,['Accessibilité handicapés'],['Accessibilité'],1
